{"type":"FeatureCollection","features":[{"type":"Feature","id":1121954,"geometry":{"type":"Polygon","coordinates":[[[32.886920440999972,35.101576645000023],[32.886884614999985,35.101860724999995],[32.886835786999995,35.101911777999987],[32.886724927999978,35.101855489999991],[32.886714760000018,35.101808409],[32.886399584999992,35.101514380000026],[32.886336312000026,35.101410928000007],[32.886280208000017,35.101319253999975],[32.886249711999994,35.101192482999977],[32.886264341000015,35.101041698000017],[32.886322241000016,35.100901007999994],[32.886331558999984,35.100771533999989],[32.88625932299999,35.10068019800002],[32.886197493999987,35.100583218999986],[32.886045667000019,35.100145782000027],[32.885956147999991,35.100043008],[32.885838702000001,35.099985656999991],[32.885539402999996,35.099933376000024],[32.885407653000016,35.099962801000004],[32.885326279000026,35.099958225000023],[32.885252051999998,35.099913860000015],[32.885213186999977,35.099731560000009],[32.885208589999991,35.099616272999981],[32.88522640299999,35.099520992000009],[32.885296217000018,35.099420187000021],[32.885913124000012,35.099002559999974],[32.88598983899999,35.098900372999992],[32.886037210999973,35.098783844000025],[32.886055087999978,35.098677182000017],[32.886057825000023,35.098487920000025],[32.886027274000014,35.098399617999974],[32.886026829999992,35.098399640000025],[32.886013126000023,35.098360028999991],[32.885937743,35.098206049999987],[32.885776094999983,35.097990604000017],[32.885665893000009,35.097876351000025],[32.885183294000001,35.097444876999987],[32.885110836000024,35.097396231000005],[32.884690886999977,35.097239618000003],[32.884576502000016,35.09725914400002],[32.88425782600001,35.097270808000019],[32.883844216999989,35.097226646000024],[32.883614233999992,35.097164647],[32.883584899000027,35.097144613000012],[32.883509554,35.096984960999976],[32.88339900699998,35.096933325999998],[32.883160255999996,35.096895490000009],[32.883073962000026,35.096839670999998],[32.882871208999973,35.096871684000007],[32.882807131999982,35.09687003800002],[32.882694942000001,35.096802734999983],[32.882507974000021,35.096794966000004],[32.882288588999984,35.096695973999999],[32.882015127999978,35.096672241000022],[32.882066963999989,35.096514434000028],[32.882065828999998,35.096509819000005],[32.882039824999993,35.096507230999975],[32.881935161000001,35.096633344999987],[32.881792127999972,35.096851060999995],[32.881720316999974,35.097015048000003],[32.881715638000003,35.097075238000002],[32.881630643999983,35.097206336999989],[32.881554827000002,35.097260823999989],[32.881505403999995,35.097391997999978],[32.881353939000007,35.097466300999997],[32.881240718000015,35.09760011100002],[32.881134798000005,35.097721861000025],[32.881120657999986,35.097823167000001],[32.881068923999976,35.097990733000017],[32.880979232000016,35.098209184999973],[32.880943903999992,35.098286298999994],[32.880746627000008,35.098329873000012],[32.880671323000001,35.098455036000018],[32.880659380999987,35.098517701999981],[32.880676642000026,35.098609827000018],[32.88063099499999,35.098675712999977],[32.880325543000026,35.098691335000012],[32.880301529999997,35.098772799000017],[32.880237442000009,35.098925427999973],[32.880109346999973,35.099173427999972],[32.879993108000008,35.09925443100002],[32.879731725999989,35.099330518999977],[32.879394886,35.099392216000012],[32.879203168000004,35.099473144000001],[32.879052161999994,35.099506394999992],[32.878930313000012,35.099453783999991],[32.878884120000009,35.099281958999995],[32.878820522000012,35.099100571999998],[32.878681418999975,35.098938196999995],[32.878459459999988,35.098786749999988],[32.878231922999987,35.098622816999978],[32.877978214999985,35.098419766000006],[32.877797073000011,35.098222753000016],[32.877492619000009,35.097983861999978],[32.877043199000013,35.097625532999984],[32.876753236000013,35.097404550000022],[32.876542936000021,35.097296974000017],[32.876426763999973,35.097332643000016],[32.876325053000016,35.097404114000028],[32.876143465999974,35.097505325999975],[32.875952169000016,35.097535681000011],[32.875848218999977,35.097466713000017],[32.875729390999993,35.097385863999989],[32.875519756000017,35.097184552999977],[32.875328088999993,35.097027867999998],[32.875121764000028,35.096982695000008],[32.874934915999972,35.097052513999984],[32.874569383999983,35.097191043000009],[32.874491009999986,35.097326310000028],[32.87429202200002,35.097352643000022],[32.874185873999977,35.097615759000007],[32.874123230000009,35.097610061000012],[32.87398263099999,35.097514559999979],[32.873727099000007,35.097544917999983],[32.873527734999982,35.097782747999986],[32.873363432000019,35.097720347999996],[32.873284307000006,35.097540173000027],[32.873047908999979,35.097031994000019],[32.872899451000023,35.096817523000027],[32.87278951899998,35.096451334999983],[32.872748218000027,35.096385994000002],[32.872575257999983,35.096292687000016],[32.872341442999982,35.096131022000009],[32.872236500999975,35.095984337999994],[32.872187930999985,35.095897144999981],[32.872156479000012,35.095770974999994],[32.872154346999992,35.095643702000018],[32.872187935999989,35.095450540999991],[32.872237191000011,35.095251511000015],[32.872311949999983,35.095024874999979],[32.872456994000004,35.094645990000004],[32.872142882999981,35.09445175899998],[32.872123443000021,35.09440689600001],[32.871923283000001,35.094439521000027],[32.871731515000022,35.094295853999995],[32.871523926000009,35.094105646000003],[32.871401944000013,35.093993888999989],[32.870276513000022,35.093863677999991],[32.870120999999983,35.093681521999997],[32.870106623000027,35.09350493300002],[32.869844105000027,35.093251771999974],[32.870094370000004,35.092934918000026],[32.870085459999984,35.092881929999976],[32.869076328999995,35.092807605000019],[32.868923793000022,35.092843688000016],[32.868320503000007,35.092986392],[32.868167694000022,35.092872349999993],[32.867751601999998,35.092484351999985],[32.867512671999975,35.092261561999976],[32.867427591000023,35.092052921000004],[32.867283672999974,35.09179962799999],[32.866924143999995,35.091734425000027],[32.866970911999999,35.091829030999975],[32.866616011000019,35.091844384000012],[32.866541919999975,35.091799675000004],[32.866056561999983,35.091567340999973],[32.865932149000002,35.091450217999977],[32.865239187999975,35.091486546999988],[32.865050569999994,35.091377507999994],[32.864952104999986,35.091454919],[32.864810313000021,35.091432172999987],[32.86441136000002,35.091469569000026],[32.864274389999991,35.091177424000023],[32.863798492000001,35.090456263000021],[32.863301542999977,35.090493290999973],[32.863023404999979,35.090678351000008],[32.862627904000021,35.090701878000004],[32.862469678000025,35.09059019],[32.862371268999993,35.090662044999988],[32.862049855000009,35.090730283000028],[32.861985252000011,35.090805031000002],[32.861984810000024,35.090882804999978],[32.86200726300001,35.091099532999976],[32.862041686999987,35.091596847000005],[32.861935483000025,35.091860304000022],[32.861742073000016,35.091998464000028],[32.861532403000012,35.092028223],[32.86143608399999,35.09203065600002],[32.86123563000001,35.09191602300001],[32.861144412999977,35.091912906999994],[32.860623361000023,35.092041498000015],[32.860024327000019,35.09220312299999],[32.859875240000008,35.092271983999979],[32.859847934000015,35.092321900000002],[32.859775689000003,35.092549372000008],[32.859582292000027,35.092690303999973],[32.859350118000009,35.092508905999978],[32.859205127999985,35.09245002900002],[32.859074962000022,35.092155107999986],[32.859109595999996,35.09200802700002],[32.859022695000021,35.091832722999982],[32.859043482000004,35.091741125999988],[32.85913518000001,35.091658157999973],[32.859125450000022,35.091588683999987],[32.858933450999984,35.091471298999977],[32.858909341000015,35.091337623000015],[32.858761091000019,35.091473443999973],[32.858759022000015,35.09184561699999],[32.858696236000014,35.092200897999987],[32.858649839999998,35.092642365000017],[32.858469377999995,35.092841782999983],[32.858136371000001,35.093209812999987],[32.858031641000025,35.093203882000012],[32.857996260999982,35.093216396000003],[32.857340867999994,35.093448463000016],[32.856924401000015,35.09358854200002],[32.856302186999983,35.093661180000026],[32.856155636999972,35.093717975000004],[32.855783986999995,35.093861994000008],[32.855709493000006,35.09388670200002],[32.855700974000001,35.093860193000012],[32.855639756000016,35.093669798999997],[32.855589958999985,35.09364005499998],[32.855463462999978,35.09356449500001],[32.855195138999989,35.093404243999998],[32.854956522000009,35.093170029000021],[32.854825011999992,35.093131561000007],[32.854696736999983,35.093094034999979],[32.85456868,35.093026881000014],[32.854563058999986,35.092989267999997],[32.854549139000028,35.092896262000011],[32.854438270000003,35.092784757000004],[32.854394346999982,35.092731257000025],[32.854336251000007,35.092660453000008],[32.853992112000014,35.092241203000015],[32.853971716999979,35.092216362999977],[32.85389378299999,35.092302630000006],[32.853886703000001,35.092310482000016],[32.853760403000024,35.092393110999978],[32.853705234000017,35.092429203999984],[32.853626583999983,35.092290045000027],[32.853466131000005,35.091978341000015],[32.853453693000006,35.091789413000015],[32.853607565999994,35.091467801000022],[32.85364604199998,35.091240195000012],[32.853839936999975,35.091010408999978],[32.853813356999979,35.090932522999992],[32.853837740000017,35.09080207400001],[32.854089812999973,35.090447512000026],[32.854066414999977,35.090400215999978],[32.853891753000028,35.090213439000024],[32.853862257000003,35.090049444999977],[32.853795042999991,35.089982539999994],[32.853606142999979,35.089920710999991],[32.853423645000021,35.089925574999995],[32.853231413000003,35.089852631999975],[32.852646558999993,35.089897607000012],[32.852392533999989,35.089996643000006],[32.851902316000007,35.090336400000012],[32.851590993999991,35.090110224999989],[32.851132609999979,35.089897381000014],[32.850658655000018,35.089456724000001],[32.850574997000024,35.089393162000022],[32.850338995000016,35.08921385299999],[32.850199534000012,35.089194398000018],[32.849724449999997,35.089128159999973],[32.849563139999987,35.088972000000012],[32.849410664000004,35.089043640999989],[32.849328743000001,35.08889055100002],[32.849209281000014,35.088801206000028],[32.849199359000011,35.088736953000023],[32.849162019999994,35.08849550399998],[32.849123802999998,35.088447447000021],[32.849091450999993,35.088483154000016],[32.848882893999985,35.088713343999984],[32.848526046000018,35.088641911000025],[32.848482097999977,35.088579159000005],[32.848245990999999,35.088242008000009],[32.847983799000019,35.087999339000021],[32.847851073000015,35.087571088000004],[32.847673658000019,35.087275997000006],[32.847380333999979,35.087158192999993],[32.847281038000006,35.087088390000019],[32.847367326999972,35.086477659000025],[32.847274256999981,35.086207863000027],[32.847189988000025,35.086283791000028],[32.847057532000008,35.086403151000013],[32.847019497000019,35.086437424999986],[32.846808436999993,35.086414393999974],[32.846603374999972,35.086262691999991],[32.846598218999986,35.08625887300002],[32.846529128999975,35.08620778300002],[32.846214096999972,35.086048235000021],[32.845985455999994,35.085847356999977],[32.845936235000011,35.085870547000013],[32.845565403000023,35.086045239999976],[32.845558546000007,35.08604847700002],[32.845506661000002,35.086146250000013],[32.84539969399998,35.086347837000005],[32.845259274999989,35.086475301000007],[32.845127956999988,35.086594504999994],[32.844967681000014,35.086740012999996],[32.844912249000004,35.086790357999973],[32.844842941000024,35.086816005999992],[32.844719209000004,35.086861822999992],[32.844556349000015,35.086977837000006],[32.844501482999988,35.087116518000016],[32.844200828999988,35.087290553000003],[32.843996301999994,35.087408959000015],[32.843526829999973,35.086779426000021],[32.843352751999987,35.085992162000025],[32.843214852000017,35.085608664000006],[32.843131109000012,35.085495949999995],[32.842704024,35.085201525999992],[32.842616901999975,35.085090176999984],[32.842548147000002,35.084716662000005],[32.842528331999972,35.084641658999999],[32.842584663000025,35.084533643999976],[32.842665183000008,35.084329991999994],[32.842652295999983,35.084293278000018],[32.842603731999986,35.084154924000018],[32.842486602999998,35.083972704000018],[32.842443666000008,35.083808805999979],[32.842450052000004,35.083581277999997],[32.842375193999999,35.083389510000018],[32.842263377999984,35.083203970999989],[32.842226729999993,35.083110757999975],[32.841981464000014,35.082584591999989],[32.841730573999996,35.082138089000011],[32.841714013000001,35.082078303999992],[32.841749803000027,35.082024278000006],[32.841848029999994,35.082013786999994],[32.842006932999993,35.081972789000019],[32.842077897000024,35.08196196900002],[32.84209331400001,35.081924559000015],[32.842075152999996,35.081855110999982],[32.842004244000009,35.081850284999973],[32.841838628000005,35.081856582],[32.841793488000008,35.081812384999978],[32.841803898000023,35.081472491999989],[32.841861848999997,35.081374201000017],[32.841959882000026,35.081340436999994],[32.84210896899998,35.081257224000012],[32.842298563999975,35.081201481999983],[32.842339852999999,35.081136268000023],[32.842359962999979,35.081104504999985],[32.842338476000009,35.081019718999983],[32.841980036999985,35.081066931000009],[32.84193443700002,35.081063957000026],[32.841919379999979,35.081037517000027],[32.842138346000013,35.080799027000012],[32.842186197999979,35.080746907999981],[32.842122281000002,35.080706421999992],[32.842070545000013,35.080604934999997],[32.842014377999988,35.080393812000011],[32.842044174000023,35.080203821999987],[32.841638756999998,35.079964980999989],[32.841355204000024,35.079486872000018],[32.84104348599999,35.079218485000013],[32.840378213999998,35.078717030999996],[32.84024518199999,35.078278678000004],[32.83981842899999,35.077839197000003],[32.839357855000003,35.077107693000016],[32.839152313,35.076929086999996],[32.839130678999993,35.076764493999974],[32.839139605000014,35.076337318000014],[32.839027779999981,35.076140532000011],[32.838601761999996,35.075578975999974],[32.837761310000019,35.075233372000014],[32.83768835799998,35.075012835999985],[32.83766473899999,35.074663451999982],[32.837661619000016,35.074617374000013],[32.837425531999997,35.074696044999996],[32.837259915999994,35.074865219000003],[32.837143774000026,35.074856791000002],[32.837072544000023,35.074896315999979],[32.836368026000002,35.075042135999979],[32.836362122000025,35.074949236999998],[32.83591424399998,35.074814789000015],[32.835338173000025,35.074525945999994],[32.83507132699998,35.074344452999981],[32.834778991000007,35.074109791000012],[32.834537087000001,35.07407699700002],[32.834321111999998,35.074031020000007],[32.834207966000008,35.074059768999973],[32.834126554000022,35.07418149199998],[32.833903490000012,35.07424165499998],[32.833720444999983,35.074376957000027],[32.833307128999991,35.074061594999989],[32.832861915000024,35.073526382000011],[32.832364720999976,35.073342516000025],[32.831779869000002,35.07289625300001],[32.831732654000007,35.072886519000008],[32.830607332999989,35.071622819000027],[32.830528704000017,35.07127224200002],[32.830512305000013,35.07077067900002],[32.830649627000014,35.070471387999987],[32.830423857000028,35.069899991],[32.830058533999988,35.069455396000023],[32.829962560000013,35.069314378000001],[32.829852062999976,35.068894682999996],[32.82928040500002,35.068961387999991],[32.828652464000015,35.068722717000014],[32.828424294000001,35.068557281999972],[32.828238274,35.06835752500001],[32.828094795000027,35.068062413999996],[32.827908179000019,35.067422170999976],[32.827814246000003,35.066392264000001],[32.827721535000023,35.065699332999998],[32.827542887999982,35.064927447999992],[32.827353116999973,35.064107476999993],[32.827294526999992,35.063602507999974],[32.827319020999994,35.063368436000019],[32.827349340000012,35.063123322000024],[32.827237846000003,35.062779540000008],[32.827169411999989,35.062635273000012],[32.827050831999998,35.062517709000019],[32.826882121999972,35.062407855000004],[32.82662919500001,35.06222806400001],[32.826499472000023,35.062037674999999],[32.826431332000027,35.061845945000016],[32.826415301999987,35.061306345999981],[32.826445719999981,35.061048577999998],[32.826275850999991,35.060813719999999],[32.826070878999985,35.060656252000001],[32.825804547000018,35.060465312000019],[32.825589794999985,35.060333118000017],[32.825343550000014,35.060003024000025],[32.825044677999983,35.059457540999972],[32.82491154500002,35.059197523000023],[32.824712811999973,35.058962561999977],[32.824491266999985,35.058684776999996],[32.824349982000001,35.058500664999997],[32.824131780000016,35.058306761999972],[32.823896053999988,35.058144415000015],[32.823497024000005,35.057941857999992],[32.823160977999976,35.057826573],[32.822861220999982,35.057755733000022],[32.822690092000016,35.057737648999989],[32.822692001999997,35.057734462999974],[32.82232762000001,35.058172850999995],[32.822172591000026,35.058352581000008],[32.822072165999998,35.058412294999982],[32.821395256000017,35.058339939000007],[32.819963791000021,35.058311950000018],[32.819509606999986,35.058319587000028],[32.819251469999983,35.058369149999976],[32.818701315999988,35.058335259999978],[32.818174081999985,35.058336268000005],[32.817331577000004,35.058282182000028],[32.817020117000027,35.058236595999972],[32.816747197999973,35.058184848999986],[32.816409011000019,35.058104351999987],[32.815625207999972,35.057892267],[32.815536448999978,35.057300166000005],[32.815610979999974,35.057069456000022],[32.815657896000005,35.056946244000017],[32.815944586000001,35.056634149999979],[32.815812323999978,35.056234883999991],[32.815701982999997,35.056028749000006],[32.815480137000009,35.055806312000016],[32.815226712000026,35.055710335000015],[32.815033230999973,35.055650490999994],[32.814798756000016,35.055577970999991],[32.814538450999976,35.055453312999987],[32.814200785000025,35.055368977000001],[32.813880725999979,35.055313983000019],[32.813773578999985,35.05536883000002],[32.813600142999974,35.05527054800001],[32.813293880999993,35.054900110999995],[32.81275193099998,35.05490924999998],[32.811966478999977,35.054634424000028],[32.811931336999976,35.054557826000007],[32.812189214999989,35.053786435999996],[32.812258378000024,35.05347285900001],[32.812275553000006,35.053253386999984],[32.812261745000001,35.05292644299999],[32.812197862000005,35.052700135999999],[32.812131009999973,35.052638059000003],[32.81187027499999,35.052261312999974],[32.811756333999995,35.052138871000011],[32.811669806999987,35.052058828999975],[32.811458845999994,35.051953876000027],[32.811064298000019,35.051792859999978],[32.810709686999985,35.051568583999995],[32.810571749000019,35.05148832499998],[32.810341418000007,35.051316632999999],[32.810261145000027,35.051187807000019],[32.810214562999988,35.051041257000008],[32.810226895000028,35.050644498999986],[32.810168595999983,35.050351669000008],[32.810144453000021,35.050230381999995],[32.810109695999984,35.050102078000009],[32.810001469999975,35.04991727700002],[32.809794962000012,35.049709579000023],[32.809556246,35.049402815999997],[32.809391327000014,35.049105359999999],[32.809245465999993,35.048814719000006],[32.809142711999982,35.048629926999979],[32.808995924999977,35.048492176000025],[32.808775517000015,35.04832264800001],[32.808584956000004,35.048193685000001],[32.808429515,35.048127847999979],[32.808260421999989,35.048061930000017],[32.808118733000015,35.047982659000013],[32.807957777000013,35.047925770000006],[32.807802133999985,35.047895896],[32.807580771000005,35.047881484000015],[32.807405747000018,35.04789198200001],[32.807153996000011,35.047926899999993],[32.80700086500002,35.047930764],[32.806793404000018,35.047880427999985],[32.806586138,35.047798625999974],[32.806253250999987,35.047691572000019],[32.80611154799999,35.047619026999996],[32.805986776999987,35.047456626999974],[32.805933374999995,35.047251807000009],[32.805902162999985,35.046995374000005],[32.805871299999978,35.04668273599998],[32.805864245000009,35.046498348],[32.805826801000023,35.046363290999977],[32.805767402000015,35.046241634000012],[32.805438245000005,35.046420124000008],[32.805136334999986,35.046609943000021],[32.804628332999982,35.046965285999988],[32.804455431999997,35.047072489000016],[32.804137344000026,35.047224024999991],[32.803797474000021,35.047364221999999],[32.803619915000013,35.047340996000003],[32.803496827000004,35.047351729000013],[32.803392703999975,35.047387249999986],[32.803209016999972,35.047469655999976],[32.802978526000004,35.047603594999998],[32.802695948999997,35.047759781000025],[32.802569885000025,35.047810950999974],[32.802359005000028,35.047868513000026],[32.802074391000019,35.047912267000015],[32.801696928000013,35.047939908999979],[32.801210124000022,35.047967077999999],[32.800879007999981,35.048015131999989],[32.800720241000022,35.048048176000009],[32.800484735999987,35.048110134000012],[32.800320360000001,35.048161139999991],[32.80015870699998,35.048216668999999],[32.799930818000007,35.048373076000019],[32.799785583000016,35.048424172000011],[32.799629596999978,35.048448242999996],[32.799432652000007,35.048465381000028],[32.799161817000027,35.048493464999979],[32.798964571999988,35.048555582000006],[32.798811121000028,35.048611119999975],[32.798684751999986,35.048707266000008],[32.798591397999985,35.048772075999977],[32.798479095000005,35.048805312000013],[32.798282045000008,35.048835961000009],[32.798049510999988,35.048857439000017],[32.797869058999993,35.048858918000008],[32.797628426000017,35.048866885999985],[32.797385018999989,35.048881596999991],[32.797185151999997,35.048925696000026],[32.797102784999993,35.048979318000022],[32.796992816999989,35.049077755999974],[32.796901859000002,35.049192028999983],[32.796808037999995,35.049328784000011],[32.796791080999981,35.049416387999997],[32.796804162000001,35.049510865999991],[32.796816748000026,35.049681790000022],[32.796804477000023,35.049893075999989],[32.796768126000018,35.050023318000001],[32.796693569000013,35.05013990499998],[32.796580296999991,35.050294346999976],[32.796534577999978,35.050356674],[32.796490462000008,35.050453267000023],[32.796493426999973,35.050609389999977],[32.796554343000025,35.050825121000003],[32.796501707000004,35.051020047999998],[32.796372739999981,35.051241442999981],[32.796301167000024,35.051457417999984],[32.796307988000024,35.051632263999977],[32.796245741000007,35.051779985999985],[32.795718896999972,35.051746030000004],[32.795262578999996,35.051822136999988],[32.795113979000007,35.051864598000009],[32.794998770999996,35.05194540399998],[32.794825559999992,35.052282104000028],[32.794553774999997,35.052569612000013],[32.794368750999979,35.052589950000026],[32.79432510700002,35.052610097000013],[32.794250185999999,35.052727678999986],[32.794090949000008,35.052735113999972],[32.793835874000024,35.052882017000002],[32.793667181999979,35.052819483000007],[32.793605914000011,35.052811908000024],[32.793529635000027,35.052835148999975],[32.793488699000022,35.052895155999977],[32.793454347000022,35.053012905000003],[32.793139022999981,35.052993672000014],[32.792867473000001,35.052931506999983],[32.792674765000015,35.05291441899999],[32.792599568000014,35.052922228999989],[32.792522330999986,35.052938976000007],[32.792339509999977,35.053073971999993],[32.792250352999986,35.053102039000009],[32.791930471000001,35.053023422000024],[32.791793057999996,35.053014699000016],[32.791628360000004,35.053102615],[32.791433681000001,35.053083878999985],[32.791050863000009,35.053102560000013],[32.791045692000012,35.053293617000008],[32.791004702000009,35.053364183999975],[32.790888490999976,35.053443382000012],[32.790756226999974,35.053559885000027],[32.790737723000007,35.053672027999994],[32.790746993000027,35.053707585999973],[32.790797569000006,35.053901585000006],[32.790898620000007,35.054181728000003],[32.790888183999982,35.054729733999977],[32.790911779999988,35.054905469999994],[32.790971646999992,35.054978087999984],[32.791060250999976,35.055037828000025],[32.791237783999975,35.055113405999975],[32.791388018000021,35.055123010999978],[32.791765130999977,35.055069332000016],[32.791976824000017,35.055057238000018],[32.792264369999998,35.055088570999999],[32.792442880999999,35.055164149000007],[32.792587602000026,35.055265599999984],[32.792648406000012,35.055344730000002],[32.792671395000013,35.05546111000001],[32.792668314000025,35.055945709000014],[32.792864538000003,35.056966215999978],[32.792932441000005,35.05717222200002],[32.792980451000005,35.057288878999998],[32.793227429000012,35.057547482000018],[32.793594857000016,35.057786295000028],[32.793767519000028,35.057898517000012],[32.794221833999984,35.05832233000001],[32.794380124999975,35.058535447999986],[32.794514069999991,35.058746472999985],[32.794824616000028,35.059162646999994],[32.794860190000009,35.059245830000009],[32.794931517000009,35.059412619999989],[32.795004482000024,35.060013159999983],[32.795521500000007,35.060736870000028],[32.795593540000027,35.060909536999986],[32.795797757999992,35.06137536],[32.795785443,35.061974541999973],[32.795845352000015,35.06252092699998],[32.795913374999998,35.062750691000019],[32.796166303000007,35.063420135999991],[32.796276701000011,35.063500776000012],[32.796389454999996,35.063591450999979],[32.796422838000012,35.063710840999988],[32.796427551000022,35.06393030800001],[32.796376995000003,35.064021276000005],[32.796188216000019,35.064191822999987],[32.796136332999993,35.064300821000018],[32.796098330000007,35.064528137000025],[32.796114572000022,35.064797023999972],[32.796124075000023,35.06495458500001],[32.796253028000024,35.065207723000015],[32.796469253999987,35.065507942000011],[32.796534604999977,35.065618094000001],[32.796570583999994,35.065755909000018],[32.796564190000026,35.066041300999984],[32.796596899999997,35.066211925000005],[32.796669584000028,35.066377688999978],[32.796761290000006,35.066448793000006],[32.796874926999976,35.066454322000027],[32.797285460000012,35.066390415000001],[32.797664118,35.066366894999987],[32.797878480999998,35.066373999999996],[32.797971658999984,35.066456486999982],[32.797986728000012,35.066603397999984],[32.797996281999986,35.066696541999988],[32.798058420000018,35.066828139999984],[32.798198668999987,35.066999237999994],[32.798387779999985,35.06721600100002],[32.798668024999984,35.067352323000023],[32.798741263000011,35.067429672999992],[32.798743946999991,35.067489049000017],[32.798604565000005,35.067671571000005],[32.798500950999994,35.067768710999985],[32.798468722999985,35.067748240000014],[32.798166476000006,35.067698456000016],[32.797678847999975,35.067780855000024],[32.797488253999973,35.067826964000005],[32.797423164000008,35.067889278999985],[32.797368779999999,35.068065819000026],[32.797304386999997,35.068317420000028],[32.797224728000003,35.068576758999995],[32.797130654,35.068710914999997],[32.796805872999983,35.068912894999983],[32.796557194000002,35.069119892000003],[32.796429498999998,35.069152198999973],[32.796184133999986,35.069135516000017],[32.795982772999992,35.069081456999982],[32.795915969000021,35.069114022999997],[32.795888948000027,35.069171787000016],[32.795872858999985,35.069309395999994],[32.795830436000017,35.069399947000022],[32.795715787999995,35.069474556999978],[32.795523204999995,35.069534740999984],[32.795349402999989,35.069635688999995],[32.79505478599998,35.069881599999974],[32.794810342999995,35.070018216999983],[32.794678631000011,35.070086480999976],[32.794611176999979,35.070217608000007],[32.794507775999989,35.070321981000006],[32.794192733999978,35.070486460999973],[32.793891573999986,35.070568068],[32.793741281999985,35.070561162999979],[32.793482876999974,35.070497477999993],[32.793241867000006,35.070394769000018],[32.793123950999984,35.07038643300001],[32.792895167999973,35.070452708999994],[32.792767593000008,35.070464674999982],[32.79256991699998,35.070429408999985],[32.792480237000007,35.070468134000009],[32.792430479000018,35.070513281999979],[32.792349172000002,35.070730391999973],[32.792237501999978,35.070933293999985],[32.791992373000028,35.071177854999974],[32.791921059000003,35.071318340000005],[32.791904688999978,35.071498170999973],[32.791867743000012,35.071621605000018],[32.791815767999992,35.071715249000022],[32.791796237000028,35.072090617000015],[32.791706197999986,35.072185661999981],[32.791559264,35.072250727999972],[32.791320842999994,35.072334173999991],[32.79099534300002,35.072349981999992],[32.790894234999996,35.072391795999977],[32.790786996999998,35.072496139000009],[32.790683995999984,35.07253323499998],[32.790575446999981,35.072545289999994],[32.790387325999973,35.072502234000012],[32.790146267000011,35.072407321000014],[32.789918385000021,35.072332807999999],[32.789727719999973,35.072391440999979],[32.789529374999972,35.072457842999995],[32.789471325000022,35.072609340999975],[32.789437743000008,35.072801618000028],[32.789362546000007,35.072951484999976],[32.78933308400002,35.073095267999975],[32.789228690000016,35.073349827000015],[32.789180869000006,35.073390284000027],[32.789083624,35.073418021000009],[32.788986763000025,35.073389458000008],[32.788918050000007,35.073717686000009],[32.788928522999981,35.073863222999989],[32.788825400999997,35.073919091999983],[32.788737292999997,35.074011007000024],[32.788731104000021,35.074086075000025],[32.788782970999989,35.074303746999988],[32.788896200000011,35.074452865000012],[32.788931599000023,35.074571906000017],[32.788919545999988,35.074670409000021],[32.788821654000003,35.074801401999991],[32.788780819999999,35.074935761000006],[32.788857065000002,35.075211439999975],[32.788818365999987,35.075311382999985],[32.788703654000017,35.075395373999982],[32.788570033999974,35.075460496999995],[32.78844615600002,35.075474772000007],[32.788402990999998,35.075479742000027],[32.788385690999974,35.075500187999978],[32.788396438000007,35.075529716999995],[32.788435081999978,35.075580532999993],[32.788423479000016,35.075689459999978],[32.788329411999996,35.075765348999994],[32.788241100999983,35.075796368999988],[32.788218513999993,35.075791792000018],[32.788150828000028,35.075766484999974],[32.788013331999991,35.075683189000017],[32.787983800999996,35.075668958999984],[32.787926877000018,35.075668077999978],[32.787887850000004,35.075673681000012],[32.787772974999996,35.075710363999974],[32.787672756000006,35.075774019999983],[32.787551096000016,35.076015169000016],[32.787450862000014,35.076203202999977],[32.787395905999972,35.076260033999972],[32.787355975000025,35.076283568000008],[32.787052189000008,35.076349565999976],[32.786696989000006,35.076408920999995],[32.786647743999993,35.076427938999984],[32.786503556000014,35.07665807799998],[32.786392266000007,35.076742852999985],[32.786353855000016,35.076776031000009],[32.786342925999975,35.077017023999986],[32.786297026,35.07712195900001],[32.786257755999998,35.077165381999976],[32.786203032999993,35.077186934999986],[32.785965542999975,35.077252557999998],[32.785943439999983,35.077290926999979],[32.785885813999982,35.077521471000011],[32.785844446999988,35.077648220000015],[32.785808249000013,35.077699333999988],[32.785744023999996,35.077742655999998],[32.785644089000016,35.07776015799999],[32.785578618999978,35.077752180000005],[32.785418640999978,35.077650204999998],[32.785265306999975,35.07748284500002],[32.785191036000015,35.077392775000021],[32.785139413000024,35.077308538000011],[32.784924413999988,35.077214024],[32.784789373000024,35.07727947799998],[32.784728260999998,35.077324094000005],[32.784746267999992,35.077433153000015],[32.784776695999994,35.077549955999984],[32.784748266999998,35.077604957000005],[32.784675917000015,35.07769823000001],[32.784606833999987,35.077771012000028],[32.784555309999973,35.077778489000025],[32.784497671999986,35.077767983000001],[32.784142926000015,35.077634369000009],[32.784138996000024,35.077633139999989],[32.783838708000019,35.077539184999978],[32.783776639999985,35.077519764999977],[32.78373979700001,35.077508237000018],[32.783591847000025,35.077474237999979],[32.783540359000028,35.077477863000013],[32.783471524999982,35.077509615999986],[32.783408682000015,35.077578576000008],[32.783376605000001,35.077716898999995],[32.783476086000007,35.078007093999986],[32.783418582000024,35.078215832000012],[32.783291152999993,35.078383240999983],[32.783054307999976,35.078589898000018],[32.782835696999996,35.078629970000009],[32.78273582700001,35.078639783000028],[32.782392983000022,35.078592115999982],[32.782335261000014,35.078595708000023],[32.782199036999998,35.078678459999992],[32.782087782000019,35.078756173999977],[32.781994114999975,35.078768577999995],[32.781930240999998,35.078759332000004],[32.781847729999981,35.078735891000008],[32.781708024000011,35.078633987999979],[32.781636846000026,35.078545211999995],[32.781561984000007,35.078543589999981],[32.78148861699998,35.078553528999976],[32.781326223000008,35.078583588000015],[32.781240398000023,35.078589611999973],[32.781159188000004,35.078604642000016],[32.781135600000027,35.078636592999999],[32.781090596000013,35.078838976999975],[32.781043394999983,35.078902878999997],[32.780988627999989,35.078930843000023],[32.780937028999972,35.078948566000008],[32.780854427000008,35.078941785999973],[32.780672982999988,35.078773335999983],[32.780629627999986,35.078733086999989],[32.780564477999974,35.078676394000013],[32.780505344999995,35.078655615999992],[32.780308975000025,35.078634237000017],[32.780165641999986,35.078607967999972],[32.779907395999999,35.078506823999987],[32.779828235000025,35.078450046],[32.779794460999994,35.078367849000017],[32.779790346000027,35.078279368999972],[32.779820422,35.078212126999972],[32.779768080999986,35.078154574999985],[32.779835339999977,35.077820968000026],[32.77972777399998,35.077763942999979],[32.779640968000024,35.077750474000027],[32.779242914999998,35.077799990000017],[32.778712586999973,35.077807901000028],[32.778564479000011,35.077798283999982],[32.778515565000021,35.077779452000016],[32.778483583000025,35.077767139000002],[32.778426971999977,35.077597659999981],[32.778455699000006,35.077418501000011],[32.778331795999975,35.077346389000013],[32.778147492000016,35.077406671000006],[32.777448364000008,35.077466387000015],[32.777223966999998,35.077438479000023],[32.777142973000025,35.077405089000024],[32.776925299000027,35.077315350999982],[32.776770103999979,35.077200543999993],[32.776699569000016,35.077016899],[32.776662295999984,35.076989804999982],[32.776425478000021,35.076954128000011],[32.776347964000024,35.076879437000002],[32.776204018999977,35.076713391999988],[32.776141853000013,35.076681069000017],[32.77594708700002,35.076649418999978],[32.775555812999983,35.076622041000007],[32.774947001999976,35.076469331999988],[32.774946188000001,35.076467078999997],[32.774633234000021,35.076744442999995],[32.774523455999997,35.07683756199998],[32.774449243999982,35.076971851999986],[32.773830475000011,35.077617835000012],[32.773776309000027,35.077789397999993],[32.773782967999978,35.077962522000007],[32.773918621999997,35.07844262499998],[32.773919148999994,35.07859649400001],[32.773723736000022,35.078900755999996],[32.773339227999998,35.079141478999986],[32.773293536999972,35.079198851000001],[32.77326500800001,35.079234681999992],[32.773054960000024,35.079462157000023],[32.772698134999985,35.079927279000003],[32.772402096999997,35.080192316000023],[32.772141793000003,35.08043074599999],[32.771668750999993,35.08095386399998],[32.771249372999989,35.081433372999982],[32.770811105000007,35.082074066000018],[32.770457845999999,35.082446335999975],[32.770156062000012,35.082608450999999],[32.769806566999989,35.08280388899999],[32.76929211800001,35.083060580999984],[32.768939885000009,35.083209036000028],[32.768533902000001,35.083302490999984],[32.768089507000013,35.083416161999992],[32.767419088999986,35.083400562999998],[32.766870836999999,35.083292147999998],[32.766425887000025,35.083269667000025],[32.766282876999981,35.083089002999998],[32.766047264000008,35.082852355999989],[32.765674187000002,35.082608724000011],[32.765245212000025,35.082455689000028],[32.764627399000005,35.082366884999999],[32.76442302800001,35.082280598000011],[32.764344930999982,35.082187397999974],[32.764157861000001,35.082140510999977],[32.763979407000022,35.082125850000011],[32.763857497000004,35.082129190999979],[32.763744396999982,35.082096761999992],[32.763431168000011,35.082017418000021],[32.763217956999995,35.081977635999976],[32.762991323999984,35.08206308299998],[32.762794998999993,35.08220584899999],[32.762707244000012,35.082441874999972],[32.762563140999987,35.082591900000011],[32.762349856000014,35.082577168],[32.762115011999981,35.082490817000007],[32.76173636499999,35.082450707000021],[32.761283591999984,35.082449816999997],[32.760810111000012,35.082550025999979],[32.760578569000018,35.082927394000023],[32.760430595999992,35.083456162999994],[32.760206970000013,35.084229001999972],[32.760028993999981,35.084883402000003],[32.760054620999995,35.085604142000022],[32.760148392000019,35.086622281000018],[32.760190463000015,35.087123388000009],[32.760102338000024,35.087481088000004],[32.759708348000004,35.088136356000007],[32.759280355999977,35.088591096000016],[32.759003678999989,35.088906667999993],[32.75873455499999,35.089120857000012],[32.758429797000019,35.089114285999983],[32.757900140000004,35.089089371],[32.757676421999975,35.089347261],[32.757377897000026,35.089010788999985],[32.757247844999995,35.088819661999992],[32.757037390999983,35.088568332000023],[32.756599423000011,35.088428948000001],[32.756321320999973,35.088492481000003],[32.755903538999974,35.088640849000001],[32.755622409000011,35.088944959999992],[32.755384611000011,35.089401181000028],[32.755346834000022,35.089656368000021],[32.755049908999979,35.089942068000028],[32.754608505000022,35.089928837000002],[32.754504060999977,35.090136221000023],[32.754296097000008,35.090549152999984],[32.753886974000011,35.091131867000001],[32.753446492000023,35.091569427000024],[32.752937313000018,35.091769306000003],[32.752482171999986,35.091706328999976],[32.752201522999997,35.091515743999992],[32.751680910000005,35.091162196000028],[32.750925151999979,35.090812178000022],[32.750320875999989,35.090706031000025],[32.749913350999975,35.090591447000008],[32.749531423999997,35.090189839000004],[32.749022310999976,35.08961618799998],[32.748618518000001,35.089043564999997],[32.748743918999992,35.089040962000013],[32.748876354000004,35.089016900999979],[32.748960097999998,35.088968404000013],[32.749056068000016,35.088908478999997],[32.749167639000007,35.088874945999976],[32.749341683000011,35.088910023999972],[32.749446030000001,35.088957956999991],[32.749521615999981,35.088919939999982],[32.749597403999985,35.088815119000003],[32.749626809000006,35.088691116999996],[32.749598045000027,35.088605169000004],[32.749476413000025,35.088514255999996],[32.74927947499998,35.088370698999995],[32.749204401999975,35.088241708999988],[32.749171516999979,35.08808000099998],[32.749174761999996,35.087889340999993],[32.749215806999985,35.087755819999984],[32.749207420999994,35.087650826000015],[32.749117528999989,35.087622010000018],[32.748972435999974,35.087609781000026],[32.748814762999984,35.087645278000025],[32.748647225000013,35.087649665000015],[32.748368593000009,35.087644316000024],[32.748151135000001,35.087567518000014],[32.747930783000015,35.087488328000006],[32.747753235000005,35.087421673999984],[32.747636838999995,35.087379667999983],[32.74755391299999,35.087337237999975],[32.747507691999999,35.087265565999985],[32.747527807999973,35.087201385000014],[32.747563216000003,35.087144005000027],[32.747673741000028,35.087070273999984],[32.747859607000009,35.087037258000009],[32.747964238000009,35.086992146],[32.747999258999982,35.086930187000007],[32.748002396000004,35.086853846999986],[32.747962004999977,35.086774553999987],[32.747893092000027,35.086531055000023],[32.747811867999985,35.086326899000028],[32.747751311999991,35.086197937999998],[32.747564773000022,35.085979246000022],[32.747373803000016,35.085785596999983],[32.747308862000011,35.085667363000027],[32.747278870999992,35.085509836000028],[32.747261875999982,35.085373808999975],[32.747183839999991,35.085266283999999],[32.747070995999991,35.085151527999983],[32.746866625999985,35.08506878999998],[32.746697185000016,35.084953917000007],[32.746619150000015,35.084846391999974],[32.746599929000013,35.084726464000028],[32.746548127999972,35.084583205999991],[32.746452480000016,35.084540060999984],[32.74628243799998,35.084528476000003],[32.74601686699998,35.084617881999975],[32.745510695000007,35.084824000000026],[32.745249705999981,35.084909729999993],[32.745039225000028,35.084884395000017],[32.745067251000023,35.084780511000019],[32.745102325000005,35.084701853000013],[32.745181091999996,35.084573184000021],[32.745225296000001,35.084358552000026],[32.745330696999986,35.084065316000022],[32.745356927999978,35.083843489000003],[32.745351552999978,35.083705099999975],[32.745386989999986,35.083509536999998],[32.745428187000016,35.083328300000005],[32.745399608000014,35.083185089999972],[32.745295433000024,35.08308466699998],[32.745087259999991,35.083010123999998],[32.744878298000003,35.082997063999983],[32.744692090000001,35.082968877999974],[32.744606073999989,35.082848716000001],[32.744571393999991,35.082582119999984],[32.744571943999972,35.082405569999992],[32.74447948400001,35.082271768999988],[32.744358015999978,35.082133134000003],[32.744271749000006,35.081875282999988],[32.744286400000021,35.081644684000025],[32.744339222999997,35.081458699999985],[32.744316421000008,35.081325046000018],[32.744218009999997,35.08123894900001],[32.744084590999989,35.081210037000005],[32.743898721999983,35.081247818000008],[32.743701378000026,35.08124263000002],[32.74353920499999,35.081127766999998],[32.74341165300001,35.081079779999982],[32.743272354999988,35.08107471400001],[32.743068817999983,35.081193573999997],[32.742870859999982,35.081384021000019],[32.742737158000011,35.081445769000027],[32.742522414000007,35.081435769999985],[32.742117377999989,35.081440910000026],[32.741529887000013,35.081409800000017],[32.741088686000012,35.081423174000008],[32.741001750999999,35.081380044000014],[32.741007932000002,35.081260765000025],[32.741021667999973,35.081046963000006],[32.74116624200002,35.080760080000005],[32.741352576999986,35.080574382999998],[32.741393646000006,35.080436092000014],[32.741383015999986,35.080125910999982],[32.741296700000021,35.079887143999997],[32.74112355699998,35.079571846000022],[32.740967151000007,35.079471306000016],[32.740723344999992,35.079475557000023],[32.740456320000021,35.079479757999991],[32.740270936000002,35.079605793999974],[32.740119477999997,35.07973020999998],[32.740014326999983,35.079746022999984],[32.739857861000019,35.079664569999977],[32.739788750999992,35.079492641999991],[32.739763073999995,35.079314742999998],[32.739633136000009,35.079105704000028],[32.73948864800002,35.078908563000027],[32.739221014000009,35.07872685000001],[32.739149095000016,35.078448560000027],[32.739041401000009,35.078090454999995],[32.738955265000016,35.077798004999977],[32.738890534000006,35.077618927999993],[32.738869470999987,35.077398194000011],[32.738724912999999,35.077224909999984],[32.738500620000025,35.077027595000004],[32.738406908000002,35.076836527000012],[32.738422104999984,35.07662183399998],[32.738502733000018,35.076365532000011],[32.738503152000021,35.076234311999997],[32.738423474999991,35.076192387999981],[32.738336276999974,35.076233951999995],[32.738234472999977,35.076305306999984],[32.737987237000027,35.076477746000023],[32.737827349999975,35.076560904000019],[32.737602126000013,35.076655850999998],[32.73755821200001,35.076775047000012],[32.737419611999997,35.077007365999975],[32.737389999000015,35.077192204000028],[32.737469293000004,35.077353419000019],[32.737592178,35.077496833999987],[32.737714759000028,35.077735682000025],[32.737734037999985,35.077997147000019],[32.737640350999982,35.078210292999984],[32.737531440999987,35.078337707999992],[32.737400362000017,35.078486538999982],[32.737173152000025,35.078649498999994],[32.736987840999973,35.078731861999984],[32.736924052999996,35.078712637000024],[32.736895215000004,35.078655314999992],[32.736913071999993,35.078516976000003],[32.736930807000022,35.078416808999975],[32.73696604700001,35.078288051000015],[32.736946006999972,35.078202116999989],[32.736888238999995,35.078116102000024],[32.736760670000024,35.078075265999985],[32.736581872999977,35.07806442399999],[32.736473296999975,35.078091342999983],[32.736353975999975,35.078193673999976],[32.736234731000025,35.078272147999996],[32.736133144999997,35.078274312000019],[32.736023074999991,35.078207270000007],[32.73596827099999,35.07810217399998],[32.735924968000006,35.078030504000026],[32.735721851999983,35.078018133],[32.735446963000015,35.078005496999992],[32.73529540200002,35.077962329000002],[32.735249166000017,35.077900195999973],[32.73529021600001,35.077833371999986],[32.735342461000016,35.077769178999972],[32.735505378000028,35.077647856999988],[32.735540519999972,35.077550115000008],[32.735534991999998,35.077464212999985],[32.735491643999978,35.077406859000007],[32.735407511000005,35.077397130999998],[32.735242056000004,35.077406313999973],[32.734864737999999,35.077415033000023],[32.734705163000001,35.077400368999974],[32.734615325999982,35.077359612999999],[32.734458878999988,35.077275767000003],[32.734373501999983,35.077225515999999],[32.734159854999973,35.077155819999973],[32.733872502999986,35.07716592700001],[32.73375949199999,35.077111996999975],[32.733785878999981,35.077029744000015],[32.733855635999987,35.076997688000006],[32.734038834999978,35.076887149000015],[32.73437868000002,35.076798425999982],[32.734757692000017,35.076713364999989],[32.73494099200002,35.076570616000026],[32.735063496999999,35.076381210000022],[32.735129407999978,35.076191680000022],[32.735090796000009,35.076016238000022],[32.735036911000009,35.075852094000027],[32.734910635999995,35.075637093000012],[32.734755264,35.075445887000001],[32.734527309999976,35.075263468000003],[32.734455086000025,35.075161912999988],[32.734517007000022,35.075084509000021],[32.734633169000006,35.075060904999987],[32.734894397000005,35.075049546999992],[32.735235320000015,35.075074148999988],[32.735463870999979,35.075071665999985],[32.735572882999975,35.075015241000017],[32.735655518999977,35.074918834000016],[32.735692899000014,35.07484638599999],[32.735709496000027,35.074739537000028],[32.735665648000008,35.074657369000022],[32.735545135999985,35.074590302999979],[32.735343768999996,35.074502542000005],[32.735074227999974,35.074318848000019],[32.734968370999979,35.074176771999987],[32.734968605000006,35.074104244000011],[32.735022823000008,35.074060304],[32.735095703000013,35.073959064999997],[32.735154186999978,35.073822007999979],[32.735161865999999,35.073690802999977],[32.735096782000028,35.073625051000022],[32.734937361999982,35.073565056999996],[32.734857766999994,35.073499271999992],[32.734865406999972,35.073379998000007],[32.734866140999998,35.07315334499998],[32.734786661999976,35.073051772999975],[32.734591715000022,35.072964329000001],[32.734464197000023,35.072890395999991],[32.734504658999981,35.072758892000024],[32.734584928999993,35.072615917999997],[32.734709038000005,35.072377607000021],[32.734775038999999,35.07215944699999],[32.734875956999986,35.071912734000023],[32.734937166000009,35.071830556999998],[32.735115753999992,35.071795158999976],[32.735338103999993,35.071688282000025],[32.735521542000015,35.071499008999979],[32.735884143000021,35.07109539999999],[32.736015296999994,35.07092032700001],[32.736037338000017,35.070834484999978],[32.735955255000022,35.070641054000021],[32.735764716999995,35.070332866000001],[32.735556260999999,35.070182104000025],[32.735338764999995,35.070135106000009],[32.735151787000007,35.07007385999998],[32.735012515999983,35.070105237000007],[32.734863915999995,35.070252168000025],[32.734658598999999,35.070477180000012],[32.734436297000002,35.070569740999986],[32.734316099000011,35.070544444000006],[32.734240729000021,35.070472686000016],[32.734202040000014,35.070322293999993],[32.734215644000017,35.070154123000009],[32.734289726999975,35.070008948000009],[32.734333798000023,35.069842036000011],[32.734268890999999,35.069722602000013],[32.734225767999988,35.069597251999994],[32.734211742000014,35.069448105999982],[32.734138872000017,35.069336710000016],[32.733958558999973,35.06922089699998],[32.733937375999972,35.069041912999978],[32.733843761000003,35.068826983000008],[32.733619678000025,35.068575978000013],[32.733388263999984,35.068348816000025],[32.73318115699999,35.068272560000025],[32.732683387999998,35.068303786999991],[32.732136847999982,35.068338071000028],[32.731697801999985,35.068380875999992],[32.731431210999972,35.068340954999996],[32.731437238000012,35.068195397000011],[32.731546293000008,35.068124063000027],[32.731778793999979,35.068017214999998],[32.73220753999999,35.067797472999985],[32.732454571999995,35.067683498000008],[32.732582643000001,35.067564489000006],[32.732699260999993,35.067397738000011],[32.732803868000019,35.067355023000005],[32.733024315000023,35.067384138000023],[32.733152431999997,35.067399265000006],[32.733332406999978,35.067232122000007],[32.73362283900002,35.06715641400001],[32.733930355999973,35.067180947999987],[32.73404075000002,35.067143015999989],[32.734110905000023,35.066985704999979],[32.734082397000009,35.06682817799998],[32.733984261999979,35.066665725999997],[32.733938297000009,35.066522474999999],[32.733904110000026,35.066326761000028],[32.733835288000023,35.066073711999991],[32.733835675000023,35.065954421000015],[32.733911818000024,35.065739861999987],[32.733976524000013,35.065472790999991],[32.734041833999981,35.06501962599998],[32.734076312000013,35.064677930000016],[32.734106200999975,35.064409590000025],[32.734216021000009,35.064099671999998],[32.734184014999983,35.063902770000027],[32.734101267000028,35.063693827999998],[32.734098220000021,35.063514882999982],[32.734203765000018,35.063404769999977],[32.734171409999988,35.063315230000001],[32.733968609999977,35.063216370000021],[32.733739926999988,35.063269548999983],[32.733605278000027,35.063406439000005],[32.733437741999978,35.063617814999986],[32.733157587999983,35.063882621999994],[32.732955198000013,35.06399847199998],[32.732442171999992,35.063932421000004],[32.732025190000002,35.063658840000016],[32.731694628000014,35.063586534000024],[32.730931182000006,35.063718563000009],[32.730103567000015,35.063695691000021],[32.729435817000024,35.063803172999997],[32.728364877999979,35.06394502400002],[32.727266913999983,35.064056982000011],[32.726557098000001,35.063799292999988],[32.726320110000017,35.06346959199999],[32.725767078999979,35.062700193000012],[32.725378825000007,35.062341307999986],[32.724875089000022,35.06199660599998],[32.724562384000023,35.061795486999983],[32.724162485000022,35.061637113000018],[32.723657745000025,35.061593018999986],[32.723100824000028,35.061534488999996],[32.722700447000022,35.061519260000011],[32.722474603000023,35.06137559299998],[32.722243361999972,35.061112621999996],[32.722157767999988,35.06068297500002],[32.722014871999988,35.060038471999974],[32.721842363000007,35.059242240999993],[32.721891312000025,35.058497971999998],[32.721777581000026,35.05781059100002],[32.721779329000015,35.057295253000007],[32.721898366000005,35.056417538000005],[32.722202186000004,35.055807459999983],[32.722436109,35.055273566999972],[32.722855976999995,35.054663753],[32.723275709000006,35.054092109999999],[32.723532444,35.053672787999972],[32.723486794999985,35.05344364299998],[32.723279314000024,35.053023262000011],[32.723165064999989,35.052488573999995],[32.723085477999973,35.051999293999984],[32.722970230999977,35.051760447999982],[32.722704152000006,35.051511713000025],[32.722438365000016,35.051177086999985],[32.722114327999975,35.050909131000026],[32.722046087000024,35.050498611000023],[32.722012662999987,35.050088169999981],[32.721990779000009,35.049696841000014],[32.721934436000026,35.049200456999984],[32.721935341000005,35.04893324599999],[32.722063866999974,35.048675869000022],[32.722250738000014,35.048323192999987],[32.722321865000026,35.047948969000004],[32.722322213999973,35.047845901000017],[32.722266709999985,35.047787083000003],[32.722164227999997,35.047722431000011],[32.722091384999999,35.047643531000006],[32.722006247000024,35.047597527999983],[32.721929821999993,35.047548681000023],[32.72187438200001,35.047471253000026],[32.721848661000024,35.047384946000022],[32.721839269999975,35.047256010000012],[32.721826518,35.047166511],[32.721857284000009,35.047077113],[32.721910542999979,35.047005506999994],[32.721953761000009,35.046859030000007],[32.721897791000004,35.046743301999982],[32.721841514999994,35.046593943999994],[32.721793950000006,35.046504366000022],[32.721741996999981,35.04642551400002],[32.721742385000027,35.046310994000009],[32.721755914000028,35.046171453999989],[32.721799999999973,35.046003353000003],[32.721860574999994,35.045978079999998],[32.722029355000018,35.045953775999976],[32.72218557399998,35.045891417000007],[32.722265744000026,35.045673549000014],[32.722396776999972,35.045530697999993],[32.72259993199998,35.045507304000012],[32.722904786000015,35.045436425999981],[32.723137435000012,35.045269947999998],[32.723094603999982,35.045067054000015],[32.722976850000009,35.044871747000002],[32.723052175000021,35.044744868000009],[32.723306649999984,35.044608707000009],[32.723676179999984,35.044662786999993],[32.724152146999984,35.044605416000024],[32.724195891000022,35.044537520000006],[32.724304776999986,35.044509136999977],[32.724422388999983,35.044473616000005],[32.724477429999979,35.044418606000022],[32.724470820000022,35.044305523999981],[32.724411142000008,35.044095546999984],[32.723818451,35.043607533999989],[32.723369681000008,35.043344069],[32.723249626999973,35.043188020999992],[32.723618804000012,35.04294269799999],[32.723748495999985,35.042843904999984],[32.723690756999986,35.042760268999984],[32.723507182999981,35.04269932599999],[32.72334392800002,35.042377744000021],[32.723388285999988,35.042127331000017],[32.723559439999974,35.041996093000023],[32.723214832999986,35.041947998000012],[32.722823085000016,35.041982890999975],[32.722460667999997,35.041922415999977],[32.722315782999999,35.041874367999981],[32.722155988999987,35.041945576999979],[32.722025647999999,35.041885632999993],[32.721822744000008,35.041837450999992],[32.721575637000001,35.041991963999976],[32.721406649000016,35.042010779000009],[32.721330029000001,35.041705099000012],[32.721505017000027,35.041431128999989],[32.721578147000002,35.041252358000008],[32.721360983000011,35.041132568000023],[32.721100589999992,35.040929172999995],[32.721347976999994,35.040691157000026],[32.721754750000002,35.040501222999978],[32.721827596000026,35.040405955999972],[32.721596334000026,35.040166840999973],[32.721234412000001,35.039963213000021],[32.720974145000014,35.039724030999992],[32.721061178000014,35.039511107999999],[32.721268174999977,35.039640652000003],[32.721583690999978,35.039618067999982],[32.721801984000024,35.039403842000013],[32.721773500999973,35.039248697000005],[32.721673221999993,35.039011422999977],[32.72149998399999,35.038639680000017],[32.721341086999985,35.038448447000007],[32.721384924000006,35.038353114000017],[32.721443344000022,35.038233955999999],[32.721284609999998,35.037995007000006],[32.721430500999986,35.037744829000019],[32.721474660000013,35.037554062000027],[32.721402422999972,35.037470391999989],[32.72130170600002,35.037231576000011],[32.72124478500001,35.036909356000024],[32.721114494000005,35.03683748100002],[32.720954505000009,35.036968334999983],[32.720780256000012,35.037027579999972],[32.720374472999993,35.036931212000013],[32.720362258000023,35.036783592999996],[32.720576699999981,35.036657240000011],[32.720661563000021,35.036332694000009],[32.720814487999974,35.036091861999978],[32.720755064000002,35.03590617499998],[32.720610797999996,35.035679188000017],[32.720655365000027,35.035369129999992],[32.718699931999993,35.033064003999982],[32.718086787000004,35.033611205999989],[32.717941848000009,35.033735696000008],[32.717467741999997,35.033247014999972],[32.716008203000001,35.031644018999998],[32.713336480999999,35.028825890999997],[32.710206858999982,35.02576039500002],[32.709869129000026,35.025625315000013],[32.709416648000001,35.025502044000007],[32.709268275999989,35.025461636999978],[32.709070456999996,35.025446848999991],[32.708814043000018,35.025437588999978],[32.708311552999987,35.025525793999975],[32.707910895999987,35.025538245999996],[32.707580587999985,35.025536590000002],[32.707334607000007,35.025541141000019],[32.707221969999978,35.025566586000025],[32.707073831000002,35.025640991999978],[32.706946777999974,35.025715506999973],[32.70685905900001,35.025700627999981],[32.706575138999995,35.025603823999973],[32.706298371999992,35.025495476999993],[32.706182859000023,35.025434200999996],[32.706025651999994,35.025312024000016],[32.70586096400001,35.025247616000001],[32.705640199000015,35.025168463999989],[32.705549392000023,35.025092853999979],[32.705465721999985,35.025002829000016],[32.705255457000021,35.024926634999986],[32.705017046000023,35.024856064000005],[32.704729858999997,35.024730321999982],[32.704501990999972,35.024656920999973],[32.704291839999996,35.024569148000012],[32.704077913999981,35.024513164999973],[32.703875153000013,35.024373410999999],[32.703724362999992,35.024332189000006],[32.703594527000007,35.02430840400001],[32.703335501000026,35.024174142999982],[32.702995884000018,35.024013458000013],[32.702883615000019,35.023989776000008],[32.702697700999977,35.023945475000005],[32.702484915000014,35.023739180999996],[32.702366663000021,35.023576730999991],[32.702378063000026,35.023461180000027],[32.702498627000011,35.023314373000005],[32.702657251999995,35.023245805999977],[32.702892874999975,35.023218084999996],[32.703030456000022,35.023143638000022],[32.703123020000021,35.02298225200002],[32.703180857000007,35.02276576700001],[32.703026631,35.022715853000022],[32.702788059999989,35.022665499000027],[32.702595493999979,35.022574931000008],[32.702410454000017,35.022415034999995],[32.702225997000028,35.02217998399999],[32.702069838,35.02191617699998],[32.702028572000017,35.021797446999983],[32.702008599999999,35.021647049000023],[32.702027139999984,35.021517085000028],[32.702120293000007,35.021277650000002],[32.702156220000006,35.021170901999994],[32.702164059999973,35.021061092000025],[32.702115556000024,35.020971250000002],[32.702010518999998,35.020921591999979],[32.701884038999992,35.020918053999992],[32.701750389999972,35.02093761499998],[32.701415600000018,35.021068875000026],[32.701281961000007,35.021085540999991],[32.701099515999999,35.021049929000014],[32.700973428999987,35.020997266999984],[32.700896569000008,35.020939073000022],[32.700826310000025,35.020935828999995],[32.700727660999974,35.020972900000004],[32.700618603999999,35.020989703999987],[32.700559123000005,35.02095760200001],[32.700527928999975,35.020899637000014],[32.700537288000021,35.02083649299999],[32.700553714000023,35.020725943999992],[32.700410014999989,35.020672532999981],[32.700139888000024,35.020398976000024],[32.699975073000019,35.020314711000026],[32.699885259999974,35.020191343000022],[32.699915438999994,35.019726132000017],[32.699777529000016,35.01961129],[32.699622447000024,35.01965439899999],[32.699589677999995,35.019755208999982],[32.699471248999998,35.019890696000004],[32.699337721999996,35.019903193999994],[32.699247295000021,35.019863229999999],[32.699163240000019,35.019687191999992],[32.698928903000024,35.019620138999983],[32.698582120000026,35.019605216999992],[32.698346727000001,35.019683034000025],[32.698107392999987,35.019572062000009],[32.697845769000025,35.019588309000028],[32.697617189000027,35.019468602000018],[32.697560192000026,35.019240020999973],[32.69766353,35.018981510000003],[32.697312124999996,35.018874363999998],[32.697238163000009,35.018773015000022],[32.697116182999991,35.018671408999978],[32.69642324900002,35.018558127999995],[32.696268879999991,35.018504667000002],[32.696126446999983,35.018284418999997],[32.695588385000008,35.018158750999987],[32.695408530000009,35.017947090999996],[32.695352223999976,35.017630703000009],[32.695038226999998,35.017514962999996],[32.694852269000023,35.01740425600002],[32.694790190999981,35.017144918999975],[32.69467879299998,35.01705653800002],[32.694130223000002,35.016908855999986],[32.693933497999978,35.016811261999976],[32.693924611999989,35.016574138999999],[32.693755790000012,35.016318640000009],[32.693624522999983,35.016032610000025],[32.693681991999995,35.015492902000005],[32.693587917999992,35.015229004999981],[32.693238045999976,35.014919894000002],[32.693207719999975,35.014695839000012],[32.693091157000026,35.014585479999994],[32.692994495999983,35.014664009000001],[32.692770255000028,35.014680435999992],[32.692578980999997,35.014569692999999],[32.692343847000018,35.014612394999972],[32.692168144999982,35.014558796000017],[32.691794968000011,35.014508584999987],[32.691533375000006,35.014520418000018],[32.691359490000025,35.01493220399999],[32.691208759999995,35.015102645000013],[32.690947188999985,35.015114476000008],[32.690781163999986,35.015192650000017],[32.690621775000011,35.015099645000021],[32.690497558999994,35.015292172999978],[32.689940477999983,35.015565889000015],[32.689805862000014,35.015723247999972],[32.689645395000014,35.015770711000016],[32.689548519000027,35.015879960000007],[32.68943099400002,35.015892527999995],[32.689355837999983,35.015953604999993],[32.688776614999995,35.016328170000008],[32.688717746000009,35.01634982500002],[32.688546863999989,35.016366499000014],[32.68800847,35.016284698999982],[32.68791846900001,35.016192025999999],[32.687597805999985,35.01625184400001],[32.687267647999988,35.016157946000021],[32.686273943999993,35.015604008000025],[32.685680562000016,35.015737039999976],[32.685424352999974,35.015744493999989],[32.684907314999975,35.01566277500001],[32.684150702000011,35.015509579000025],[32.683045508000021,35.015241064000008],[32.682961655999975,35.015207346000011],[32.682799160000002,35.015194522000002],[32.682523511999989,35.01521943900002],[32.682219180999994,35.01522941799999],[32.681792742000027,35.015226777000009],[32.681522390999987,35.015233948000002],[32.68111044699998,35.015245538999977],[32.680873537000025,35.015235118000021],[32.68070239299999,35.015221606000011],[32.680598824000015,35.015166496000006],[32.680418605999989,35.014900624000006],[32.680368652000027,35.014793478000001],[32.680250811000008,35.014606426],[32.680161479999981,35.014411310000014],[32.679987298000015,35.014091672999996],[32.679925802000014,35.01398846799998],[32.679902649999974,35.013982010999996],[32.679887296000004,35.013969221000025],[32.679879814000003,35.013937441999985],[32.679856728999994,35.013926212999991],[32.679794695999988,35.013954446000014],[32.679773459999979,35.013951163000002],[32.679771690999985,35.013928942000007],[32.679804735999994,35.013903705000018],[32.679841866999993,35.013848359999997],[32.679849961999992,35.013802365000004],[32.679838560999997,35.013775328000008],[32.679767109000011,35.013774942999987],[32.679783376999978,35.013748643999975],[32.679783613999973,35.013718078000011],[32.679761507000023,35.013687376000007],[32.679792077999991,35.013583573000005],[32.679755972000009,35.013442751000014],[32.679704012000002,35.013424132000011],[32.679682382999999,35.013332278000007],[32.679593651000005,35.013258432999976],[32.67959450799998,35.013148371999989],[32.679550415999984,35.01307476300002],[32.679656598000008,35.01281848299999],[32.679534691000015,35.012718581000001],[32.679390979999994,35.012614219999989],[32.679154046999997,35.012423583999976],[32.679003204000026,35.012307372000009],[32.678938814999981,35.01222715900002],[32.678863213999989,35.012194181999973],[32.678740444000027,35.012187501000028],[32.678458610000007,35.012197570000012],[32.678267183000003,35.012193425000021],[32.678137386000003,35.012160107999989],[32.678061785000011,35.01212711300002],[32.677978101999997,35.012021383999979],[32.677931695999973,35.011950153999976],[32.677875003999986,35.011810879999985],[32.677806781000015,35.011757250000016],[32.677695086000028,35.011721087000012],[32.677556450999987,35.011717239000006],[32.677451700000006,35.011716589000002],[32.677376216000027,35.011671781000018],[32.677286646000027,35.011576633999994],[32.677186118000009,35.011499178000008],[32.677121697000018,35.011421915000028],[32.677035434000004,35.011368181000023],[32.676966682999989,35.011382528000013],[32.676890318000005,35.011447076000024],[32.676803172999996,35.01150269599998],[32.676712285999997,35.011578960000008],[32.67659988600002,35.011631463000015],[32.676404707000017,35.011645021999982],[32.676245703000006,35.011652889999993],[32.675998149000009,35.011650332999977],[32.67574537500002,35.011639898999988],[32.675611683999989,35.011642005999988],[32.675488728000005,35.011658984000007],[32.675416632999998,35.011640800000009],[32.675406160000023,35.011596397999995],[32.675399605999985,35.011510645999977],[32.675400206999996,35.011436763999995],[32.675368149999997,35.011380395000003],[32.675303589999999,35.011320888],[32.675253468999983,35.011264412000003],[32.675156699000013,35.011169246000009],[32.675067048000017,35.011088884000003],[32.675006595000013,35.01097028800001],[32.674931748999995,35.010842737000019],[32.674877299000002,35.010781613999995],[32.674690641999973,35.010635633999982],[32.674586542999975,35.010555194999995],[32.674557639999989,35.010554999000021],[32.674524744999985,35.010602081999991],[32.674465736000002,35.010755382000013],[32.674445683999977,35.010812999999985],[32.674412177000022,35.010936915999991],[32.674368339000011,35.010998694000023],[32.674230507000004,35.011068766999983],[32.674129239000024,35.011082907000002],[32.674031807999995,35.011070462000021],[32.673844256999985,35.011036792000027],[32.673739506999993,35.011036117999993],[32.67369596399999,35.01105948899999],[32.673655558999997,35.011141985999984],[32.673607706999974,35.01125104099998],[32.673569971000006,35.011379814999998],[32.67353355900002,35.011415057000022],[32.673409987000014,35.011508848999995],[32.673366300999987,35.01154995600001],[32.673380196999972,35.011618030000022],[32.673372379999989,35.011688901000014],[32.673350183000025,35.011753786999975],[32.67318327800001,35.011841419999996],[32.673052444999996,35.011938124999972],[32.672972297000001,35.012020398000004],[32.672931146999986,35.012081382000019],[32.672887342000024,35.012134300000014],[32.672857598999997,35.012237574999972],[32.672827724999991,35.01235561499999],[32.672798349000004,35.012414557999989],[32.672685968999986,35.012461151000025],[32.672613662000003,35.012466607000022],[32.672426047999977,35.012435867000022],[32.672303420999981,35.012411440999983],[32.672208259999991,35.012348330999998],[32.672158589999981,35.012238662000016],[32.672130160999984,35.012179367999977],[32.672079838999991,35.012149487999977],[32.672007946999997,35.012104705000013],[32.671903752999981,35.012036052999974],[32.671802814999978,35.012008813000023],[32.671712243000002,35.012040758000012],[32.671589025000003,35.012087281999982],[32.671440195000002,35.012172066999995],[32.67134895800001,35.01228086499998],[32.671236433999979,35.012345193999977],[32.671138788999997,35.012356389999979],[32.671027239000011,35.012302482999985],[32.67077352199999,35.012182716999973],[32.670618853000008,35.012098987999991],[32.670525035000026,35.012086567999972],[32.670372923999992,35.012129942000001],[32.670289493999974,35.012170803000004],[32.670198018999997,35.012309150000021],[32.670132297000009,35.012391499999978],[32.670030955000016,35.01241156399999],[32.669940773999997,35.012393267999983],[32.669854955000005,35.012289248999991],[32.669844805000025,35.012206419999984],[32.66986702600002,35.012124636999999],[32.669919103999973,35.011947597000017],[32.66999991900002,35.01178851100002],[32.670037091999973,35.011664605000021],[32.670048216999987,35.011629199000026],[32.670149604000017,35.011603229999992],[32.670211166999991,35.011585894999996],[32.670189600000015,35.011551847000021],[32.670110437999995,35.011512929999981],[32.669976747000021,35.011515051999993],[32.669890287999976,35.011487906000013],[32.669829273000005,35.011440216999972],[32.669774840999992,35.01146944300001],[32.669682422999983,35.011552365999989],[32.669486850999988,35.011610248000011],[32.669399997000028,35.011627436000026],[32.669212066,35.011635119000005],[32.669136289999983,35.011622805999991],[32.668977761000008,35.011571566999976],[32.668805352999982,35.011455205000004],[32.668740723999974,35.011407507000001],[32.66869379100001,35.011404249000009],[32.668574483999976,35.011412354000015],[32.668200463999995,35.01140694999998],[32.668037869999978,35.011408872000004],[32.667932966000023,35.011422976999995],[32.667867563000016,35.011466918999986],[32.667733790999989,35.011477876000015],[32.667636325999979,35.011468397999977],[32.667531859999997,35.011432264999996],[32.667391651000003,35.011300951999999],[32.667442289000007,35.011299193000013],[32.667698267999981,35.011257338000007],[32.667949013999987,35.011234087999981],[32.668188498999996,35.011214619999976],[32.668264232000013,35.011211129999992],[32.668236987,35.011022788999981],[32.668237517000023,35.010891291000007],[32.668237796000028,35.010822268000027],[32.668268794000028,35.010705949999988],[32.66828497900002,35.010645223999973],[32.668321280999976,35.010604883999974],[32.668386046000023,35.010568255999999],[32.66839147799999,35.010565182999983],[32.668448979999994,35.010556475999977],[32.668516298999975,35.010562569000001],[32.668533355000022,35.010568658000011],[32.668701898999984,35.010628825000026],[32.668780216000016,35.010656783000002],[32.668857946000003,35.010684530999981],[32.668920598,35.010706895999988],[32.669017978999989,35.010674300000005],[32.66908728300001,35.010651101000008],[32.669213690999982,35.010570513999994],[32.669240499000011,35.010553422999976],[32.669343030999983,35.010488055999986],[32.669400258999985,35.010451572000022],[32.669420461000016,35.010380304000023],[32.669409727000016,35.010263511000005],[32.669355995999979,35.010158891999993],[32.669321045999993,35.010090846000026],[32.669324836999976,35.010012854000024],[32.66935429199998,35.009914186000003],[32.669440773000019,35.009827136000013],[32.669563829000026,35.009786855000016],[32.669731984000009,35.009763114000009],[32.66981997900001,35.009750692000011],[32.669894009000018,35.009740239999985],[32.669964481000022,35.009672141999999],[32.670089510000025,35.009551326000008],[32.670099715999982,35.009535079999978],[32.670133306000025,35.009481612000002],[32.670180422999977,35.009406612000021],[32.670177039999999,35.009314938999978],[32.670174461999977,35.009245061999991],[32.67012189899998,35.009183430999997],[32.669894732999978,35.008993552999982],[32.669832397999983,35.008941450000009],[32.669761931999972,35.008845413000017],[32.669716642000026,35.008783687000005],[32.669712204000007,35.008777638000026],[32.669651574999989,35.008695008000018],[32.669636866000019,35.008602230999998],[32.669578929000011,35.008382567000012],[32.669547781999995,35.008264472999997],[32.669514612,35.008138711000015],[32.669517659000007,35.008061537999993],[32.669519416000014,35.00801700300002],[32.66954877400002,35.007963913000026],[32.669623464999972,35.007902381000008],[32.669893790000003,35.007822609000016],[32.670092398000008,35.007799815999988],[32.670293058000027,35.007789127000024],[32.67039603500001,35.007778170999984],[32.670521178000001,35.007740486999978],[32.670624439999983,35.007658667999976],[32.670713138999986,35.007541376999995],[32.670784898000022,35.007457744000021],[32.670854440000028,35.007402623000019],[32.670931300000007,35.007357028000001],[32.671019695999973,35.007314923000024],[32.671104922999973,35.007277993999992],[32.67121228100001,35.007222109999987],[32.671297723999999,35.007130737000011],[32.671349448000001,35.007066061999979],[32.671371743999998,35.007006492000016],[32.671362715999976,35.006900170999984],[32.671308435000014,35.006816195999988],[32.671168222999995,35.006740434999983],[32.671083366000005,35.006694584000002],[32.67091267699999,35.006597553000006],[32.670793738999976,35.006533063999996],[32.670521865000012,35.006373731999986],[32.670352845000025,35.006312385999991],[32.67028518799998,35.006277931999989],[32.670252155000014,35.006227894999995],[32.670249163999983,35.006171277000021],[32.670240455999988,35.006067885999983],[32.670272172000011,35.005964947999985],[32.670343523999975,35.005865551999989],[32.670417128999986,35.005763017999982],[32.670482328999981,35.005598067999983],[32.67048883199999,35.005542715999979],[32.670497452999996,35.005469328999993],[32.670477012999982,35.005362815000012],[32.670461052999997,35.005279658000006],[32.67038802899998,35.005175414999997],[32.670177715000023,35.005061517999991],[32.670008965000022,35.004990659999976],[32.669927857000005,35.004921755999987],[32.669784327000002,35.004799826999999],[32.669747019999988,35.00474269],[32.669733935000011,35.004660979999983],[32.669726662000016,35.004615571999977],[32.669735348000017,35.00453145900002],[32.669806693999988,35.004433779999999],[32.669903037999973,35.004346472000009],[32.670057901999996,35.004237000999979],[32.670218936000026,35.004149869000003],[32.670386334999989,35.004036997000014],[32.670475461000024,35.003976903000023],[32.670541964999984,35.003932061],[32.670614510000007,35.003859042999977],[32.670600303000015,35.003759414000001],[32.670525598999973,35.003654471000004],[32.670414354999991,35.003498196999999],[32.670286728000008,35.003377374000024],[32.670259853999994,35.003313769999977],[32.670274800000016,35.003229675],[32.670383800000025,35.003108059999988],[32.670614225999998,35.002888901000006],[32.670737612999972,35.002822270000024],[32.670898534000003,35.002762609000001],[32.671021747999987,35.002738904000012],[32.671237014999974,35.002657068000019],[32.67134579399999,35.002590397000006],[32.671669934000022,35.002417851000018],[32.671841207,35.002326677999974],[32.671974628999976,35.00225565400001],[32.672105019000014,35.002158033000001],[32.67215120100002,35.002089474999991],[32.672201761999986,35.002014416999998],[32.67219959900001,35.001989541],[32.672195605000013,35.001943644999983],[32.672181082999998,35.001909837000028],[32.672141808999982,35.001828456999988],[32.671964731999992,35.001754144000017],[32.671801103000007,35.001685475999977],[32.671512500000006,35.001605254000026],[32.671239211999989,35.001529287999972],[32.671108550999975,35.00145812400001],[32.671077027000024,35.001440953999975],[32.671016786999985,35.001372107999998],[32.670960939999986,35.00124832900002],[32.67098230900001,35.001123039999982],[32.671074550000014,35.001016832999994],[32.671242473999996,35.000823480999998],[32.671531320999975,35.000551028000018],[32.671701136000024,35.000390848999984],[32.671812172999978,35.000242716000002],[32.67186479999998,35.000127814999985],[32.671938231000013,35.000028423999993],[32.672107862000018,34.999876062999988],[32.672281386000009,34.999794112000018],[32.672490231999973,34.999750032999998],[32.67261589200001,34.999723510000024],[32.672673787999997,34.999696733000007],[32.672738621999997,34.999656800000025],[32.672820679999973,34.999562045999994],[32.672796419999997,34.999366236000014],[32.672700979000012,34.999228613000014],[32.672567585000024,34.999036261000015],[32.672475467000027,34.998873216999982],[32.672383513,34.998777671000028],[32.67224917499999,34.998714206999978],[32.672017575999973,34.998708430000022],[32.671849935000012,34.998704248000024],[32.671714855999994,34.998700878000022],[32.671557674999974,34.99865567400002],[32.671430960999999,34.998642453999992],[32.671255893000023,34.99858918000001],[32.671106031000022,34.998494764999975],[32.670981229000006,34.998395265999989],[32.670944029999987,34.998365607999972],[32.670890568999994,34.998322986999995],[32.670806981999988,34.998256346999995],[32.670739331999982,34.998225908999984],[32.670578282999998,34.998189412999977],[32.670425110999986,34.998140061000015],[32.670242443000006,34.998031389999994],[32.670144267000012,34.997926811000013],[32.670066514999974,34.997802971999988],[32.670063724999977,34.997717969999997],[32.670100040000023,34.997638225000003],[32.670200544000011,34.997552214999985],[32.670393525999998,34.997430398999995],[32.670556092000027,34.997327782000013],[32.670644209999978,34.997272156999998],[32.670693455999981,34.997176228000001],[32.670714277000002,34.997057806999976],[32.670672588999992,34.996916036000016],[32.670604180999987,34.996803811999996],[32.670385913000018,34.996597172000008],[32.670258739000019,34.996499201000006],[32.670229898000002,34.996476984000026],[32.670150417000002,34.996394348000024],[32.670138685999973,34.996344292000003],[32.670118106000018,34.996256465999977],[32.670185774000004,34.996162640000023],[32.670298833999993,34.996067649999986],[32.670777444999999,34.995743135999987],[32.670853083999987,34.995613273000004],[32.670874077000008,34.995451066999976],[32.670859081999993,34.995287475999987],[32.670801933000007,34.995099304000007],[32.670805340000015,34.99502977100002],[32.670810393000011,34.994926701999987],[32.670874975999993,34.994835501000011],[32.671012981999979,34.994762471000001],[32.671188438999991,34.994716587000028],[32.671484455999973,34.994655573999978],[32.67161157999999,34.994629369999984],[32.671742671000004,34.994602351000026],[32.67183864499998,34.994526463999989],[32.671890739999981,34.994413276999978],[32.671862929999975,34.99432305800002],[32.671810022999978,34.994248221000021],[32.671807283000021,34.994245182999975],[32.67160280500002,34.994018432000018],[32.671534327000018,34.993942494999999],[32.67147527100002,34.993821054000023],[32.671436285000027,34.993740886000012],[32.671421101000021,34.993670235000025],[32.671414183000024,34.993443564000017],[32.671408325000016,34.99325167500001],[32.671411997000007,34.993207459000018],[32.671423504000018,34.993068839999978],[32.671431499999983,34.992972522000002],[32.671511975999977,34.992859167000006],[32.67161560400001,34.992773164000027],[32.671724053999981,34.992654980999987],[32.671757475999982,34.992514701000005],[32.671734577999985,34.992370404999974],[32.671642657999996,34.992268420000016],[32.671523116999992,34.992135792999989],[32.671443357999976,34.992016761000002],[32.671412513000007,34.991903351000019],[32.671494160000009,34.991835319000018],[32.671632134999982,34.991768725999975],[32.671746330000019,34.991713609999977],[32.671912596000027,34.99167535700002],[32.672039810000001,34.991662818999998],[32.672339514999976,34.991666887999997],[32.67249145400001,34.991646047000017],[32.672599768999987,34.991631190000021],[32.672722695999994,34.991597836999972],[32.672843758999988,34.991534597999987],[32.67295562999999,34.991459383000006],[32.672999542000014,34.991373660000022],[32.673016382000014,34.991289495999979],[32.673017429000026,34.991192249999983],[32.672964052999987,34.991001320000009],[32.672872102999975,34.990882272000022],[32.672600945999989,34.990672194000012],[32.672318109000003,34.990453061999972],[32.672094420000008,34.990329641000017],[32.671705296000027,34.990125036999984],[32.67158612999998,34.990062378000005],[32.671514847000026,34.989984714000002],[32.671485501999996,34.98983903300001],[32.671539885000016,34.989666052000018],[32.671578205000003,34.989544169999988],[32.671830778000015,34.989457288999972],[32.67197306700001,34.989354649999996],[32.672101338000004,34.989224336999996],[32.672134459999995,34.989158749000012],[32.672150113999976,34.989059309000027],[32.672127019000015,34.988964592999992],[32.672051039999985,34.988888085999974],[32.671963257000016,34.988827965999974],[32.671590977999983,34.988595154999985],[32.671432056000015,34.988495770999975],[32.671301873999994,34.988400237000008],[32.671093669000015,34.988225820000025],[32.671033941000019,34.98817578400002],[32.671028407999984,34.988110706999976],[32.671042731,34.988050862000023],[32.67106279799998,34.988021942999978],[32.671176837000019,34.987972027000012],[32.671338779999985,34.987975362999975],[32.671603001999983,34.987935511999979],[32.671802078999974,34.987905485999988],[32.672131012000023,34.987855873000001],[32.672334681999985,34.987803235999991],[32.672707179999975,34.987686406000023],[32.67289746199998,34.987646353999992],[32.673084291999999,34.987588905999985],[32.673127841999985,34.987557148999997],[32.673151490999999,34.987512784999979],[32.673151647999987,34.987473184999999],[32.673123792000013,34.987394875999996],[32.67305780800001,34.987209372999985],[32.673025418999998,34.987047066000002],[32.673061727000004,34.986967320000019],[32.673140335000028,34.986874810000018],[32.673314969999979,34.98663703699998],[32.67335605300002,34.986536698999998],[32.673370447000025,34.986458180999989],[32.673409385000014,34.98641760999999],[32.673452966000013,34.986414468000021],[32.673493862999976,34.98642272699999],[32.673529415000019,34.986446726999986],[32.673564829999975,34.986505496999996],[32.673593492000009,34.986602280999989],[32.673611710999978,34.986663804999978],[32.673630482000021,34.986727185000007],[32.673659487999998,34.98677305199999],[32.673756179000009,34.986861325000007],[32.673789651999982,34.986882872000024],[32.673841777999996,34.986916426999983],[32.673898056999974,34.986952653999992],[32.674006500000019,34.986995647000015],[32.674068207999994,34.987020110999993],[32.674111545000017,34.987037290999979],[32.674142873999983,34.987065554000026],[32.674165820999974,34.987105276000023],[32.674193199999991,34.987192818999972],[32.674211800000023,34.987252289000025],[32.674221799999998,34.987284263999982],[32.674277098000005,34.987344622000023],[32.67435251400002,34.987426941000024],[32.674425050000025,34.987506112999995],[32.674502630999996,34.987571236999997],[32.674554657999977,34.98760288699998],[32.674604760000022,34.987620406000019],[32.674662176000027,34.987624906999997],[32.674794893000012,34.987617655999998],[32.674959757000011,34.987608648999981],[32.675040362999994,34.987604245],[32.67521281400002,34.987605735999978],[32.675308551000001,34.987606562999986],[32.675424054000018,34.987607561000004],[32.675521850999985,34.987608405999993],[32.675599077000015,34.987609071999998],[32.67566825900002,34.987620535000019],[32.675724892000005,34.987656544000004],[32.675830818999998,34.987747012999989],[32.675904992000028,34.987810362000005],[32.67596604900001,34.987862510000014],[32.676009807000014,34.987892005999981],[32.676051997999991,34.98790733200002],[32.676147639000021,34.987927688000013],[32.676205057000004,34.987931644000014],[32.676285543999995,34.987944896999977],[32.676340259000028,34.987953908000009],[32.676474503000009,34.987976014000026],[32.67655600400002,34.987996144000022],[32.676629934999994,34.988014405999991],[32.676843759999997,34.98805114999999],[32.676953957000023,34.988082350000013],[32.677035401000012,34.988105410000003],[32.677141424000013,34.988161081999976],[32.677203130999999,34.988193484000021],[32.677318171000024,34.988280352000004],[32.677403678000019,34.988323077000018],[32.677459397000007,34.988350916999991],[32.677540889999989,34.98834855299998],[32.677634888,34.988320793000014],[32.677720831999977,34.988251479999974],[32.677770366000004,34.988189797000018],[32.677823623999984,34.988075967999976],[32.677838693000012,34.987989239000001],[32.677839131999974,34.987986711000019],[32.677841113999989,34.987975307999989],[32.67774917700001,34.987644788000011],[32.677664949000018,34.987459951999995],[32.677570175000028,34.987359121999987],[32.677363833000015,34.987198052999986],[32.67708852200002,34.987009500999989],[32.676626315000021,34.986700648999999],[32.676498820999996,34.986569809999992],[32.676352085000019,34.986371097000017],[32.676088818999972,34.986329032000015],[32.675822171999982,34.986295094000013],[32.67570441700002,34.986183288999996],[32.675667082000018,34.985901069000022],[32.675609124000005,34.985727213000018],[32.675518586999999,34.985504380999998],[32.67540096099998,34.985379022000018],[32.675269884999977,34.985283432000017],[32.675033403999976,34.985187284999995],[32.674787105000007,34.985080218000007],[32.674652459000015,34.985022556999979],[32.674577539999973,34.984913700999982],[32.674578597999982,34.984778119999987],[32.674609334000024,34.984637279000026],[32.674610055000016,34.984545090999973],[32.674561553999979,34.984425510999984],[32.674516188999974,34.984330364000016],[32.674440955000023,34.98425946499998],[32.674335919999976,34.984207399000013],[32.674214855999992,34.984098281000001],[32.674080808999975,34.983962003999977],[32.673844920000022,34.983789919999992],[32.673635719999993,34.98357458800001],[32.673524477000001,34.983476370000005],[32.673331057999974,34.983350610000002],[32.673088499000016,34.983189341000013],[32.672921475999999,34.983058292999999],[32.672869326000011,34.982984815999998],[32.672797929000012,34.982846144000007],[32.672709801999986,34.982737213000007],[32.672584832999974,34.982709418000013],[32.672308653000016,34.982632032000026],[32.672164264000003,34.982558050000023],[32.67197332500001,34.982538056999999],[32.671856354999989,34.982547255999975],[32.671811767999998,34.982550762000017],[32.671650348000014,34.982547195999985],[32.671535238999979,34.982519468000021],[32.671311675000027,34.982458629000007],[32.671299550000015,34.982454097000016],[32.671127704000014,34.982389859000023],[32.67102292200002,34.98230524600001],[32.670895442000017,34.982174401000009],[32.670869974000027,34.982060376999982],[32.670924457000012,34.981835606999994],[32.670912967999982,34.981618597000022],[32.670920853999974,34.98145322900001],[32.670928772000025,34.98128514299998],[32.670845155999984,34.981024385000012],[32.670737413999973,34.980896370999972],[32.670646049000027,34.980784708999977],[32.670626857000002,34.980711379000013],[32.670664316,34.980554305999988],[32.670714067999995,34.980513900000005],[32.670799914999975,34.98048994200002],[32.67095225700001,34.980518147999987],[32.670980862000022,34.980523442999981],[32.671198134999997,34.980546285999992],[32.671412219999979,34.980558267999982],[32.671507340000005,34.980610311000021],[32.671579200999986,34.980692036999983],[32.67162454999999,34.980789902000026],[32.67170317199998,34.980849976000002],[32.671821172000023,34.980926526000019],[32.672011801999986,34.980987178000021],[32.672186474,34.980979982999997],[32.672473075000028,34.980986917999985],[32.672753161000003,34.980982977999986],[32.672907996999982,34.980986504999976],[32.673105684000006,34.980987545999994],[32.673428046000026,34.981054337999979],[32.673576276999995,34.981057826999972],[32.673635821000005,34.981028320999997],[32.673705686000005,34.980941911999992],[32.673831749999977,34.980831405000004],[32.674043594000011,34.980707789000007],[32.674136304000001,34.980648606999978],[32.674307763999991,34.980630548000022],[32.674376908999989,34.980636324999978],[32.67450511200002,34.980674960999977],[32.674685914999998,34.980727445000014],[32.674860609000007,34.980720227000006],[32.674940031999995,34.980674541999974],[32.675135372999989,34.980553559999976],[32.675360198000021,34.980451685999981],[32.675693973000023,34.980323290000001],[32.675881818999983,34.98031886299998],[32.676000687999988,34.98028423300002],[32.676106585000014,34.980225123000025],[32.676258554000015,34.98017169000002],[32.676377593999973,34.980118088999973],[32.676595213999974,34.980094829999985],[32.676776668999992,34.980065958000012],[32.676856045000022,34.980025706999982],[32.676992030999997,34.979909806000023],[32.677241256999991,34.979637244999992],[32.677314186999979,34.97958068600002],[32.677452765999988,34.979554281999981],[32.67755196600001,34.979506006000008],[32.677750278000019,34.979425687000003],[32.677882039999986,34.979429087000028],[32.677980545000025,34.979472998000006],[32.678111925999985,34.97952521000002],[32.678243824999981,34.979512339999985],[32.678323144999979,34.979480222999996],[32.678448987000024,34.979399532999992],[32.678729368000006,34.97935490499998],[32.678897925999991,34.979287998000018],[32.678954486999999,34.979217783000024],[32.67889285199999,34.97906627399999],[32.678791147000027,34.978867682999976],[32.678604257000018,34.978555477999976],[32.678348712999991,34.978221695000002],[32.677965185999994,34.977745770000013],[32.677633035999975,34.977305473999991],[32.677478948999976,34.977203410000016],[32.676596082000003,34.976453459000027],[32.676485813999989,34.976247763000003],[32.67659992900002,34.975958357000025],[32.678369481999994,34.975224937999997],[32.678614024000012,34.975094399999989],[32.678761228999974,34.974974927999995],[32.678856958999972,34.974833964000027],[32.679450979000023,34.973677045999978],[32.679903862000003,34.973129486000005],[32.679904399000009,34.973058750999996],[32.679844783000021,34.972980641999982],[32.679262853000012,34.972574404],[32.678914871000018,34.971957202999988],[32.678503647000014,34.971462585999973],[32.678231949000008,34.970994312000016],[32.678079861000015,34.970632777999981],[32.677989228999991,34.970115952000015],[32.677956516999984,34.969896500000004],[32.678018638000026,34.969637092000028],[32.678159127000015,34.969270017999975],[32.678746982000007,34.968905280000001],[32.679272100999981,34.968721233999986],[32.679633358999979,34.968451524999978],[32.679697303000012,34.968283410000026],[32.67983097299998,34.968280672999981],[32.679843958999982,34.968222292999997],[32.679718954000009,34.968183828000008],[32.679740225999979,34.968132372000014],[32.679870041000015,34.968088340999998],[32.67984160200001,34.967985065999983],[32.679967547999979,34.967903222000018],[32.679976212999975,34.967862000000025],[32.679817533000005,34.967857729999992],[32.680103710000026,34.967577319999975],[32.680237377000026,34.967574581999997],[32.680279343999985,34.967547314000001],[32.680368385000008,34.96737588000002],[32.680460303000018,34.967369471999973],[32.680524105000018,34.967218548000005],[32.680726019000019,34.967033956000023],[32.680718148999972,34.966968596000015],[32.68082754400001,34.966866036999988],[32.680836585000009,34.966776686999992],[32.680916219999972,34.966739288999975],[32.680883171000005,34.966690996000011],[32.681259785999998,34.966053504999991],[32.682073550999974,34.965050453000003],[32.682178195000006,34.965020062000008],[32.682275369000024,34.96487618499998],[32.682573568999999,34.964657715999977],[32.68262443399999,34.964558268000019],[32.682758435999972,34.964510840999992],[32.682604409000021,34.963904969999987],[32.682596912000008,34.963791483000023],[32.682538926999996,34.963729296999986],[32.682213767000007,34.963651981999988],[32.682076828999982,34.963537803999998],[32.682182952000005,34.963314904000015],[32.682200115000001,34.963256553000008],[32.682184267000025,34.963146446999986],[32.68194846099999,34.962853010000003],[32.681756813999982,34.962793563999981],[32.681713147999972,34.96272081699999],[32.681673524000018,34.962444184999981],[32.681632033000028,34.962226568000005],[32.681684123000025,34.961963943000001],[32.681626280999978,34.961852808000003],[32.681431013999998,34.96165569499999],[32.681454355000028,34.961314768000022],[32.681420930000002,34.961173914000028],[32.681374843000015,34.961106889000007],[32.681415920000006,34.960928055000011],[32.681433878999997,34.960835793999991],[32.68138952999999,34.96076734799999],[32.68116749699999,34.960459259000004],[32.681178492000015,34.960153794999997],[32.681143383999995,34.960005817000024],[32.680959256999984,34.959706450999988],[32.680888759000027,34.959447453999985],[32.680750805000002,34.95920517899998],[32.680651372,34.959117967999987],[32.680443926000009,34.958933570999989],[32.680469703000028,34.958724834999998],[32.68043577100002,34.958647907],[32.680411967999987,34.958379217000015],[32.680503939999994,34.958312906999993],[32.680462829000021,34.958274330999984],[32.680409449000024,34.958257000999993],[32.680312274000016,34.958323275999987],[32.679667302999974,34.958247438000001],[32.679399751000005,34.95824888300001],[32.679299811000021,34.958225620000007],[32.678957861000015,34.958026315999973],[32.678782468000009,34.957938709000018],[32.678952427000013,34.957835860999978],[32.678899338999997,34.957780162000006],[32.678828042000021,34.957624908000014],[32.678816594000011,34.957545263999975],[32.678734227999996,34.957480900999997],[32.678765180000028,34.957273584999996],[32.678688704000024,34.957118299999991],[32.678463206999993,34.956814440000016],[32.677960944000006,34.956367023999974],[32.678268265999975,34.956131341999992],[32.678191159999983,34.956058465000012],[32.678363213000011,34.955905891999976],[32.678335306000008,34.955722434999984],[32.678287771999976,34.955619872999989],[32.678186423,34.955556828999988],[32.678206520999993,34.955410558999972],[32.678111793000028,34.955385922000005],[32.678152189999992,34.955296596999972],[32.678093869000008,34.955249407999986],[32.678127263000022,34.955171428000028],[32.678195405999986,34.955063791999976],[32.678107249999982,34.954858704000003],[32.678048332000003,34.954442033000021],[32.677953628000012,34.954411703999995],[32.677966308999999,34.954333608000013],[32.678006171999982,34.954313922999972],[32.677930860000004,34.954232525000009],[32.677884314999972,34.954223757000022],[32.677588990999993,34.954247791],[32.677420197000004,34.954200015000026],[32.677234769999984,34.954075397999986],[32.676931771999989,34.953972919000023],[32.676612302000024,34.953770890999976],[32.676418235000028,34.953644820000022],[32.676319985000021,34.953628659000003],[32.676139368000008,34.953549560999988],[32.676041699999985,34.953458107000017],[32.675785141999995,34.953156917000001],[32.675734029000012,34.952848296000013],[32.675573966999991,34.952568933000009],[32.675658519000024,34.952347701000008],[32.675627341999984,34.95214006499998],[32.675572746,34.952058797999996],[32.675528224000004,34.952013073999979],[32.675511954000001,34.951886517999981],[32.67551467200002,34.951757236999981],[32.675446421000004,34.951211211999976],[32.675325466000004,34.951008791999982],[32.675093170000025,34.950694933000023],[32.675078316999986,34.950606752999988],[32.675187387999983,34.95034160199998],[32.675196473000028,34.950061715000004],[32.675112270999989,34.949791274999995],[32.675007288000018,34.949532105999992],[32.675019523999993,34.949067494000019],[32.675107351999998,34.948870442999976],[32.67513250899998,34.948742689000028],[32.675077687999988,34.948466715999984],[32.675067840999986,34.94818118400002],[32.67505315599999,34.947755416999996],[32.674633732000018,34.947081646000015],[32.674866366000003,34.946638862999976],[32.674823113999992,34.946133563999979],[32.674650342999996,34.945810730000005],[32.674532012999975,34.945427144000007],[32.674607620000018,34.945238840000002],[32.674947094000004,34.944924261999972],[32.675069980999979,34.944725113999993],[32.674947910000014,34.943952987999978],[32.675331351000011,34.943183523000016],[32.675363634999997,34.942501026000002],[32.675244938999981,34.94216183399999],[32.67529499699998,34.941790235999974],[32.675263229999985,34.941540314000008],[32.675399807000019,34.941313471000001],[32.675685534000024,34.940976415000023],[32.675917372000015,34.940633521999985],[32.676161422000007,34.940451650999989],[32.676472188999981,34.940358939000021],[32.676650065999979,34.940021299000023],[32.677043239,34.939734765000026],[32.677105686000004,34.939501973999995],[32.67696943499999,34.938818577999996],[32.676594319000003,34.938516897],[32.676442221000002,34.938138698999978],[32.676510458999985,34.938033587999996],[32.675801856000021,34.938146416999984],[32.675370018000024,34.938205206000021],[32.67514632000001,34.938370524999982],[32.674798533000001,34.938890426],[32.674663032000012,34.938978497999983],[32.674342583999987,34.938582752999991],[32.674318206000009,34.938249618999976],[32.674388453000006,34.937883667999984],[32.67435653299998,34.937655945000017],[32.674066939999989,34.937626654999974],[32.673595138999985,34.937624174999996],[32.673170959999993,34.937566419000007],[32.672967264000022,34.937759619000019],[32.672588441000016,34.937935213000003],[32.672055367999974,34.93801008600002],[32.671826338000017,34.937992237999993],[32.671564569999987,34.937852092000014],[32.671383687999992,34.937712379000004],[32.67116110500001,34.937733388000026],[32.671018855999989,34.937821437000025],[32.670908242999985,34.938176069000008],[32.670751611000014,34.938380597999981],[32.670568460000027,34.938529474999996],[32.670068415999992,34.938693332000014],[32.669749938999985,34.938908098000013],[32.669230438999989,34.938971944000002],[32.668986790000019,34.939098301000001],[32.668710246999979,34.939124573000015],[32.668313501,34.939005918000021],[32.668071162999979,34.938965772000017],[32.667706898000006,34.939002675999973],[32.667131063999989,34.939371481000023],[32.666886121000005,34.939664334999975],[32.666637176999984,34.939607505000026],[32.66634818,34.939500500000008],[32.66616781099998,34.939294190999988],[32.665846041999998,34.939070458999993],[32.665612598999985,34.938758398000004],[32.665541693000023,34.938347299999975],[32.665360566000004,34.938240882000002],[32.664856242999974,34.93808832000002],[32.664736070999993,34.937943385999972],[32.664751826999975,34.937654853000026],[32.664377593999973,34.937247688000014],[32.664385728000013,34.937070117000019],[32.664157373000023,34.936968985000021],[32.664057551999974,34.936807504000001],[32.664066127000012,34.936574432999976],[32.663871981,34.936406901999987],[32.663536276000002,34.936244142000021],[32.663249452000002,34.935865181999986],[32.663091998000027,34.935320425999976],[32.662959854000007,34.934986698999978],[32.662887339000008,34.934780956999987],[32.662604250000015,34.934570388999987],[32.66265709999999,34.934033940999996],[32.662909646999992,34.933611671999984],[32.663501627000016,34.932580880999978],[32.663254288000019,34.932171736999976],[32.662324350999995,34.931536305000009],[32.662699358999987,34.931281153999976],[32.662299314999984,34.930892382000025],[32.662171012999977,34.930767693999996],[32.661845493999976,34.930172072000005],[32.662623269999983,34.929826595999998],[32.66269089299999,34.929780317999985],[32.663524510999991,34.929209816000025],[32.663292193000018,34.928758997999978],[32.663032498999996,34.928192883000008],[32.662980811000011,34.928080206000004],[32.663025421999976,34.927553180000018],[32.663142370000003,34.927298649000022],[32.663340860999995,34.926866640000014],[32.663709220999976,34.926302494000026],[32.663764859000025,34.926086332000011],[32.663948643000026,34.925854214000026],[32.664165518000004,34.925699963999989],[32.664337202000013,34.925295715000004],[32.664373510000019,34.924962902000004],[32.664214287999982,34.924645683999984],[32.664269205999972,34.924518326999987],[32.664492148000022,34.924447364999992],[32.664662995000015,34.924148563000017],[32.664718559999983,34.923937953000006],[32.665030940000008,34.923634376999985],[32.665166866999982,34.923490795000021],[32.665427217999991,34.922948268000027],[32.665360360000022,34.921917409999992],[32.665435768000009,34.921303736000027],[32.665672670999982,34.920686201000024],[32.665780559999973,34.920118494999997],[32.665959644999987,34.919793525999978],[32.666184950000002,34.919622066999978],[32.667623991000028,34.919531356999983],[32.667640351999978,34.919419166000012],[32.667602476000013,34.919131932000028],[32.667589696999983,34.918992107000008],[32.667469529000016,34.918822279999972],[32.667381707000004,34.918585892999999],[32.667405815999984,34.918095145999985],[32.667497692999973,34.917814444999976],[32.667596968999987,34.917700604999993],[32.667743468000026,34.917463080000005],[32.668065031000026,34.917040633999989],[32.668352702999982,34.916513156000008],[32.66837694100002,34.916372688000024],[32.668263613000022,34.916067079000015],[32.668276191000018,34.915938471000004],[32.668606687000022,34.915482703999999],[32.668795111000009,34.915433661000009],[32.668987141000002,34.915296467000019],[32.668956698999978,34.915119983000011],[32.668865567000012,34.914933613000017],[32.668945185999974,34.914741020999998],[32.668958196999995,34.914557614999978],[32.668884295999987,34.914390418999972],[32.668720776999976,34.91421558799999],[32.668314064000015,34.914060919000008],[32.668144412999993,34.913928957999985],[32.668009864999988,34.913747143000023],[32.667871873000024,34.913636779000001],[32.667649971000003,34.913528375999988],[32.667352264999977,34.91349580100001],[32.667259832000013,34.913109285000019],[32.667099328000006,34.912917795999988],[32.666860972999984,34.912692515000003],[32.666431679000027,34.912471012000026],[32.665957977000005,34.912375546000021],[32.665541152000003,34.912270338999974],[32.665595471000017,34.912007351999989],[32.665817426999979,34.911462293],[32.666245781999976,34.910970271999986],[32.666364928000007,34.91076671899998],[32.666372272999979,34.910664673999975],[32.666171490000011,34.910338249000006],[32.666211065000027,34.909986512999978],[32.666248854000003,34.90959478100001],[32.66633337799999,34.909328787999982],[32.666479558999981,34.909325786000011],[32.666603574000021,34.909374118000017],[32.666619866000019,34.90950763799998],[32.666722879000019,34.909653558999992],[32.666919015000019,34.909726083999999],[32.66733224699999,34.909783088999973],[32.667412092000006,34.909928886999978],[32.667550764999987,34.909951072000013],[32.667805398999974,34.910312237000028],[32.667915391000008,34.910305674000028],[32.668092252999998,34.910254195999983],[32.668176104999986,34.910377885999992],[32.668528230999982,34.910293833000026],[32.670485600999996,34.909757690999982],[32.671666387000016,34.909516702000019],[32.672106385999996,34.909351032000018],[32.672364893999998,34.909183618999975],[32.673086775000002,34.90855220100002],[32.673721073000024,34.908147186000008],[32.67422346799998,34.907531774000006],[32.674438685999974,34.907437109999989],[32.67491335599999,34.907071573999986],[32.674970382000026,34.906829888999994],[32.675228408000009,34.906745546000025],[32.67614161900002,34.906268237999996],[32.677536959999998,34.90562831699998],[32.677717475999998,34.905670256999997],[32.677870937000023,34.905649621000009],[32.677906205999989,34.905578311999989],[32.677862509000022,34.905242095000006],[32.677878771999985,34.905011036000019],[32.677960837000001,34.904870876000018],[32.678214720000028,34.904957989000025],[32.678356951000012,34.904894395999975],[32.678386503000013,34.904815913999983],[32.678372554000021,34.904746725999985],[32.678328620999991,34.904683695000017],[32.67825990099999,34.904603370000018],[32.678280502000007,34.904495003000022],[32.678407949000018,34.904186537999976],[32.678434498000001,34.904159562000018],[32.678632137000022,34.904144323000025],[32.678744239000025,34.904117788000008],[32.678797250000002,34.904074686999991],[32.67883082100002,34.903988079999976],[32.678752423999981,34.903911740000012],[32.678608333999989,34.903813378999985],[32.678476816,34.903796408000005],[32.678417566000007,34.903796095000018],[32.678397969999992,34.903774296999984],[32.67847730699998,34.903731325000024],[32.678668433999974,34.903705214000013],[32.679038585000001,34.903511916000014],[32.679131228000017,34.903452747000017],[32.679348634999997,34.903432178999992],[32.679552956000009,34.903400703999978],[32.679658908000022,34.90331992199998],[32.679799075999995,34.903071178000005],[32.679945374999988,34.90288211699999],[32.680045082999982,34.902757900999973],[32.680243116999975,34.902688429000023],[32.68040840499998,34.902597082999989],[32.68043564300001,34.902477917999988],[32.680384086000004,34.902336640999977],[32.680279315999996,34.902260173000002],[32.680134961000022,34.902199755000026],[32.680076180000015,34.902139794999982],[32.680073255000025,34.902092322999977],[32.68012719699999,34.901924473999998],[32.680184173999976,34.901794611000014],[32.680267061999984,34.901716405999991],[32.680344878000028,34.901868664999995],[32.680413525000006,34.901931386999991],[32.680472727999984,34.901937116999989],[32.68056513800002,34.90190776999998],[32.680598470000007,34.901851006000015],[32.680594478999978,34.901514737000014],[32.680631136999978,34.901457982000011],[32.680683785999975,34.901458257999991],[32.680735847999983,34.901537168999994],[32.680764993000025,34.901599690000012],[32.680820842999992,34.901613526999995],[32.680899897000018,34.901605813000003],[32.680982728999993,34.901535744],[32.681036026000015,34.901454665000017],[32.681049789999975,34.901376103000018],[32.681010957000012,34.90128912900002],[32.680965139000023,34.901253630999975],[32.680981846999998,34.901223889999983],[32.681100634000018,34.901186535000022],[32.681209355000021,34.901173561999997],[32.681288165000012,34.901198371000021],[32.681254808000006,34.901255134999985],[32.681211330999986,34.901344395000024],[32.681279830999983,34.90142610700002],[32.681345287999989,34.901472549999994],[32.68140778999998,34.901478306000001],[32.681503528999997,34.901440831999992],[32.681632669999999,34.901341177999996],[32.681884506000017,34.90112553900002],[32.682220737000023,34.901062215000024],[32.682626280000022,34.900974836999978],[32.68269882300001,34.900956233999977],[32.682751874000019,34.90090769599999],[32.682769079000025,34.900810171999979],[32.682740751999972,34.900639192000028],[32.682658967000009,34.90057367899999],[32.682583258000022,34.900576004000015],[32.682517389999987,34.900581072000023],[32.682490565000023,34.900643308999975],[32.68247057100001,34.900675741999976],[32.682434326000021,34.900680985999998],[32.682378809999989,34.900623735000011],[32.682264535000002,34.90050112900002],[32.682202297999993,34.900462831000027],[32.682172907999984,34.900432851999994],[32.682153457000027,34.900392082999986],[32.682183748999989,34.900305448999973],[32.682283315999996,34.900197502000026],[32.682352616999992,34.900176170000009],[32.682497259999991,34.900198627000009],[32.682642204999979,34.900185824000005],[32.682708161999983,34.900169882],[32.682755000999975,34.900069794999979],[32.682768529999976,34.900021057000004],[32.682857635000005,34.899991698999997],[32.682966489000023,34.899962433999974],[32.683135022999977,34.899876529999972],[32.683271011999977,34.89974165000001],[32.683274888000028,34.899665740999978],[32.683262145000015,34.899608740000019],[32.683209641000019,34.899589475000028],[32.683022079000011,34.899580361999995],[32.682916767999984,34.899577115],[32.682834495000009,34.899576685],[32.682785421000005,34.899535742000012],[32.682795806999991,34.899470725000015],[32.682849077000014,34.899389643999996],[32.682984965999992,34.899268335999977],[32.683127076000005,34.899195856999995],[32.683380946999989,34.899140215999978],[32.683542359,34.899122077000015],[32.683648377999987,34.899033153999994],[32.683708146000015,34.898965663000013],[32.683695736999994,34.898865265999973],[32.683604510000009,34.898742759000015],[32.683503063999979,34.898666301999981],[32.683431064999979,34.898611707999976],[32.683451579000007,34.898511475000021],[32.683541358000014,34.898392628000011],[32.683733657999994,34.898211935000006],[32.683843184000011,34.898093198000026],[32.683903196000017,34.897993165000003],[32.683945215999984,34.897979114999998],[32.684144887000002,34.897912280000014],[32.684270184000013,34.897796948000007],[32.684300645999997,34.897664941000016],[32.684164642999974,34.897470019000025],[32.684346901000026,34.897611240000003],[32.684484318999978,34.897622744999978],[32.684705091000012,34.897437764000017],[32.68489890799998,34.89735515000001],[32.684942175000003,34.897263658999975],[32.684963557999993,34.897034489000021],[32.684987455999988,34.896905144000016],[32.685125943000003,34.896779089000006],[32.685283781999999,34.896688186999995],[32.685488448000001,34.896468077000009],[32.685643045000006,34.896374467999976],[32.685775417999992,34.896189020999998],[32.685982498999977,34.896082209999975],[32.686028960999977,34.895998823000014],[32.686024382000028,34.895742559999974],[32.686022856000022,34.895513272000017],[32.68597113200002,34.895426677999978],[32.685807469999986,34.895420446999992],[32.685768660000008,34.895358214999987],[32.685811978000004,34.895258625999986],[32.685976300999982,34.895178554999973],[32.686111152000024,34.895095630000014],[32.686128863000022,34.894920389999982],[32.686123963999989,34.894704588000025],[32.686085681999998,34.89457220700001],[32.685971967,34.894458327999985],[32.685871894999991,34.894271693999997],[32.685811424999997,34.894044797999982],[32.685809205999988,34.893904530999976],[32.68588527999998,34.893805124999972],[32.686088383000026,34.89378728600002],[32.686209582999993,34.893779833999986],[32.686262527999986,34.893707279000012],[32.686194811999997,34.893569345999992],[32.685993193999991,34.893390291999992],[32.686065988999985,34.893290858],[32.686421574999997,34.89302836600001],[32.686600167999984,34.892789218000019],[32.686881604999996,34.89237528000001],[32.686914807999983,34.892313410999975],[32.686795292999989,34.89210239800002],[32.687392537999983,34.891916660999982],[32.687722317000009,34.891602761999991],[32.688091768999982,34.891101939000009],[32.688251569999977,34.890885312000023],[32.688446312999986,34.890678607999973],[32.688600629999996,34.890617360000022],[32.68878367100001,34.890656061000016],[32.689005225000017,34.890797476999978],[32.689115694999998,34.890944061000027],[32.68928071800002,34.891163032000009],[32.689497346999985,34.89152290200002],[32.689531753999972,34.891733478999981],[32.689478816000019,34.892240313000002],[32.689271882000014,34.892759837000028],[32.689270469999997,34.892945956000005],[32.689370929999995,34.893081328999983],[32.689680926999984,34.893217805999996],[32.689955081999983,34.893329802999972],[32.690003522999973,34.893419065999979],[32.689910313999974,34.893620888999976],[32.689594612000008,34.894236961999979],[32.689417712000022,34.894683811999982],[32.689370071999974,34.894923630999983],[32.689411314999973,34.895096480999996],[32.689573957999983,34.895234888999994],[32.689776332999998,34.895316838999975],[32.690185288999999,34.895354022999982],[32.690768149999997,34.895343519999983],[32.691112351000015,34.895285960000024],[32.691308647000028,34.895305839999992],[32.691461740000022,34.895409135000023],[32.69156473999999,34.895641631999979],[32.691582537999977,34.895884475000003],[32.691671052999993,34.896303037999985],[32.691728441000009,34.896508331999996],[32.691597752000007,34.896906860999991],[32.691507218000027,34.897186937000015],[32.691677524999989,34.897613980000017],[32.691988580999976,34.898044470999992],[32.692224497999973,34.898452980999991],[32.692647392000026,34.899685148000003],[32.692695474999994,34.900254544999996],[32.692733248000025,34.900457034999988],[32.692490815999975,34.90090894399998],[32.692042308999987,34.901335533000008],[32.691919911000014,34.901502139000002],[32.691802010999993,34.901938523000013],[32.691830717000016,34.902038472000015],[32.691944896999985,34.902095691],[32.692219651000016,34.90213217500002],[32.692494394999983,34.902171339000006],[32.692585644000019,34.902228460999993],[32.692620400999999,34.902393175999975],[32.692686302000027,34.903208114999984],[32.692685593000022,34.903302513000028],[32.692355980999992,34.903589437999983],[32.691852297000025,34.903951016000008],[32.691529077999974,34.904259545000002],[32.691232689000003,34.904750623999973],[32.691208395999979,34.90479088699999],[32.690661567000006,34.905430587000012],[32.690470564000009,34.905784036999989],[32.690548676999981,34.906420572000002],[32.690641801000027,34.906776309999998],[32.690633214999991,34.906938726000021],[32.690513801999998,34.90712939399998],[32.690339017999975,34.907334978999984],[32.69035235299998,34.907520273999978],[32.690419194000015,34.907699777999994],[32.690503467999974,34.907763962999979],[32.690653048999991,34.907726776000004],[32.690759673999992,34.907762248999973],[32.690802715000018,34.907920357000023],[32.690715008999973,34.908062622999978],[32.690501225999981,34.908304444999999],[32.690490144000023,34.908454867999978],[32.69040318499998,34.908593929000006],[32.690430515000003,34.908636571999978],[32.691312041000003,34.908565183000007],[32.691772913000023,34.908550844999979],[32.692002987000023,34.908593025000016],[32.692165391999993,34.908809440000027],[32.692255522999972,34.908831161000023],[32.692590078000023,34.90869550299999],[32.692811634999998,34.908653350999998],[32.693089837000002,34.908668389000013],[32.693373169999973,34.908733641000026],[32.693505334999998,34.908802638999987],[32.693558283000016,34.909114153000019],[32.693576172999997,34.909187126000006],[32.693675262999989,34.909245322000004],[32.694096703000014,34.909327935000022],[32.694907591999993,34.909336640999982],[32.695187439999984,34.909376007999981],[32.695345582000016,34.909425413000008],[32.695378221999988,34.909496936999972],[32.695320566000021,34.909809386000006],[32.695368998999982,34.909988783000017],[32.695495476000019,34.910326472000008],[32.69599090600002,34.91013011199999],[32.696221418999983,34.910113067999987],[32.696578783999996,34.910139188000016],[32.696728194000002,34.910123251000016],[32.696780333999982,34.910050630000001],[32.696789582000008,34.909801695999988],[32.696907979000002,34.909743086999981],[32.697640196999998,34.909673940999994],[32.697934438999994,34.909601392000013],[32.698186426000007,34.909606380000014],[32.698398398999984,34.909582128000011],[32.698451078999994,34.909685635000017],[32.698629755000013,34.90969716699999],[32.698780458999977,34.909755625000003],[32.698959290999994,34.909750454999994],[32.699144090000004,34.909684594999987],[32.699252865999995,34.909679075999975],[32.699405135999996,34.909731179999994],[32.699616418999994,34.909615633999977],[32.699830185999986,34.909619759999998],[32.700401229000022,34.909909590999973],[32.700565100999995,34.909892765999984],[32.70153880700002,34.909364215999972],[32.70168854100001,34.909304252000027],[32.701753322000002,34.909266627000022],[32.701858398000013,34.909016636999979],[32.701960564999979,34.908907838999994],[32.702132371999994,34.908855575000018],[32.702582821000021,34.908756117999985],[32.702662632999989,34.908677576999992],[32.702812560999973,34.908345852000025],[32.702811119999978,34.908291188000021],[32.702379956000016,34.908099629999981],[32.702225349000003,34.907853031999991],[32.702229509000006,34.907687026000019],[32.702512798999976,34.90737717799999],[32.702617445999977,34.907317024000008],[32.703118951000022,34.907290694999972],[32.703651143000002,34.907351074000019],[32.704127088999996,34.907043745999999],[32.70436377599998,34.906937132999985],[32.70453698,34.906944085000021],[32.704715167000018,34.907023919999972],[32.704921688000013,34.907008266999981],[32.705375258999993,34.907233721000011],[32.705463843000018,34.907217469999978],[32.705857891999983,34.906740065999998],[32.706320344999995,34.906491797000001],[32.706602662000023,34.906316606000019],[32.706756213000006,34.906315001999985],[32.706923771999982,34.906380275999993],[32.707131441000001,34.906515286999991],[32.707348244999991,34.906570938000016],[32.707847457000014,34.906640315000004],[32.707979892000026,34.906675913000015],[32.708107692999988,34.906840516999978],[32.708394397999996,34.907699744000013],[32.708524612000019,34.907786927000018],[32.708820908000007,34.907847618999995],[32.709587699999986,34.907836251999981],[32.710282665000022,34.907760994],[32.710961931999975,34.907687415999987],[32.711344727999972,34.907391083999983],[32.711886791999973,34.906891600999984],[32.712081016000013,34.90656882799999],[32.712665545999982,34.905337999999972],[32.712540237999974,34.905123245000027],[32.712506457000018,34.904857977000006],[32.712484252000024,34.904683517000024],[32.712572025999975,34.904210334000027],[32.712542168000027,34.904099669999994],[32.71245830700002,34.904036108000014],[32.712336301999983,34.903950259999988],[32.712357177000001,34.903716703999976],[32.712388395000005,34.903641073000017],[32.712174795999999,34.903497920000007],[32.712091199999975,34.903399626000009],[32.711853648999977,34.903392140999983],[32.711630356000001,34.90352995500001],[32.711534604999997,34.903520007999987],[32.711374485000022,34.903405553000027],[32.711186646999977,34.903410936],[32.710971799999982,34.903441440999984],[32.710734618000004,34.903383420000011],[32.710665919999997,34.903342031000022],[32.710480078999979,34.903075890000025],[32.710317609000015,34.902996045000009],[32.710289266000018,34.902982129999998],[32.709986174999983,34.902961010000013],[32.709501567000018,34.902963979999981],[32.709200353000028,34.902962476000027],[32.709004259999972,34.902912959999981],[32.708776575000002,34.902706814999988],[32.708359943999994,34.902370260999987],[32.70790307499999,34.902162976999989],[32.707727190000014,34.902038016999995],[32.70763230099999,34.901584384999978],[32.70743021200002,34.901459303000024],[32.707294402000002,34.901226642999973],[32.707157166999991,34.901188196000021],[32.706869934999986,34.901068070000008],[32.706634156000007,34.901072293000027],[32.706424495000022,34.901087431999997],[32.706209564000005,34.900929892000022],[32.705961214000013,34.900863913000023],[32.705771912999978,34.900782041000014],[32.705506534999984,34.900359929999979],[32.705376258999991,34.900267561000021],[32.705108855999981,34.900120570000013],[32.704979073999993,34.89996346800001],[32.704882151999982,34.899784954999973],[32.704659971000012,34.899724493999997],[32.704391887999975,34.899669200000005],[32.704162385000018,34.899711196999988],[32.703933887000005,34.899618352000005],[32.703536686999996,34.89931423500002],[32.703346427999975,34.899361840999973],[32.702893415999995,34.899521393999976],[32.702505765000012,34.899697472000014],[32.702368342999989,34.899685990000023],[32.702204628999993,34.899685157000022],[32.70210569599999,34.899781760999986],[32.701815128000021,34.900109385000007],[32.701670551999996,34.900178771000014],[32.701553019000016,34.900135026999976],[32.701534288000005,34.900010855000005],[32.701470259000018,34.899816322999982],[32.701398301999973,34.899805173999994],[32.701227738,34.899847466999972],[32.700892426999985,34.90002920400002],[32.700748409000028,34.900023080999972],[32.700579241000014,34.899876557000027],[32.700356758999988,34.89985385],[32.700187485000015,34.899723516999984],[32.699971748999985,34.899673878999977],[32.699736058999974,34.899667292999993],[32.699565063000023,34.899768935999987],[32.699395031999984,34.899735699000018],[32.699265649999973,34.899524636000024],[32.69920209999998,34.899265372000002],[32.699361762000024,34.898931717999972],[32.699528188999977,34.898565715000018],[32.699464035000005,34.898387356000001],[32.699557323000022,34.898172052000007],[32.701320080000016,34.897997529000008],[32.702420924000023,34.897895190999975],[32.702775963000022,34.897702779999975],[32.703538591999973,34.897291212000027],[32.703901055000017,34.896980145999976],[32.704466717999992,34.896637715999987],[32.704998171999989,34.896494736000022],[32.706223968000018,34.896317470999975],[32.707614783999986,34.89595757699999],[32.709012351000013,34.895570733999989],[32.710375930999987,34.895037960000025],[32.715594295000017,34.892998875999979],[32.715618090000021,34.893256982000025],[32.716634709000004,34.893921764000027],[32.716894775000014,34.894159887000001],[32.717084241999999,34.894220034],[32.717418088999977,34.894192061000012],[32.717769316999977,34.894599814999992],[32.717826055999979,34.894562026000017],[32.717962854999996,34.894101705000026],[32.718045486999983,34.894030199999975],[32.718390207000027,34.893917708000004],[32.718835145000014,34.893407016000026],[32.71908386299998,34.892398559000014],[32.719306840999991,34.892082449999975],[32.719884116999992,34.891751161000002],[32.720174231999977,34.891380405999996],[32.720729810000023,34.891209721999985],[32.721415959000012,34.890396834000001],[32.72173107399999,34.890021088000026],[32.721798347000004,34.889940883999998],[32.722699224999985,34.890378687000009],[32.722699878000014,34.890403115000026],[32.722729589999972,34.891534405000016],[32.722658437000007,34.891907306000007],[32.722541406999994,34.892172620999986],[32.722497495000027,34.892243823999991],[32.722583507000024,34.892351406999978],[32.722745943000007,34.892396835999989],[32.723265933999983,34.892360342000018],[32.723801374999994,34.892439102000026],[32.724206470000013,34.892529492999984],[32.724488421999979,34.892643463000013],[32.724691000000007,34.892679709999982],[32.725016665999988,34.892710270999999],[32.725291656000024,34.892740716999981],[32.725450562999981,34.892848442000002],[32.725566190999984,34.892908350000027],[32.725884598999983,34.892944856999975],[32.726550470999996,34.892988109999976],[32.727114797000013,34.893090778999976],[32.727643204000003,34.893109858000003],[32.728059443999996,34.893335461999982],[32.728614902999993,34.893494174000011],[32.729066588000023,34.893509497000025],[32.729379530000017,34.893448159999991],[32.729605660999994,34.893367543000011],[32.730028699999991,34.893287362000024],[32.73050422,34.893097544999989],[32.73090406,34.893026854000027],[32.731599492999976,34.893071336999981],[32.73229422899999,34.893144446000008],[32.732772059000013,34.893133567999996],[32.733322935999979,34.892920047000018],[32.733946242999991,34.892694752000011],[32.734945792000019,34.892529921999994],[32.73604641899999,34.892448810000019],[32.736364563999985,34.892568795999978],[32.737102848999996,34.892606183999987],[32.737671858999988,34.892605027000002],[32.737893561000021,34.892548244000011],[32.738058751999972,34.892505653000001],[32.73822782000002,34.892609805000006],[32.738266617000022,34.892702938000014],[32.738570143999993,34.892868218999979],[32.738813099000026,34.892958211999996],[32.738951787000019,34.893055139000012],[32.739051325999981,34.893169876000002],[32.739255280999998,34.893231153999977],[32.739654867000013,34.89323916799998],[32.740023663999978,34.893368796000004],[32.740345053999988,34.893380219999983],[32.740380171000027,34.893263623999985],[32.740536742000018,34.893199539000022],[32.740718990000005,34.893257189999986],[32.740779755999995,34.893271635000019],[32.741023422000012,34.893136158000004],[32.741197501999977,34.893029162999994],[32.741397372999984,34.893008114999986],[32.741675337999993,34.893015864000006],[32.74195350399998,34.892959191999978],[32.742058018000023,34.892873522000002],[32.742353847999993,34.892723837999995],[32.742614951999997,34.892566921000025],[32.743023376999986,34.892524838999975],[32.743240642999979,34.892496667999978],[32.743585568000015,34.892481648],[32.743736203000026,34.892462878999993],[32.743829190999975,34.89235809500002],[32.743835322999985,34.892248355999982],[32.743760451000014,34.892114588000027],[32.743789687999993,34.89202398499998],[32.743946262000009,34.891957509000008],[32.744062207000013,34.891919578999989],[32.744184060999999,34.891843487000017],[32.744277033000003,34.891743474000009],[32.744416378999972,34.891629244000001],[32.74449178399999,34.891591227999982],[32.744498243999999,34.891375317999973],[32.74465802200001,34.891208640000002],[32.744976892000011,34.891095978999999],[32.745295982000016,34.890911741000025],[32.745650990999991,34.890817047999974],[32.745956684000021,34.890751279000028],[32.746292841000013,34.890666087999989],[32.746385648,34.890618564000022],[32.746247214999983,34.890436946000023],[32.746132008000018,34.890236290000018],[32.746248418999983,34.890045660999988],[32.746631136000019,34.88988421800002],[32.746967170999994,34.889837198999999],[32.747176238000009,34.889646761999984],[32.747280918000001,34.88950382500002],[32.747443186999988,34.889465987999984],[32.747582000000023,34.889523537999992],[32.747943396999972,34.888756424000007],[32.747973882999986,34.888255447000006],[32.747812685999975,34.887859017999972],[32.74867085599999,34.888054090000026],[32.74891218800002,34.888339938999991],[32.749145871999986,34.888616726999999],[32.749653121999984,34.888793358999976],[32.750026907999995,34.888708236000014],[32.750678267000012,34.888756098999977],[32.751207851999993,34.888857391999977],[32.751446262000002,34.889015348999976],[32.751693735000003,34.889048064000008],[32.752071940000008,34.888937892000001],[32.752502038999978,34.888902980000012],[32.752762734999976,34.888871300999995],[32.752975913,34.888753631999975],[32.753084967000007,34.888596383999982],[32.753276287000006,34.888525195],[32.753619388000004,34.888533047999999],[32.753857524000011,34.888784051000016],[32.753828935999991,34.888952199000016],[32.753896171999997,34.889196486999992],[32.754262462999975,34.889196401999982],[32.754603072999998,34.889096918999996],[32.75505247000001,34.888900987999989],[32.755493182000009,34.888948201999995],[32.755602973999999,34.889029542999992],[32.755793587000028,34.889196939999977],[32.756000933999985,34.889112537000017],[32.756160329000011,34.888888338000015],[32.756287355999973,34.888682575000018],[32.756757631000028,34.888277911999978],[32.757070559999988,34.88820696099998],[32.757400216000008,34.888355546000014],[32.757581499000025,34.888789857999996],[32.757992822999995,34.889184635999982],[32.759075137000025,34.889404216999992],[32.759787417999974,34.88941485700002],[32.760728470000004,34.889574977999985],[32.761191022999981,34.889516370000024],[32.761322767000024,34.889179290000015],[32.761467993999986,34.889024490999986],[32.762009308000017,34.889135810000028],[32.762380199999996,34.88899048899998],[32.762641248000023,34.888835915000016],[32.762921386000016,34.888965315999997],[32.763135174000013,34.888976965999973],[32.76330640499998,34.889123520999988],[32.763756424999997,34.889142912000011],[32.764280675999998,34.889230059999988],[32.764678258000004,34.889193669000008],[32.764927269999987,34.888988820000009],[32.764841664000016,34.888679688000025],[32.764749075999987,34.88834534199998],[32.764713330999996,34.888023615000009],[32.764947544999984,34.887895196999978],[32.765140257999974,34.887789532999989],[32.765033277999976,34.887233843999979],[32.764768746000016,34.887029308000024],[32.764428222999982,34.88676601200001],[32.764570241000001,34.886239479999972],[32.764285552999979,34.886064077000015],[32.763929732999998,34.885888716000011],[32.763858388000017,34.885274569999979],[32.764068925999993,34.885049388000027],[32.764125001000025,34.884892811999975],[32.764137408000011,34.884757808000018],[32.764206698999999,34.884673465999981],[32.76435743799999,34.884611725000013],[32.764537566000001,34.884397342],[32.764636949000021,34.884068279000019],[32.764640563,34.883607112999982],[32.764489663000006,34.882784693000019],[32.76432945800002,34.882106785000019],[32.764307194000025,34.881791802000009],[32.764417632999994,34.881402605999995],[32.764937141000019,34.880993260000025],[32.765078723999977,34.880480479000028],[32.765208310999981,34.879599981000013],[32.764856727999984,34.878482882000014],[32.764673855000012,34.877494151000008],[32.765171602999999,34.876616528999989],[32.765135835000024,34.876265584999999],[32.765171280000004,34.875768332999996],[32.764886118999982,34.875023176000013],[32.764885949000018,34.874101239000026],[32.765099151000015,34.873428486000023],[32.765429686999994,34.872764890999974],[32.765847865000012,34.872307600999989],[32.766544118000013,34.871793582999999],[32.767317295999987,34.871716330000027],[32.76759045,34.871891442999981],[32.768230865000021,34.872125229999995],[32.769084591000023,34.872183575000008],[32.770077872999991,34.872158203000026],[32.770672069999989,34.871966137000015],[32.770798436000007,34.871633108000026],[32.770907283999975,34.871367769000017],[32.770938496999975,34.871083183999986],[32.771170801999972,34.870827136000003],[32.771598415000028,34.870607242999995],[32.771991634000017,34.870460315999992],[32.772170064000022,34.870644104000007],[32.772208417999991,34.870790173999978],[32.772601888999986,34.871521734999988],[32.772970077000025,34.871856450999985],[32.773230624000007,34.871856938000008],[32.773513161999972,34.871756061999974],[32.773701988000028,34.871517822999976],[32.773891220999985,34.871130463999975],[32.774109289000023,34.870784911999976],[32.774326669000004,34.870689878999997],[32.774427671000012,34.870688750999989],[32.774847512999997,34.87078031599998],[32.77515084700002,34.871013504000018],[32.775440081999989,34.871109475000026],[32.775710861999983,34.871071799999982],[32.776023930000008,34.870919678999996],[32.776371528000027,34.87084397000001],[32.777019865,34.870892878000006],[32.777992639999979,34.870866028000023],[32.778814877999991,34.87083889500002],[32.779289748999986,34.870801583000002],[32.779556286000002,34.870725718000017],[32.77976523000001,34.87053522299999],[32.779882145999977,34.87011551400002],[32.779975444999991,34.869867548000002],[32.780138093000005,34.869667424999989],[32.780439263000005,34.869629793999991],[32.78103004899998,34.869544967000024],[32.781370933999995,34.869522674999985],[32.781580623000025,34.869482810000022],[32.781816859999992,34.869480529999976],[32.781954938000013,34.869493051000006],[32.782169935000013,34.869519337999975],[32.782337625000025,34.869600758999979],[32.782470249000028,34.869806185000016],[32.782619805000024,34.870178655000018],[32.782757957000001,34.870484298999997],[32.782994764000023,34.870704225999987],[32.783272515000021,34.870766754999977],[32.783648980999999,34.870719708000024],[32.783898444999977,34.870529277999992],[32.784182869999995,34.870253016999982],[32.784548029000007,34.869937090000008],[32.784588578000012,34.869793399999992],[32.784605078000027,34.869771877999995],[32.784601930999997,34.869750280000005],[32.784299343999976,34.869457564000015],[32.784123474000012,34.868809236000004],[32.78359664300001,34.868259220000027],[32.783352762999982,34.868004526999982],[32.783031897000001,34.868008529999997],[32.782891253999992,34.867991716000006],[32.782649428000013,34.867923206],[32.782528644000024,34.867871418999982],[32.782254911999985,34.867673248000017],[32.782084611000016,34.867683289000013],[32.781993585999999,34.867585770999995],[32.781781873999989,34.867417552999996],[32.781522988999996,34.867456887000003],[32.781302691000008,34.867099773999996],[32.781293103999985,34.867064651000021],[32.781383823999988,34.866703502000007],[32.78156455300001,34.866599060999988],[32.78158120400002,34.866555967000011],[32.781565074000014,34.866518116000009],[32.781493142999977,34.866504315999975],[32.781388506999974,34.866484963000005],[32.781386268999995,34.866325764999999],[32.781347544000027,34.86623655599999],[32.781243302999997,34.866157847000011],[32.781239013000004,34.866156158000024],[32.78079268099998,34.865980494999974],[32.781239844000027,34.86584234899999],[32.781274871999983,34.865831518999983],[32.781650339000009,34.865482418999989],[32.782080979999989,34.865201005000017],[32.78200750100001,34.864920074999986],[32.781765276999977,34.864916316999995],[32.781832897000015,34.864584733000015],[32.781633800000009,34.864494825000008],[32.781266233999986,34.864128960000016],[32.781274515000007,34.863958405999995],[32.781246289000023,34.863663971999983],[32.781289443999981,34.863661162000028],[32.781313792999981,34.863659582000025],[32.781411839999976,34.863611823999975],[32.781482531999984,34.863500966000004],[32.781498138000018,34.863387466000006],[32.781544295000003,34.863294203999999],[32.781777195000018,34.863188663000017],[32.781829447999996,34.863105523999991],[32.782010029999981,34.863098277999995],[32.782095745999982,34.863093386000003],[32.782175591999987,34.862992614999996],[32.782298196999989,34.862927241000023],[32.782524842999976,34.862862053000015],[32.782503308000003,34.862822196000025],[32.782758148000028,34.862736524000013],[32.782855944999994,34.862801704999981],[32.782954397000026,34.862780809000014],[32.783354206000013,34.862695950999978],[32.783451430000014,34.862670348999984],[32.78362635000002,34.862624288999996],[32.783783862000007,34.862565625000002],[32.783443205000026,34.862089259000015],[32.783357952000017,34.861673931999974],[32.783318910999981,34.861569605],[32.783572454000023,34.861442742000008],[32.784121164999988,34.861040003000028],[32.784357821000015,34.86087335000002],[32.784433004999983,34.860839257999999],[32.784805956000014,34.860457816000007],[32.784906207000006,34.860354986999994],[32.784958432999986,34.860225475999982],[32.785008244999972,34.859975021000025],[32.785187339000004,34.859598026000015],[32.785302547000015,34.858997460000012],[32.78537051699999,34.85875239500001],[32.785408999000026,34.858598100999984],[32.78547757299998,34.858421877000012],[32.785571742999991,34.858265177000021],[32.785808008000004,34.857989060000023],[32.785854625000013,34.857899238000016],[32.786029099000018,34.857744652999997],[32.786358413000016,34.857486592999976],[32.786540321000018,34.857337319999999],[32.786611794999999,34.85721318200001],[32.786695970999972,34.857112944999983],[32.78675506899998,34.856911062999984],[32.786805938999976,34.856827450000026],[32.786966572999972,34.856656020999992],[32.787331272000017,34.856391056999996],[32.787448186000006,34.856189434999976],[32.787424840000028,34.855655352999975],[32.787424894000026,34.855311131000008],[32.787577872999975,34.854996689000018],[32.787600413999996,34.85482026599999],[32.787652385999991,34.854731334000007],[32.787803146999977,34.85443012799999],[32.787892664000026,34.854327257000023],[32.788018626999985,34.854221888999973],[32.788135717999978,34.854162367000015],[32.788371480000023,34.854129863000026],[32.78839504299998,34.85411196199999],[32.788481230000002,34.854046487000005],[32.788574874000005,34.853970984],[32.788695636999989,34.853839106000009],[32.788728986000024,34.853813662999983],[32.789072550000014,34.853837218000024],[32.789290821000009,34.853862864000007],[32.789480611999977,34.853818681999996],[32.789582535000022,34.853789112000015],[32.789862563999975,34.85385041699999],[32.789975430000027,34.853875136999989],[32.790190192000011,34.853984282999988],[32.790426932000003,34.853818810000007],[32.79055572599998,34.853680607000001],[32.790653228999986,34.853700448999973],[32.790998747999993,34.853898979999997],[32.791105726000012,34.854018773000007],[32.791398678000007,34.85400893000002],[32.791604357999972,34.85395708599998],[32.791770874999997,34.853713593000009],[32.791952922000007,34.853672738],[32.792296169999986,34.853699198000015],[32.792642726999986,34.853731217000018],[32.792780440000001,34.853781754000011],[32.792930184999989,34.854057135999994],[32.79300718799999,34.85412685099999],[32.793158697000024,34.854124721999995],[32.793263690000003,34.854025277999995],[32.793361855000001,34.853942443999983],[32.793687836000004,34.854035424000017],[32.793883782000023,34.853928015999998],[32.794023388000028,34.853676086000007],[32.794119006000017,34.853462804999992],[32.793952181000009,34.853223418000027],[32.793983764000018,34.853020979000007],[32.794140443999993,34.852733035000028],[32.794380869000008,34.852512037999986],[32.794503298999985,34.852315540000006],[32.794548406999979,34.852102034999973],[32.794529764999993,34.851852183000005],[32.794326334999994,34.851546047999989],[32.793982061000008,34.851153290000013],[32.793798302000027,34.850933256000019],[32.793715890999977,34.850655388000007],[32.793569455000011,34.850385566999989],[32.793371872000023,34.850220992000004],[32.792913096999996,34.849936981999974],[32.792902400999992,34.84993036100002],[32.792734597999981,34.849849147999976],[32.792834061999997,34.849558193999997],[32.793285498999978,34.849507388999996],[32.79328598699999,34.849503571000014],[32.793345701000021,34.849035876000016],[32.793287309999982,34.848974757000008],[32.793215257999975,34.848899343000028],[32.793287476999978,34.848907703000009],[32.793588668999973,34.848942571999999],[32.793808883999986,34.848725426999977],[32.793896925000013,34.848638612999991],[32.793992740000022,34.848392043999979],[32.793879768000011,34.848155663],[32.793810479999991,34.848085485000013],[32.793709180000008,34.847982881999997],[32.793470812999999,34.847879176999982],[32.793502163000028,34.84771280199999],[32.793728306999981,34.847619410999982],[32.793669303999991,34.847212895999974],[32.793635698000003,34.846981421999999],[32.793516699000008,34.846908057000007],[32.793651757000021,34.846772385000008],[32.793813672999988,34.84680543799999],[32.793908351000027,34.846824765000008],[32.794022876999975,34.846826599999986],[32.794941896000012,34.847194768000008],[32.794981156999995,34.847194951000006],[32.795012340000028,34.847180239000011],[32.795032105000018,34.847160088999999],[32.795054087999972,34.847048202999986],[32.795051199,34.846988840999984],[32.794994925000026,34.846828067999979],[32.795176448000007,34.84658870200002],[32.795093125999983,34.846305045000008],[32.795911396999998,34.846297737999976],[32.795955642000024,34.846287132999976],[32.795993453999984,34.846258955999986],[32.796159203000002,34.846092167999984],[32.796395282999981,34.845854605999989],[32.796566003000009,34.845771695999986],[32.79659239099999,34.845739432000016],[32.796764172999985,34.845483836000028],[32.796797916999992,34.845457236000016],[32.797007581000003,34.845291958000018],[32.797180029999993,34.845190159000026],[32.797611668000002,34.845251366000014],[32.797788427,34.845248062999985],[32.797890941999981,34.845340228999987],[32.797998961000019,34.845335304999992],[32.798043968000002,34.845205990000011],[32.79806871400001,34.845175052999991],[32.798127766999983,34.845152365999979],[32.798181800999998,34.845144516999994],[32.798378203000027,34.845141302999991],[32.798121719999983,34.84454931800002],[32.798040060000005,34.844377440000017],[32.797905280999998,34.844093751000003],[32.798171104000005,34.843977515999995],[32.798441288999982,34.843950329999984],[32.798535972000025,34.843722746000026],[32.798659910000026,34.843530353999995],[32.799041923000004,34.843148842999994],[32.799093560000017,34.843004694999991],[32.799273674000005,34.842985241000008],[32.799513341000022,34.843127892999973],[32.799534618999985,34.843127987000003],[32.79954613000001,34.843115898999997],[32.799556057000018,34.843101091999984],[32.799584348999986,34.843025668999985],[32.799605080999982,34.842850375000012],[32.799404514999992,34.842733504000023],[32.799005340000008,34.842457953000007],[32.798889472999974,34.842404839999972],[32.798898351999981,34.842294259000028],[32.798445442000002,34.842237028999989],[32.798206601999993,34.842223864000005],[32.797819432999972,34.841862021999987],[32.797556622999991,34.841758383000013],[32.797323549999987,34.841608989999997],[32.797320464999984,34.841580647000001],[32.797406561999992,34.841158751000023],[32.797170956000002,34.840891972999998],[32.797139743000002,34.840649003999999],[32.797074995999992,34.840538105000007],[32.797011312999985,34.840516251999986],[32.796677762999991,34.840474371000028],[32.796633009999994,34.840306887999986],[32.796462385999973,34.84011459300001],[32.796430696000016,34.839951219999989],[32.79656547899998,34.839853308999977],[32.797264181999992,34.840116656000021],[32.797365210999999,34.840183200000013],[32.797531364000008,34.84030261800001],[32.797739293999996,34.840547678999997],[32.797997165000027,34.840914371999986],[32.798412797000026,34.840653076000024],[32.79858658500001,34.840336776000015],[32.798590204999982,34.840282844000001],[32.798574265000013,34.840213957999993],[32.798443035999981,34.840002955999978],[32.798112176000018,34.839529361000018],[32.798047046000022,34.839479168000025],[32.797944336,34.839420738000001],[32.797651995000024,34.839329095999972],[32.797322450000024,34.839173910999989],[32.797316061000004,34.839148242000022],[32.797325996999973,34.839129404999994],[32.797421172999975,34.83908663599999],[32.798250048,34.838680036000028],[32.798431020999999,34.838781993999987],[32.798777896999979,34.838784816999976],[32.799025185000005,34.838753483999994],[32.799326769000004,34.838672468000027],[32.799706217999983,34.838437979999981],[32.799937259999979,34.838385008999978],[32.800023975999977,34.838386715000013],[32.800548232999972,34.838545440000019],[32.800712364999981,34.838726904999987],[32.800865698999985,34.838803095999992],[32.800890252999977,34.838801846000024],[32.800906742999985,34.838780340000028],[32.801100464000001,34.838415547000011],[32.80131170300001,34.838390821000019],[32.801349469000002,34.838369388999979],[32.801499235999984,34.838231074000021],[32.801533932999973,34.838174551000009],[32.801622076000001,34.837946934000001],[32.801635868999995,34.837833664000016],[32.801658610000004,34.837599016000013],[32.801786176999997,34.837607651999974],[32.802106329000026,34.837169217999985],[32.80221403500002,34.836952467999993],[32.802318398000011,34.836745138000026],[32.802874780000025,34.836330395000005],[32.803122954000003,34.836282510999979],[32.803288404999989,34.83624869099998],[32.803381576999982,34.836177829999997],[32.803464411999983,34.836115458999984],[32.803568021999979,34.836013363000006],[32.803902357000027,34.835948562999988],[32.803902777000019,34.835872213000016],[32.803862465000009,34.83577760899999],[32.804045313000017,34.835578716999976],[32.804129524000018,34.835454959999993],[32.804359593000015,34.835026914000025],[32.804436033999991,34.83483837],[32.804192119999982,34.834593164000012],[32.803965177999999,34.834512614000005],[32.804047529000002,34.834442927999987],[32.804307463999976,34.834462786000017],[32.804785429999981,34.834429720999992],[32.805162207000023,34.834358452999993],[32.80547694400002,34.834262618000025],[32.805637737999973,34.834190455999988],[32.805966065999996,34.834013755000001],[32.806074206999995,34.833989911000003],[32.806944326999997,34.834042124000007],[32.807227927999975,34.833687144999999],[32.80740580600002,34.833499014999973],[32.807378218999986,34.833194017999972],[32.807478152999977,34.832905729999993],[32.807493277999981,34.832766194999977],[32.807510874999991,34.83260382200001],[32.807568369000023,34.832522301999973],[32.807734105000009,34.832444061999979],[32.808054898000023,34.832360805999997],[32.808244251000019,34.83233622900002],[32.808484798999984,34.832326888000011],[32.808624957999996,34.832334049999986],[32.808884003999992,34.832469519000028],[32.809061375999988,34.832538853000017],[32.809232174999977,34.832568709999975],[32.809556797000027,34.832603893999988],[32.809908645000007,34.832661745999985],[32.810074981000014,34.832671822999998],[32.810223184999984,34.832666793999977],[32.810368196000013,34.832626987000026],[32.810482580999974,34.832558851999977],[32.810629370000015,34.832414749999998],[32.810717662999991,34.832325825999988],[32.810804510000025,34.832288586999994],[32.81091754800002,34.832258996999997],[32.811037768999995,34.832168321999973],[32.811113611999986,34.832068092999975],[32.811238645999993,34.831937040000014],[32.811322232999999,34.831872533000023],[32.811403349999978,34.831840918000012],[32.811548248000008,34.831818026999997],[32.811650944000007,34.831798705999972],[32.811714881,34.831781126999999],[32.811766533000025,34.831721184999992],[32.81183107999999,34.831602105000002],[32.811923682999975,34.831557366000027],[32.812012684000024,34.831541759000004],[32.812137792999977,34.83158550600001],[32.812229904999981,34.831620654999995],[32.812345832000005,34.831487689000028],[32.812563892000014,34.831615460000023],[32.812687212000014,34.83157933199999],[32.812822214999983,34.831495307000012],[32.812863615000026,34.830871444000024],[32.813040446999992,34.830843984000012],[32.813355245000025,34.830805804000022],[32.813481711999998,34.830814798999995],[32.813563437000028,34.830870581999989],[32.813749033000022,34.831090317000019],[32.81379765600002,34.831152541999984],[32.813876047999997,34.831193283000005],[32.813978513999984,34.831212487000016],[32.814095265999981,34.831133088999991],[32.814310282000008,34.831010853000009],[32.81444858399999,34.830945647000021],[32.814535386999978,34.830915935000007],[32.81476849500001,34.831007112000009],[32.814910640999983,34.83105845],[32.815020037000011,34.831064523000009],[32.815096531999984,34.831041346999996],[32.81516300200002,34.830983365000009],[32.815284584999972,34.830853220999984],[32.815413853999985,34.830775754999991],[32.815480098000023,34.830754402000025],[32.81560301799999,34.830780285999992],[32.815701908999984,34.830828626000027],[32.815799452000022,34.830907019999984],[32.815938420000009,34.83110683000001],[32.81599834299999,34.831186967000008],[32.816078778000019,34.831269050999992],[32.816159439999979,34.831312609999998],[32.81625621500001,34.831331804999991],[32.816328046000024,34.831326455999999],[32.816393463999987,34.831314234999979],[32.81646400599999,34.831301063000012],[32.816790893000018,34.83077347599999],[32.816832698999974,34.830734464999978],[32.817353814000001,34.830751285000019],[32.817639910000025,34.831079370999987],[32.817968149000023,34.831313335000004],[32.818097498999975,34.831283860999974],[32.818276862000005,34.831583350000017],[32.818690436999987,34.831949898999994],[32.819007579000015,34.83205525599999],[32.819170070999974,34.832196717999977],[32.819347644000004,34.832547620000014],[32.819313592000015,34.832814951999978],[32.819302149000009,34.832841943999995],[32.819315624000012,34.833013343000005],[32.819375686000001,34.833206163999989],[32.819487255000013,34.833403191999992],[32.819629297000006,34.833624260000022],[32.819833924000022,34.833882754999991],[32.819930194999984,34.833949566000001],[32.820174383999984,34.834056807000024],[32.819859528999984,34.834181700999977],[32.819727297999975,34.834203742],[32.819321183,34.834236621000002],[32.819339762000027,34.834091926999974],[32.819301139999993,34.834085121999976],[32.81878433899999,34.834037866000017],[32.818586826000001,34.834203082999977],[32.818193119999989,34.834310371000015],[32.817892933999985,34.834407434000013],[32.817830822000019,34.834554605999983],[32.817925833000004,34.834827275000009],[32.818000155999982,34.835058686000025],[32.817869335000012,34.835117923999974],[32.818001105000008,34.835435901999972],[32.818184101999975,34.835812510999972],[32.818308385000023,34.836041475999991],[32.818673292000028,34.836167809000017],[32.818783543999984,34.836317017999988],[32.819051592999983,34.836481479999975],[32.819200975999991,34.836819433000016],[32.819552444999999,34.837040028999979],[32.819777439000006,34.837131263000003],[32.819954353000014,34.836907520000011],[32.820124688000021,34.836708976000011],[32.820213969999998,34.836326826999994],[32.820510160000026,34.836094280999987],[32.820593673000019,34.835866155000019],[32.820988983999996,34.836028473999988],[32.821282236000002,34.836287330999994],[32.821466367000028,34.836475369000027],[32.821551537000005,34.836511556000005],[32.821783000999972,34.836594855999977],[32.82203376199999,34.836683522999977],[32.822163481000018,34.836541943999976],[32.822408051000025,34.836322461999998],[32.822637600999997,34.836457525000014],[32.822971399999972,34.836670067],[32.823005035999984,34.836703403000001],[32.822816536000005,34.837245854000003],[32.822871839000015,34.837428048999982],[32.822946109999975,34.837670076999984],[32.823009441000011,34.837858933000007],[32.823095088999992,34.838082417999999],[32.823175735999996,34.838337753000019],[32.823224228000015,34.838578356000028],[32.823274760999993,34.838751215000002],[32.823552962000008,34.838834696999982],[32.823682716000008,34.838954750000028],[32.823709737000001,34.839019934000021],[32.823340078999991,34.839143291000028],[32.823363470999993,34.839274884000019],[32.82344329099999,34.839396057999977],[32.823580918999994,34.839550700000018],[32.823786156999972,34.839713554000014],[32.824004231000004,34.839885776000017],[32.823884883000005,34.840180152000016],[32.823617200000001,34.840222906000008],[32.823523577999993,34.84025572500002],[32.823530693000009,34.84041115399998],[32.823644253999987,34.840551072999972],[32.823786922000011,34.840668524000023],[32.823922939999989,34.840821812000002],[32.824177414000019,34.840833465000003],[32.824241034000011,34.840699571000016],[32.824329706000015,34.840686655000013],[32.824655348000022,34.840650768999978],[32.825050756999985,34.840803784999991],[32.82511961199998,34.840873116000012],[32.825051160999976,34.841004343000009],[32.825120593999998,34.841250332000016],[32.825194801999999,34.841504308000026],[32.824899662999997,34.841561556999977],[32.824945820999972,34.841653383999983],[32.825008175999983,34.841734654999982],[32.825072921000015,34.841954080999983],[32.825117342999988,34.842069804000005],[32.82526161200002,34.842193904999988],[32.825477976000002,34.842383390000009],[32.825643103000004,34.842516868000018],[32.825767724000002,34.842420415999982],[32.825994256000001,34.842253959000004],[32.826215787000024,34.842389002999994],[32.826262228000019,34.842437005000022],[32.826459698000008,34.842825629000004],[32.826542427999982,34.842999958999997],[32.826694958000019,34.843089553000027],[32.826768666000021,34.843154938999987],[32.826901200000009,34.843357346999994],[32.827160139999989,34.843155163999995],[32.827370453000015,34.843007259999979],[32.827532485000006,34.843124792000026],[32.827801985999997,34.843317124999999],[32.827979719999973,34.843231500999991],[32.828166265999982,34.843288031999975],[32.828457074000028,34.843422015999977],[32.828643549999981,34.843490492000001],[32.828698610999993,34.843716512000015],[32.828744324000013,34.843888032999985],[32.82877922199998,34.843978494999988],[32.828900840000017,34.844117109000024],[32.828990572000009,34.844201134999992],[32.829040831999976,34.844421807999993],[32.829128880999974,34.844516468999984],[32.829253908999988,34.844624540999973],[32.829489987999978,34.844750350000027],[32.829756910000015,34.844841722000012],[32.830083316000014,34.844949272999997],[32.830209927999988,34.844996154],[32.83023923899998,34.845007007999982],[32.830456017000017,34.845131399000024],[32.830628927000021,34.84531537700002],[32.830795409000018,34.845500657999992],[32.830938021999998,34.845630049000022],[32.831030584000018,34.845781842000008],[32.831188537000003,34.846044124000002],[32.831404297999995,34.846342490999973],[32.831511793999994,34.846418619000019],[32.831614489999993,34.84648808999998],[32.831708891000005,34.846600029000001],[32.831772657999977,34.846715835999987],[32.831789430000015,34.846877946999996],[32.831793690999973,34.846976245999997],[32.831827485000019,34.846981690000007],[32.832110145999991,34.846860632000016],[32.832213380999974,34.846839790999979],[32.832364175999999,34.846949301999985],[32.832635336999999,34.847141626999985],[32.832730147000007,34.847181847999991],[32.832921898999984,34.847192477000021],[32.833139463999998,34.84703638000002],[32.833212435999997,34.846906778000005],[32.833222929999977,34.84679586499999],[32.832998890999988,34.846375512999998],[32.832451504000005,34.846232620000023],[32.832607166000003,34.846000498000024],[32.832752744000004,34.845803524000019],[32.832879325000022,34.845487403999982],[32.833022242000027,34.845184877000008],[32.833122456000012,34.844884874999991],[32.833297877999996,34.844639303999998],[32.83347894100001,34.844548024999995],[32.833649998999988,34.844489157999988],[32.833710298000028,34.844278318000022],[32.833947529999989,34.84412770199998],[32.834124103000022,34.844063437999978],[32.834477146999973,34.84393494699998],[32.834941026000024,34.843755456999986],[32.835148636999975,34.843612855999993],[32.834969891000014,34.843306352000013],[32.83484628299999,34.843113722999988],[32.834635416000026,34.843248202999973],[32.834245489000011,34.843127573000004],[32.833996621999972,34.843023758000015],[32.833776483999998,34.843060772000001],[32.833383905999995,34.842831907999994],[32.833059134999985,34.842798136999988],[32.832990708000011,34.842711269000006],[32.832851491999975,34.842380563999996],[32.832731164999984,34.842187937999995],[32.832493387999989,34.841870379],[32.832337139000003,34.841647839000018],[32.832167973000026,34.841384661999996],[32.832133388999978,34.84112743899999],[32.832118646000026,34.840840518999983],[32.832070269999974,34.840694204999977],[32.831933756000012,34.840460915999984],[32.832068709999987,34.840399224999999],[32.832220198000016,34.840313225999978],[32.832352152999988,34.840197376999981],[32.832502723999994,34.840271040000005],[32.832621198000027,34.840217381999992],[32.832763193999995,34.840074517999994],[32.833017760000018,34.839758904999997],[32.832860790999973,34.839658147000023],[32.832696885000018,34.839622308999992],[32.832254235999983,34.839542083000026],[32.832195367999987,34.839503963000027],[32.832516019000025,34.839118252999981],[32.832753971999978,34.838840440000013],[32.832416104999993,34.838803930999973],[32.832240184,34.838575907999996],[32.832100321999974,34.838358848999974],[32.832038619000002,34.838244941000028],[32.831922479000013,34.837898095000014],[32.832089756000016,34.837920404999977],[32.832482938999988,34.83803562899999],[32.832720556000027,34.837817368000003],[32.833262123999987,34.837819518999993],[32.833426286000019,34.837809339999978],[32.834254068000007,34.837698956999986],[32.834223193000014,34.837931565000019],[32.834445723999977,34.838043401999983],[32.83468555799999,34.838006452000002],[32.834832072999973,34.838210004000018],[32.835209485000007,34.838219611],[32.835804397000004,34.838081228000021],[32.83592605299998,34.838046541999972],[32.836352857000008,34.838029260999974],[32.836631206999982,34.838138607000019],[32.83695555700001,34.838245432000008],[32.837743765000027,34.838164640000002],[32.838055118,34.838247036999974],[32.838438498000016,34.838359491999995],[32.838777180000022,34.838257989999988],[32.838987895000002,34.838142452],[32.839067095000019,34.838069689000008],[32.839097986000013,34.837834380999993],[32.83922732100001,34.837607553999987],[32.839565374000017,34.837608880000005],[32.839989037000009,34.837569932000008],[32.840186741000025,34.837435405999997],[32.840223811999977,34.837265054999989],[32.840231704000018,34.837035055000001],[32.840397246999999,34.836786721999999],[32.840522501999999,34.836692503999984],[32.840667003000021,34.836679532000005],[32.840934378999975,34.836415373000023],[32.841291113000011,34.836024348000024],[32.841367217000027,34.835919112999989],[32.841272437999976,34.835274663999996],[32.841341370999999,34.835272230999976],[32.841548720999981,34.83574390299998],[32.841959227000018,34.835707630999991],[32.842228655999975,34.835657249999997],[32.842291690000025,34.835538424999982],[32.842465290999996,34.83560134999999],[32.842682450999973,34.835507464999978],[32.842718869999999,34.835453493999978],[32.842723024000009,34.835301952999998],[32.842758651999986,34.835263254999973],[32.842909437000003,34.835099561999982],[32.84292857600002,34.834950661999983],[32.842895283000018,34.834734610999988],[32.842884437000009,34.834500245000015],[32.843189160000009,34.834109753000007],[32.843445615999997,34.833991900000001],[32.843654033999996,34.833753356999978],[32.843449722999992,34.833627030000002],[32.843834775999994,34.83338581999999],[32.843874620000008,34.833161689000008],[32.843803659000002,34.833146343999999],[32.84383092600001,34.832912399000008],[32.843862435999995,34.832642259000011],[32.843852051999988,34.83232577299998],[32.843439306999983,34.832062984000004],[32.843422325000006,34.831836882999994],[32.843794483000011,34.831737854999972],[32.843899383000007,34.831502192000016],[32.843115448999981,34.831167637000021],[32.843395816999987,34.831143612000005],[32.843427694000013,34.830892598999981],[32.843325557000014,34.830646069000011],[32.843344489000003,34.83053062800002],[32.843540430000019,34.830350565000003],[32.843499343000019,34.83007915799999],[32.843152997000004,34.829927125999973],[32.843044535999979,34.829715749999991],[32.842917274000001,34.829599728999995],[32.842850766000026,34.829514082999992],[32.84333224400001,34.829470739999977],[32.84336539200001,34.828998714000022],[32.843671917999984,34.828658346999987],[32.843570109999973,34.828351542999997],[32.843759372000022,34.828276941000013],[32.843972420999989,34.828302873999974],[32.844204291999972,34.828233450000027],[32.844442323999999,34.828154019999999],[32.844717253999988,34.828228130000014],[32.845129169000018,34.828443390000018],[32.845569296999997,34.829046398000003],[32.845836166000026,34.829464273999974],[32.845886023999981,34.829881876000002],[32.845885501999987,34.830162222000013],[32.846058813000013,34.830323491999991],[32.846405936999986,34.830377613999985],[32.846652029999973,34.830300382000019],[32.846854842000027,34.830157482000004],[32.847064755000019,34.83008616699999],[32.847325126999976,34.830110353999999],[32.847636025999975,34.830194252000013],[32.848395804999996,34.830069938999998],[32.848851664999984,34.829998928000009],[32.849206175999996,34.829969543999994],[32.849480950999975,34.830029533000015],[32.849690545999977,34.830131193999989],[32.849964727999975,34.830519246999984],[32.850382907999972,34.831283260000021],[32.85053420600002,34.831623442000023],[32.850562081000021,34.831890104000024],[32.850474691999977,34.832212098000014],[32.850439438000024,34.832505523999998],[32.850560452000025,34.832791983999982],[32.850837839000008,34.833014217000027],[32.851098136000019,34.833086112999979],[32.851315132000025,34.833100694999985],[32.851653813999974,34.833029529999976],[32.851957786000014,34.832951164999997],[32.852166151000006,34.832937102000017],[32.852426475000016,34.832994680000013],[32.85258247500002,34.833138025999972],[32.85269475299998,34.833460263000006],[32.852702936000014,34.833739426000022],[32.852832768999974,34.833954317999996],[32.853153582999994,34.834169439999982],[32.853327063999984,34.834248383999977],[32.855427487999975,34.83446563199999],[32.855861402000016,34.834544882999978],[32.856251761999999,34.83470997400002],[32.856476971999996,34.834996552000007],[32.856597637999982,34.835497739999994],[32.856674452999982,34.836256557000013],[32.856755721000013,34.836450389999982],[32.856885660999978,34.836611592999986],[32.857218030000013,34.836850577000007],[32.857478024999978,34.837107369000023],[32.857694133999985,34.83764445700001],[32.857852789999981,34.837936919000015],[32.858112862999974,34.83815195699998],[32.858835630999977,34.83855244099999],[32.859218482000017,34.838892879000014],[32.85944920899999,34.839352437999992],[32.859470414999976,34.839644738000004],[32.859310350999976,34.840175423000005],[32.85920132199999,34.840473539000016],[32.85913432000001,34.840733526999998],[32.859133880999991,34.840991207000002],[32.859179865999977,34.841177362999986],[32.859272292000014,34.841282450999984],[32.859584591999976,34.841425967000021],[32.860006804000022,34.841603012000007],[32.86026698400002,34.841765554999995],[32.860613644000011,34.842128613999989],[32.860995281999976,34.842343783999979],[32.861290305000011,34.842439559000013],[32.86152176500002,34.842473224999992],[32.861759108999991,34.842449636000026],[32.861973396999986,34.842368758000021],[32.862216719999992,34.842230649999976],[32.862517959999991,34.842068746999985],[32.862790084999972,34.842011791999994],[32.863119954000013,34.842036022999991],[32.863391841999999,34.842122222],[32.863651983000011,34.84231338799998],[32.863975485000026,34.84269072699999],[32.864212334999991,34.842967758999976],[32.864374240000018,34.843063377000021],[32.864848617999996,34.843207060999987],[32.865127371000028,34.843346709000002],[32.865329653999993,34.843528262999996],[32.865456585999993,34.843776540000022],[32.865583029999982,34.844325443999992],[32.865675011000008,34.844712066],[32.865807856999993,34.844883999999979],[32.866068143000007,34.844994039000028],[32.866542649999985,34.845066137999993],[32.866924625000024,34.845090416000005],[32.867162006000001,34.845047728999987],[32.867451586000016,34.844938291999995],[32.867654230000028,34.844900338000002],[32.867856775000007,34.844924417000016],[32.86804186400002,34.845005739999976],[32.868163125000024,34.845187201999977],[32.868328196999983,34.845420246999993],[32.868464962000019,34.845861791999994],[32.868442668,34.846231585999988],[32.868434948000015,34.846535785000015],[32.86848523499998,34.84676250199999],[32.868579151000006,34.846852075000015],[32.86868769900002,34.84684026299999],[32.868839980000018,34.846625694000011],[32.86894894400001,34.846351430000027],[32.868985497999972,34.846112876000007],[32.869000336999989,34.845880264000016],[32.869080283000017,34.845653686999981],[32.869160153999985,34.845474828000022],[32.869167596000011,34.845343609999986],[32.869232909999994,34.845218418999991],[32.869355992999999,34.845164867999983],[32.869652641000016,34.845159222000007],[32.870050413999991,34.845261048999987],[32.870462600999986,34.845398679000027],[32.870911105000005,34.845446874999993],[32.871345083999984,34.845530842000016],[32.871656121000001,34.845578889000024],[32.871952587999999,34.845692534000023],[32.872147650999977,34.845877647999998],[32.872212675000014,34.845937364999997],[32.872350089000008,34.84597329799999],[32.872545586000001,34.845878066000012],[32.872712279999973,34.845693331000007],[32.872727199999986,34.84540106999998],[32.872676931000001,34.845156459999998],[32.872619242999974,34.845031138000024],[32.872366364000015,34.844804210000007],[32.871968682999977,34.844642743000009],[32.871491483999989,34.844439435000027],[32.871223962999977,34.844325820999984],[32.871159062000004,34.84418856100001],[32.871153977000006,34.844046989999981],[32.871154190000027,34.843909800000006],[32.871067621000009,34.843748657999981],[32.870930492000014,34.843533778999983],[32.870887315000004,34.843384613000012],[32.870880359000012,34.843205661000013],[32.870938470999988,34.843056601000001],[32.871083383999974,34.842919563999999],[32.871184821999975,34.842824233999977],[32.871271724999986,34.842770642999994],[32.871315143999993,34.842764724000006],[32.871329436999986,34.842878070999973],[32.871357930999977,34.843164413000011],[32.871422655000003,34.843415004000008],[32.871776567999973,34.843803090999984],[32.872181146999992,34.844179300000008],[32.87270169300001,34.844424403999994],[32.873461037000027,34.844645893999996],[32.873960047000025,34.844783602999996],[32.874328736999985,34.844980824999993],[32.874971931000005,34.84546463800001],[32.875270961000012,34.845608099999993],[32.875583305000021,34.845751575000008],[32.875837890000014,34.845813869999972],[32.876057910999975,34.845766374999982],[32.876243331000012,34.845632952000017],[32.876388304999978,34.845451769000022],[32.876481015000024,34.845385057999977],[32.876614184000005,34.845356562000006],[32.877297160000012,34.845371568000019],[32.877632962999996,34.845309873000019],[32.877899441000011,34.845157441000026],[32.878206562000003,34.844919156000003],[32.878345685999989,34.844776138999976],[32.878554225000016,34.844661823000024],[32.878716816000008,34.844540458999973],[32.878767325000013,34.844572436000021],[32.878930190000005,34.844707912999979],[32.879029445000015,34.844803664999972],[32.879080842999997,34.844889395999985],[32.87924693299999,34.845172919999982],[32.879537539000012,34.845295675999978],[32.879795198000011,34.845612420999998],[32.879870166999979,34.845770613000013],[32.87986941600002,34.845912068000018],[32.879924463000009,34.846066897000014],[32.879907842000023,34.846191850000025],[32.87973862299998,34.846507077000012],[32.879785378000008,34.846721075999994],[32.880028094000011,34.846843684000021],[32.880448149000017,34.847071525999979],[32.880688694000014,34.847171737999986],[32.880967683999984,34.847228667000024],[32.881365800000026,34.847391281],[32.881561230999978,34.847405142000014],[32.881756590999998,34.847435451000024],[32.881872090999991,34.847472036999989],[32.881985622000002,34.847559449000016],[32.882153820999974,34.847688962000007],[32.882488624000018,34.84770150899999],[32.883336250000013,34.847893591999991],[32.88356582199998,34.847856594999996],[32.883813210000028,34.847917987000017],[32.883908679000001,34.848080928999991],[32.88382924199999,34.848360478000018],[32.883865809999975,34.848387090000017],[32.884477962000005,34.847992192999982],[32.884808609000004,34.847925288999988],[32.885282135000011,34.847722755000007],[32.885437111999977,34.847571687000027],[32.885808610000026,34.847209625000005],[32.886231364000025,34.84693921600001],[32.886427366000021,34.846829117000027],[32.886629055000014,34.846794590999991],[32.886854918999973,34.846810487000027],[32.88727134200002,34.846585360999995],[32.887724647000027,34.846310007999989],[32.887871680999979,34.846219888000007],[32.888189201999978,34.846221021000019],[32.888397494000003,34.846090828000001],[32.888490205999972,34.845874631000015],[32.888606708999987,34.845784404000028],[32.888869485999976,34.845745041999976],[32.889187030000016,34.845746152999993],[32.889383002999978,34.845636069000022],[32.889622486999997,34.845380089000002],[32.889793837000013,34.845305165000013],[32.890056415000004,34.845306087999973],[32.890587304999997,34.845383464999998],[32.891014433000009,34.845445374000008],[32.891155244999993,34.845375389000026],[32.891271750999977,34.845280113000001],[32.891370070999983,34.845159614000011],[32.891866290999985,34.844849137999972],[32.892154291999987,34.844653764999975],[32.89218028800002,34.844346703999975],[32.892741773000012,34.844409079000002],[32.893033699999989,34.844641712999987],[32.893314588999999,34.844642701999987],[32.893399317999979,34.844794050000019],[32.893790808000006,34.844659449000005],[32.894090130999984,34.844640348999974],[32.89440259600002,34.844434977999981],[32.894403322000016,34.844293993000008],[32.894910695000021,34.84418999799999],[32.895050649999973,34.844286162999992],[32.895492053999988,34.844031949999987],[32.895940623000001,34.843773596999995],[32.896168190000026,34.843617099000028],[32.896290914000019,34.843552235999994],[32.896405886000025,34.843594186000018],[32.896502848000011,34.843642007000028],[32.896668928999986,34.843541664999975],[32.89675592399999,34.843420309999999],[32.896731358000011,34.843298546000028],[32.896656612000015,34.843129139999974],[32.89674021899998,34.842966202000014],[32.896903502999976,34.842711552000026],[32.897084452999991,34.842516311999987],[32.897395303999986,34.84226217600002],[32.89835962799998,34.841615572000023],[32.899186475000022,34.841105000000027],[32.899537652999982,34.840937257999997],[32.899568934999991,34.840922322999972],[32.899673452999991,34.840898939999988],[32.899871399000006,34.840902583999991],[32.900008422999974,34.840852611999992],[32.901498990999983,34.84005345700001],[32.901647390999983,34.83989074599998],[32.901680725999995,34.839703906000011],[32.901920995000012,34.838440520000006],[32.902003834000027,34.838431904000004],[32.902378191000025,34.838427238000008],[32.902474434999988,34.837893388999987],[32.902980636999985,34.837432170999989],[32.903088517000015,34.837450347000015],[32.903199351000012,34.83759908799999],[32.90353087699998,34.837523058999977],[32.903445449999992,34.837329865000015],[32.903363569000021,34.837148565999996],[32.903274006000004,34.837065181000014],[32.903116032000014,34.836984519999987],[32.903220761999989,34.836916624000025],[32.903607491000002,34.836726215999988],[32.904010934999974,34.836527577000027],[32.904094208999993,34.836429915999986],[32.904130719000023,34.836323202000017],[32.904059625000002,34.83614490299999],[32.903948764000006,34.835999116999972],[32.903740565000021,34.835888609999984],[32.903661704000001,34.835823071999982],[32.903597519000016,34.83570118099999],[32.903630662000012,34.835552905999975],[32.903700003999973,34.835360245999993],[32.903804953000019,34.835244864000003],[32.904028905000018,34.835085376999984],[32.904083476999972,34.834966845999986],[32.90408170500001,34.834755843999972],[32.904580926999984,34.834811251000019],[32.904681584000002,34.834838299000012],[32.904583014000025,34.835119881000026],[32.904685706999999,34.835458553000024],[32.904439281000009,34.835793039000009],[32.904449729000021,34.835864313000002],[32.905327471000021,34.83596223699999],[32.905683784000018,34.835960460000024],[32.906460553999977,34.836099581999974],[32.906827131,34.836210615000027],[32.906992295000009,34.836288324000009],[32.907136456999979,34.836208680000027],[32.90720664600002,34.836185909999983],[32.90744496100001,34.836116097999991],[32.907629886999985,34.835980611000025],[32.907928562999984,34.836256434999996],[32.907949383000016,34.836537894999992],[32.90811512099998,34.836657220000006],[32.908297479999987,34.836504735000005],[32.908289713999977,34.836385510000014],[32.908479809000028,34.836185193999995],[32.908384135000006,34.836026689999983],[32.908543999000017,34.835838242000023],[32.908998510000004,34.836849308000012],[32.909072042999981,34.836976993000007],[32.909184697000001,34.837053388000015],[32.909734289000028,34.837417167000012],[32.910249566999994,34.837602147999974],[32.910646695000025,34.837831902999994],[32.910785466999982,34.837912188000018],[32.910811136000007,34.837879365999981],[32.910868456999992,34.837806074000014],[32.911013921999995,34.837836492999998],[32.911055637000004,34.837845421999987],[32.911654406000025,34.837970084000005],[32.911942264999993,34.837975534999998],[32.911923222999974,34.838105887999973],[32.912085794000006,34.838109937000013],[32.912214898000002,34.838113980999992],[32.912382250999997,34.838106219999986],[32.91251136599999,34.838098430999992],[32.912716989999979,34.838080839999975],[32.913367357000027,34.838022164999984],[32.913706886,34.837998743000014],[32.914008145000025,34.837983192000024],[32.914400268999998,34.837951922999991],[32.914471993000006,34.837955925000017],[32.914734930000009,34.838001442000007],[32.914916622000021,34.838025232999996],[32.915103084999998,34.838025363999975],[32.915241755000011,34.838021508999987],[32.915380457000026,34.838009774999989],[32.915609984000014,34.837998103000018],[32.915844301999982,34.837986451000006],[32.916059453000003,34.83799841299998],[32.916188551999994,34.838006403000009],[32.916241126999978,34.838018252999973],[32.916355853000027,34.838049876000014],[32.916537514000026,34.838105191000011],[32.916685692999977,34.838152600000001],[32.916852980999977,34.838207925000006],[32.917058557000018,34.838263254000026],[32.917052963000003,34.838399191999997],[32.917219428999999,34.838448411999991],[32.917650899000023,34.838684349000005],[32.917841780000003,34.838800138000011],[32.918269919000011,34.83909552099999],[32.918549976999998,34.839273327000001],[32.918740296999999,34.839501428999995],[32.918803694000019,34.839606297999978],[32.91882375199998,34.839639615999999],[32.918872344000022,34.839628070999993],[32.91919464099999,34.839522402999989],[32.919360859999983,34.839730347999989],[32.919626717000028,34.839902350999978],[32.919903900000008,34.839966758999992],[32.920115549999991,34.839950704999978],[32.92015348000001,34.839948988999993],[32.920486811999979,34.83993813799998],[32.92048261399998,34.83996179799999],[32.920531627000003,34.840004249999993],[32.92038173200001,34.840133346000016],[32.920329601999981,34.840345368999976],[32.920575813000028,34.84069303299998],[32.920603244999995,34.84069922499998],[32.920936290999975,34.840608572000008],[32.921478524000008,34.840380359999983],[32.921896897000011,34.840341906999981],[32.922477058000027,34.840366938999978],[32.922533299999998,34.840187715000013],[32.922660166000014,34.840002532000028],[32.922845757999994,34.839871012000003],[32.922906394999984,34.839736322000022],[32.922918121999999,34.839699719000009],[32.922945000000027,34.839543827],[32.923045584000022,34.839049059999979],[32.923136799000019,34.838783593000016],[32.92317312199998,34.838570971000024],[32.923329358999979,34.838348510999992],[32.923505277999993,34.83810545],[32.92365606300001,34.837903776000019],[32.923794225999984,34.837779694000005],[32.923963773000025,34.837655632999997],[32.924177165000003,34.837593691999984],[32.924541164999994,34.837547352999991],[32.924873763999983,34.837521685000013],[32.924992965000001,34.837537285999986],[32.925187425999979,34.837609826999994],[32.925334016000022,34.83768620799998],[32.925327604000017,34.837721934000001],[32.925340650999999,34.837745274999975],[32.925358043000017,34.837766816999988],[32.925399407999976,34.837796355000023],[32.925540453999986,34.837894087999985],[32.925754406999999,34.838025291999998],[32.925904968999987,34.838143565999985],[32.926105360000008,34.838324278000016],[32.926205505999974,34.838431979999996],[32.926357326000016,34.838604877000023],[32.926520245000006,34.838755526999989],[32.926636088999999,34.838813426000002],[32.926762644999997,34.838857134000023],[32.926809769999977,34.838866764999977],[32.927116609999985,34.838898299999983],[32.927231878999976,34.838909651999984],[32.927356078000003,34.838883070000009],[32.927420917000006,34.838869203999991],[32.927646203999984,34.838822908999987],[32.927843300000006,34.838817217999974],[32.928249214999994,34.838800053],[32.928411100000005,34.838805936000028],[32.928589422000016,34.838786700000014],[32.928734906999978,34.838774209999997],[32.928910902999974,34.838756907999993],[32.929011806000005,34.838731815000017],[32.929427158999999,34.838660479999987],[32.929528065,34.838633469999991],[32.929767448999996,34.83854752000002],[32.93003027200001,34.838514775000021],[32.93015699,34.838480037000011],[32.930311899000003,34.838402739000003],[32.930498607999994,34.838281591999987],[32.93058460200001,34.838299104999976],[32.930787742999996,34.838323608999985],[32.930916649999972,34.838335342999983],[32.930931735999991,34.838336716000015],[32.931036290000009,34.838341645000014],[32.931178325000019,34.838341725000021],[32.931296664000001,34.838341791999994],[32.931446606999998,34.838333741999975],[32.931518998999991,34.838333782000007],[32.931754017000003,34.838247823000017],[32.931995352000001,34.838152814000011],[32.932163231999994,34.838079411000024],[32.932341618000009,34.838005998000028],[32.932383569000024,34.837988731999985],[32.932561911999983,34.837967201000026],[32.932918520999976,34.837993348999987],[32.933212176999973,34.838019443999997],[32.933905514000003,34.838231700999984],[32.934669042999985,34.838785648999988],[32.935201253000002,34.839110420999987],[32.935293587999979,34.839454043999979],[32.935600098000009,34.839759605999973],[32.935842987000001,34.840012643000023],[32.936004759000014,34.840380161999974],[32.936143463000008,34.840642688000003],[32.936189651000007,34.840790638999977],[32.936166426,34.840886065000007],[32.935975358999997,34.84097663],[32.935836381000001,34.841067221999992],[32.935814038999979,34.841128996999998],[32.936226153999996,34.841238684000018],[32.936467132000018,34.841225023999982],[32.936693040000023,34.840986548999979],[32.936808188999976,34.840755358000024],[32.937040549000017,34.840671787000019],[32.937480334999975,34.840786537999975],[32.937671324999997,34.840796179999984],[32.937810264000007,34.840753303999975],[32.937966489000019,34.840815417999977],[32.938163144999976,34.840987305999988],[32.938354071999981,34.841082839000023],[32.938613880999981,34.841015469000013],[32.939384776999987,34.840439156000002],[32.939708983000003,34.840315249000014],[32.940015675999973,34.840396521999992],[32.940111290000004,34.840502823000008],[32.940226983999992,34.840588772999979],[32.940400610999973,34.840598402000012],[32.940574106999975,34.84078936100002],[32.940793831000008,34.841085324000005],[32.940930353999988,34.841182736000007],[32.941196505999983,34.841306933999988],[32.94122540799998,34.841359437999984],[32.941121206999981,34.841388019000021],[32.941126936999979,34.841469143999973],[32.941358383000022,34.841564693000009],[32.941844424999999,34.841760572999988],[32.942388379000022,34.841913530999989],[32.942509937000011,34.841894501000013],[32.942608371000006,34.841837284999997],[32.942724125999973,34.841842111999995],[32.942770338999992,34.841970973999992],[32.942857075000006,34.842090310999993],[32.943117520999976,34.842104747999997],[32.943227549000028,34.842018906000021],[32.943320174999997,34.841990318000001],[32.94339538600002,34.84203807199998],[32.943563165,34.842138358999989],[32.943910381000023,34.842224412999997],[32.944199756999978,34.842253176999975],[32.944717992999983,34.84232108499998],[32.94529953,34.842146309999976],[32.945655509000005,34.842110681000008],[32.945759728999974,34.842053464000003],[32.945814872000028,34.841994946],[32.945976825999992,34.841974826000012],[32.946159083999987,34.842067957999973],[32.946350010000003,34.842182567000009],[32.946480260999977,34.842146834999994],[32.946541103000015,34.842039494999995],[32.946662661999994,34.842018074999999],[32.946879672000023,34.842075432999991],[32.947014233999994,34.842086228000028],[32.947127136000006,34.842025434999982],[32.947244321000028,34.842057695999983],[32.947339766000027,34.842143631999988],[32.947534986999983,34.842333397000004],[32.947647809999978,34.842397865999999],[32.947834510999996,34.842333526999994],[32.947982121999985,34.842304958],[32.948398408000003,34.842242581999983],[32.948641365000015,34.84225479700001],[32.948728496999991,34.84226578800002],[32.948769957000025,34.842333958999973],[32.94887008500001,34.842395597000007],[32.948983082999973,34.842397122000023],[32.949168236999981,34.84249502199998],[32.949367891999998,34.842540438000015],[32.949532818000023,34.842590610999991],[32.949608039999987,34.84262404499998],[32.949723805000019,34.842614550000008],[32.949880124999993,34.842538263999984],[32.949964057999978,34.842523982999978],[32.950102962000017,34.842535969999972],[32.950250580999978,34.842490697000017],[32.950351909000005,34.842426319000026],[32.950571866000018,34.842397776999974],[32.950702064999973,34.842447934999996],[32.950806241000009,34.842457519999982],[32.950887267999974,34.842464710999991],[32.95096249300002,34.842495758999974],[32.951086886999974,34.842572157999996],[32.951347306000002,34.842639068999972],[32.95160509599998,34.842250265000018],[32.951880202999973,34.841937816999973],[32.952175564000015,34.841630149000025],[32.95232906199999,34.841420246999974],[32.952475638999999,34.841169781000019],[32.952614690000019,34.840921697999988],[32.952750804999994,34.84074280599998],[32.952956405999998,34.840506678999986],[32.953115658000002,34.840351655000006],[32.953254699000013,34.840263928000013],[32.953506442999981,34.840156159000003],[32.953732204999994,34.840084666999985],[32.953884071999994,34.840029502999982],[32.953884657999993,34.840041229999997],[32.953889942999979,34.840147026000011],[32.95383162600001,34.840219907000005],[32.953770877000011,34.840295829000013],[32.953749916999982,34.840577794000012],[32.953710120999972,34.840650881999977],[32.953597947999981,34.840729205000002],[32.953635874999975,34.84078768400002],[32.953754773000014,34.840971008999986],[32.953886113999999,34.841078863000007],[32.954049748999978,34.841213236999977],[32.954151565000018,34.841246092999995],[32.954306099000007,34.841260094000006],[32.954437843999983,34.841217099000005],[32.954712898000025,34.841499938000027],[32.954929231999984,34.841676850999988],[32.955079629000011,34.841938244999994],[32.955326784000022,34.842367803999991],[32.955573942000001,34.842797361999999],[32.955821102000016,34.843226920000006],[32.95640154900002,34.844235699000023],[32.956455173999984,34.84429097200001],[32.956496528999992,34.844333597000002],[32.956752456999993,34.844478075999973],[32.964283420000015,34.845625427000016],[32.971450294000022,34.844203219999997],[32.970970431000012,34.843320537000011],[32.970849364000003,34.843165617000011],[32.970701625000004,34.843100105000019],[32.970448533000024,34.843056000999979],[32.970412489000012,34.843026069000018],[32.970406047999973,34.842993525999987],[32.970439106000015,34.842950214999973],[32.970818609999981,34.842655718000003],[32.971388852000018,34.842367154999977],[32.971579721000012,34.842343299999982],[32.972217820000026,34.842342391999978],[32.972460990999991,34.842400021999993],[32.972500333000028,34.842432673000019],[32.972506672999998,34.842486925000003],[32.972260068000026,34.843261795999979],[32.97224272699998,34.843475979999994],[32.972281270999986,34.843698448999987],[32.972346635999997,34.843804405000014],[32.97265126100001,34.844108975999973],[32.972895056000027,34.844020182999998],[32.973449508999977,34.844366132000005],[32.97370345500002,34.844204138000009],[32.974087624999981,34.844367911999996],[32.974423120999973,34.844374281],[32.974299695000013,34.843994281999983],[32.973552358000006,34.843354920000024],[32.973420852000004,34.843340985999987],[32.973494717999984,34.842980527999998],[32.973583403000021,34.843007908000004],[32.97384574900002,34.843198470000004],[32.973908226999981,34.843206774999999],[32.973993845999985,34.843179903000021],[32.974181934000001,34.843033988999991],[32.974376201999974,34.842983005000008],[32.974648651999985,34.842877493999993],[32.974671903000001,34.842862009999976],[32.975044592000017,34.842613477999976],[32.975437337000017,34.84271877499998],[32.975854457000025,34.842867531000024],[32.976665369999978,34.842872694999983],[32.976766852000026,34.842948224999986],[32.977636759999996,34.842256029999987],[32.977763858999992,34.842076949999978],[32.978356667000014,34.842188571999998],[32.979815195000015,34.842635405999999],[32.979900186000009,34.842453304999992],[32.979940015000011,34.842155322999986],[32.980249312000012,34.842063552000013],[32.980148686999996,34.841770962999988],[32.980131660999973,34.841640691999999],[32.980182048000017,34.841336940000019],[32.980298506999986,34.841183865999994],[32.980421609000018,34.841123437000022],[32.980930232999981,34.841214555000022],[32.981529406999982,34.841488249999998],[32.981642152999996,34.841387254999972],[32.981730448000008,34.841254359000004],[32.981773379000003,34.841057680999995],[32.981763296999986,34.840944777000004],[32.981570611999985,34.840848741999991],[32.981441544999996,34.840648693999981],[32.980877432,34.840386658999989],[32.980628905000003,34.840212328000007],[32.980963297000017,34.839984619000006],[32.980777384000021,34.839952261999997],[32.980576058999986,34.839387344999977],[32.980577064999977,34.839141357000017],[32.980383856000003,34.839175551999972],[32.980069393999997,34.839678273000004],[32.97954340299998,34.839540795999994],[32.979114751999987,34.839638019999995],[32.978733837999982,34.839217302000009],[32.978969201999973,34.839174553000021],[32.979011608999997,34.839105190999987],[32.97913844499999,34.838995576000002],[32.979222751000009,34.838975544999983],[32.978864397999985,34.83819022900002],[32.978686244000016,34.837975579999977],[32.978769139999997,34.837770341000009],[32.978858677000005,34.837686711000003],[32.978922769000008,34.837643405999984],[32.979295292000018,34.837537353000016],[32.979689509000025,34.837272168000027],[32.980057409999972,34.837092831000007],[32.980185428000027,34.837030427000002],[32.980411032999996,34.836796621000019],[32.980590651,34.836649502],[32.980942631000005,34.836410258000001],[32.980806426000015,34.836242027000026],[32.980589303999977,34.836114088999977],[32.980088008999985,34.835953523000001],[32.98022979000001,34.835615307000012],[32.98005845900002,34.83544697100001],[32.980674552999972,34.83499716099999],[32.980773322999994,34.834875883999985],[32.983026171999995,34.835035452],[32.98372599999999,34.833373886000004],[32.984631786000023,34.831223197999975],[32.98609976900002,34.827803668999991],[32.98609306100002,34.827498949000017],[32.986149329999989,34.827287973000011],[32.986368502000005,34.827262457000018],[32.99102848199999,34.826213399999972],[32.99598963599999,34.825146554000014],[33.001134601999979,34.824039937999999],[33.007246633000022,34.822756530999982],[33.008723464000013,34.822446004000028],[33.008820768000021,34.822446250999974],[33.008925261999991,34.822687205000022],[33.008885781000004,34.822957429999974],[33.00897773600002,34.823049360000027],[33.009002531000021,34.823161732000017],[33.009040266999989,34.823190948999979],[33.009199137999985,34.82319966],[33.009285217000013,34.823108360999981],[33.009376735999979,34.822915168999998],[33.009414771000024,34.822859095000013],[33.009435021999991,34.822842509999987],[33.009538421999991,34.822844847999988],[33.009636769999986,34.822849259999998],[33.009697292999988,34.822853577999979],[33.009705064999991,34.822795355999972],[33.009682530000021,34.822753702],[33.009455937999974,34.822640815999989],[33.009337592999998,34.822588510000003],[33.009345342000017,34.822536545999981],[33.009764970999981,34.822416880999981],[33.010433933000002,34.82289031800002],[33.010925824000026,34.823152729000014],[33.011663629999987,34.823283887000002],[33.012430369000015,34.823391178000008],[33.013283937999972,34.823689329999979],[33.014123051000013,34.824011337999991],[33.014918812000019,34.824560008999981],[33.016278845999977,34.825406842999996],[33.017363939000006,34.825800372000003],[33.018955345999984,34.826014869000005],[33.019895737000013,34.826181734999977],[33.020662548000018,34.826432130000001],[33.022051481999995,34.826813635999997],[33.024424302999989,34.82756475299999],[33.02505368300001,34.827753114000018],[33.025481945000024,34.827858005999985],[33.02585233100001,34.827934278999976],[33.026315285999999,34.827943722999976],[33.026778223999997,34.827895903000012],[33.027160175000006,34.827943538],[33.027993601999981,34.828277378999985],[33.028815473000009,34.828639850000002],[33.029533142999981,34.828887816000019],[33.029799388000015,34.829011819000016],[33.03008881300002,34.829221710000013],[33.030297194000013,34.829355271999987],[33.030783342000007,34.829460129999973],[33.030885238999986,34.829324534000023],[33.031067446999998,34.829102594999995],[33.031171528000016,34.828880675999983],[33.031327708999981,34.828701690999992],[33.031405791999987,34.828594303999978],[33.031513959999984,34.828561927999999],[33.031686200000024,34.828636577999987],[33.032004727000015,34.828558358999999],[33.032221715999981,34.828501039000002],[33.032551574000024,34.828508108999984],[33.032820604999984,34.828350564999994],[33.033002813999985,34.828150096999991],[33.033167694999975,34.828035526999997],[33.033623760000012,34.828026706999992],[33.034079113000018,34.827985171000023],[33.034452370999986,34.827992223000024],[33.034851754999977,34.828199686000005],[33.035294530999977,34.82837850300001],[33.035789323000017,34.828399832999992],[33.036310258000015,34.828650202000006],[33.036540358000025,34.828806172999975],[33.037034365000011,34.829101751999985],[33.037988939999991,34.829471737999995],[33.038363656999991,34.829678864000016],[33.038667525999983,34.829786135999996],[33.038967674999981,34.829777768999975],[33.039248013000019,34.829868803000011],[33.039491673999976,34.829953515999989],[33.040733694999972,34.830186298000001],[33.041393405000008,34.830157444999998],[33.042625927000017,34.829920811000022],[33.044435867000004,34.829459677999978],[33.045072335999976,34.829271749999975],[33.045546824999974,34.829190450999988],[33.046073460000002,34.829223656000011],[33.046304963000011,34.829266514999972],[33.046495907999997,34.829218723999986],[33.046634757999982,34.829151863999982],[33.046819925000023,34.829123160999984],[33.047016718000009,34.829185119999977],[33.047311959000012,34.82936633700001],[33.047636075000014,34.829442561000008],[33.047902269000019,34.829428140000005],[33.048145335000015,34.829448722999985],[33.048400046999973,34.829591777000019],[33.048701073000018,34.829763445000026],[33.049094664999984,34.829887354999983],[33.04939557900002,34.829868146000024],[33.049819249999985,34.82978605400001],[33.050861383999973,34.829475236999997],[33.051633367000022,34.829319084000019],[33.052323367999975,34.829151142000001],[33.052647482999987,34.82921780800001],[33.052959863000012,34.829036341000005],[33.05317140599999,34.828806392999979],[33.053525794999985,34.828683769999998],[33.053656062000016,34.828776763999997],[33.053875620999975,34.828921105000006],[33.054256286999987,34.828942498999993],[33.054504915999985,34.828798752000012],[33.054688897000005,34.828568727999993],[33.055018643999972,34.828403949000005],[33.055119413,34.828443468999978],[33.055118998000012,34.828725899000005],[33.055246891000024,34.829376755999988],[33.055583701999979,34.829641993999985],[33.056009125000003,34.829756324000016],[33.056425987000011,34.830042443000025],[33.056799414000011,34.830278476999979],[33.057025145000011,34.830328475999977],[33.057363672999998,34.830306843000017],[33.057794188000003,34.830244605000019],[33.058103593999988,34.830290436999974],[33.058430859999987,34.830377913999996],[33.058658107999975,34.830519718000005],[33.05866807000001,34.830697676],[33.058783789000017,34.830793196999991],[33.059021412999982,34.830759379000028],[33.059148804000017,34.830864297000005],[33.059311451999974,34.830994046000001],[33.059461451999994,34.831064563999973],[33.059417764999978,34.831316286000003],[33.059613956000021,34.831466628999976],[33.059820522999985,34.831436594000024],[33.059878434999973,34.831493828000021],[33.059914987000013,34.831697309999981],[33.059914569999989,34.831980627999997],[33.059914253999978,34.832195087000002],[33.060109607000015,34.832439156000021],[33.060446965999972,34.832476467999982],[33.060729998999989,34.832665927999983],[33.061071533000018,34.832772095999985],[33.061353004000011,34.83292441399999],[33.061604223000018,34.833124945000009],[33.061649333999981,34.833475654999972],[33.061801546000027,34.833869257000003],[33.062004168999977,34.833958626000026],[33.062307990000022,34.833940577000021],[33.062583005000022,34.834095520999995],[33.062720590000026,34.834274396000012],[33.062707843999988,34.83436384700002],[33.062801631000013,34.834436067000013],[33.062922522999997,34.834405517999983],[33.06304559199998,34.83451878599999],[33.063241069000014,34.834721489000003],[33.063443683000003,34.834792961000005],[33.063508872999989,34.834900295000011],[33.063552494000021,34.835180619000027],[33.063625060999982,34.835472858000003],[33.06374817599999,34.835643387999994],[33.063871941999992,34.83568154400001],[33.063932994000027,34.835526269000013],[33.064149074999989,34.835310246000006],[33.064270856000007,34.835105124999984],[33.064588244999982,34.83477554000001],[33.064841077999972,34.834640069999978],[33.065295896999999,34.834499466000011],[33.065811293000024,34.834359004000021],[33.066276355000014,34.834160129999987],[33.066674198999976,34.833933385000023],[33.066759218000016,34.833837872000004],[33.066856633999976,34.833910107000008],[33.067008686999998,34.834078232000024],[33.067152018999991,34.834196256999974],[33.067303935999973,34.834196173000009],[33.067538334999995,34.834210358000007],[33.067699060999985,34.834250283000017],[33.068091132999996,34.834338891000016],[33.068299508999985,34.834376948999989],[33.068542767999986,34.834605861999989],[33.069054704999985,34.834759776999988],[33.070002292000027,34.83468037099999],[33.070597758000019,34.834570787000018],[33.071183863999977,34.83442828699998],[33.071539105999989,34.834574886999974],[33.071725927999978,34.834728095000003],[33.07156403800002,34.834909521999975],[33.071703174999982,34.835186207999982],[33.071969519999982,34.835329206999972],[33.072258873999999,34.835309947999974],[33.072507742000028,34.835319344000027],[33.072646685999985,34.835371751000025],[33.072745198999996,34.835514848000003],[33.072843664999994,34.835605455000007],[33.073109949000013,34.835676873000011],[33.073382031999984,34.835757831000024],[33.073711974999981,34.835824437999975],[33.073989875999985,34.835938794000015],[33.074111506000008,34.836043700999994],[33.074186807999979,34.836115231999997],[33.074302667999973,34.836239230999979],[33.074464808000016,34.836339340999984],[33.074632688999998,34.836386956000013],[33.074719553000023,34.836444164999989],[33.074846955999988,34.836529981000012],[33.074962533000019,34.836662053999987],[33.075075554000023,34.836760023000011],[33.075357890000021,34.836974581999982],[33.075716863000025,34.837251220999974],[33.075901451999982,34.837434746999975],[33.076243947000023,34.837724035000008],[33.076320738999982,34.837940659000026],[33.076424611999983,34.838099044999979],[33.076847935999979,34.838371852000023],[33.077002328999981,34.838524787999972],[33.077126166000028,34.838772028999983],[33.077122244000009,34.838966289999973],[33.077152136999985,34.839099551999993],[33.077249048999988,34.839343953000025],[33.077305803000002,34.839513359000023],[33.077419819999989,34.839657891999991],[33.077624558000025,34.839866434999976],[33.077809374000026,34.839977791000024],[33.078028039999992,34.840014300999997],[33.078169203000016,34.840092281000011],[33.078279698000017,34.840297854000028],[33.078404090999982,34.840350831000023],[33.078659914000013,34.840345776999982],[33.078872117999992,34.840296238000008],[33.079205703000014,34.840174768999987],[33.079495592000001,34.840025475999994],[33.079863174000025,34.839790296999979],[33.080048413999975,34.839749028000028],[33.080245530000013,34.83979661699999],[33.08053053499998,34.839921575000005],[33.080895140999985,34.840090402999977],[33.08104939499998,34.840210007999985],[33.081104739000011,34.840408083999989],[33.081074118999993,34.840774113000009],[33.081073892000006,34.840855470000008],[33.081109571000013,34.841029092999975],[33.081217550000019,34.841224552000028],[33.081470206000006,34.841444694000018],[33.081631189000007,34.841507363000005],[33.081746294000027,34.841518432999976],[33.082341828999972,34.841443657000013],[33.082440471999973,34.841454677999991],[33.082627826000021,34.841509271999996],[33.082706609000013,34.841560946000016],[33.083163770999988,34.842045922000011],[33.08342885899998,34.842049104000012],[33.083501302000002,34.842024822999974],[33.083840674999976,34.841811242999995],[33.084252632000016,34.841524585999991],[33.08428552700002,34.841519224000024],[33.084334812000009,34.841535577999991],[33.084573793999994,34.841945522000003],[33.084734641000011,34.84205700199999],[33.084790521000002,34.842073373000005],[33.085287138000012,34.842087869000011],[33.085352870000008,34.842112406000012],[33.085526899999991,34.842215779000014],[33.085569479000014,34.842283651000002],[33.085687602999997,34.842389645000026],[33.085750001999997,34.842425019000018],[33.085924063999983,34.842512118999991],[33.086078261000011,34.842658845000017],[33.086215826,34.842867909999995],[33.086324133000005,34.842954901999974],[33.086383287999979,34.842971266999996],[33.086643153000011,34.842969047999986],[33.086972197000023,34.842928995000022],[33.087396738999985,34.842840292000005],[33.087528420000012,34.842799872000001],[33.087656874999993,34.842735027000003],[33.087785452999981,34.842632220999974],[33.087808602999985,34.842586166999979],[33.087713886000017,34.842341928999986],[33.087740676999999,34.842171139000016],[33.087928522000027,34.842035882000005],[33.088250902000027,34.842022937000024],[33.08854998999999,34.842102141999987],[33.088789742000017,34.842235462000019],[33.088956966000012,34.842425590000005],[33.089073799000005,34.843003414999998],[33.089126281999995,34.843057765000026],[33.089665169999989,34.843262149999987],[33.090393709000011,34.843876365000028],[33.090521688000024,34.843985065000027],[33.09071222,34.844072186000005],[33.091284357000006,34.844151883999984],[33.092125952999993,34.844318853000004],[33.092487263999999,34.844514774000004],[33.092759891000014,34.844656276000023],[33.092873828999984,34.844699703000003],[33.092899059999979,34.844502393000027],[33.092934275999994,34.844111989999988],[33.093036055000027,34.844061533000001],[33.092854435999982,34.843739862000007],[33.092615379999984,34.843346225000005],[33.092718181000009,34.843042679999996],[33.092711735000023,34.842985715999987],[33.092613964000009,34.842654708999987],[33.092728701999988,34.842420484999991],[33.092660866000017,34.842340217000014],[33.092290397999989,34.842009458000007],[33.092203536,34.841736684000011],[33.092045466999991,34.841531101999976],[33.091867318000027,34.841569020999998],[33.091862218000017,34.841569025000013],[33.091867313000023,34.841564816000016],[33.09168366900002,34.841245941000011],[33.092135031999987,34.840950817000021],[33.092243111000016,34.841127276000009],[33.092334941999979,34.841219652999996],[33.092489198999999,34.841347399000028],[33.092771770000013,34.841459090000001],[33.092896807999978,34.841443055000013],[33.093198911999991,34.841628008999976],[33.093270765,34.841817950999996],[33.093429302000004,34.841574186999992],[33.093061493999983,34.841351148000001],[33.093250001000001,34.840969132999987],[33.093961729,34.840498572999991],[33.094797733000007,34.840285848000008],[33.094896425999991,34.840277909999998],[33.096634182000003,34.839860701000021],[33.097151123000003,34.839658245999999],[33.097984654000015,34.839535872999988],[33.098510616999988,34.839365439999995],[33.099086155999998,34.839060137999979],[33.100337586000023,34.839076712999997],[33.100785533000021,34.839088057000026],[33.101005746999988,34.838929599999972],[33.101947913000004,34.839159644999995],[33.102417745000025,34.839355721000004],[33.102539384000011,34.839374899999996],[33.10319370000002,34.839462823000019],[33.103536038000016,34.839354949999972],[33.103927066999972,34.839504775000023],[33.104269371999976,34.839407752999989],[33.104351479000002,34.839453993000006],[33.105082117999984,34.83927085900001],[33.10563881500002,34.838940977999982],[33.105622786000026,34.838778237999975],[33.105938702999993,34.838713697999992],[33.105981530000008,34.838686653000025],[33.106129850999992,34.838556744000016],[33.106228281000028,34.838659958999983],[33.106287388999988,34.838695304999987],[33.106638309999994,34.838773381999999],[33.106874606000019,34.838825939000003],[33.107053570000005,34.838602010999978],[33.107342532000018,34.838769339999999],[33.107509959000026,34.838812667000013],[33.107684190999976,34.838746586000013],[33.107937058999994,34.838555074999988],[33.108015742000021,34.838411692000022],[33.108066301999997,34.838203697999973],[33.108184230000006,34.838035264999974],[33.108334539999987,34.837960168999984],[33.108271924000007,34.837764537999988],[33.108294071999978,34.83761389],[33.108457627999996,34.837458090999974],[33.109062196000025,34.837582890000022],[33.109313794999991,34.837782048000008],[33.109602483999993,34.838010586999985],[33.109883529999991,34.838162739999973],[33.110637372999975,34.837611019000008],[33.110731149999992,34.837515748999976],[33.111224912000011,34.837575770000001],[33.111518439000008,34.837658794999982],[33.111560189999977,34.837486634000015],[33.111832681999999,34.837275422000005],[33.112011085000006,34.837281087000008],[33.112430688000018,34.837403772000016],[33.11256096599999,34.837515224000015],[33.112591287999976,34.837572674],[33.112752049999983,34.83766982100002],[33.112832665999974,34.837628697000014],[33.113531267999974,34.837547334000021],[33.113662297000019,34.837357392000001],[33.113068962,34.837090913999987],[33.113078131999998,34.836893594000003],[33.113034632999984,34.836895317000028],[33.112958368000022,34.836941835999994],[33.11299604200002,34.836653060000003],[33.113207113999977,34.836646254000016],[33.113324433000003,34.836718194000014],[33.113413363999996,34.836825986000008],[33.113613385999997,34.836890885999992],[33.113678949000018,34.836772601000007],[33.113575798999989,34.836241432999998],[33.113632764999977,34.836080073000005],[33.113970219999999,34.835992728000008],[33.113985114999991,34.836130884999989],[33.114022015999979,34.836159656999996],[33.114618876999998,34.836116677999996],[33.114654111999982,34.836313055999995],[33.114752472000021,34.836325575999979],[33.114794027000016,34.836343549999981],[33.114877012000022,34.836302030000013],[33.11497754200002,34.836307332999979],[33.115084708999973,34.836359486999982],[33.115136340999982,34.836406532000012],[33.115989497999976,34.836383857999976],[33.116035398999998,34.836385612000015],[33.116044063000004,34.836340565],[33.11634822000002,34.836224045999984],[33.116382042999987,34.836188870000001],[33.116420167999991,34.836094236999998],[33.116542478999975,34.836053578000019],[33.116824543999996,34.836116222999976],[33.11688488599998,34.836048751000021],[33.117142672999989,34.836086600999977],[33.117435988000011,34.836054030000014],[33.117979452999975,34.83624146599999],[33.118053567999993,34.836185968999985],[33.118110612999999,34.835986941999977],[33.118314500999986,34.836249178999992],[33.119153641000025,34.836541146999991],[33.119445387999974,34.836457312999983],[33.119312342000001,34.836208796999983],[33.119367873999977,34.836112755999977],[33.119453172000021,34.836016667000024],[33.119580367000026,34.836156159999973],[33.11989067799999,34.836051145999988],[33.119890601999998,34.835998791000009],[33.120405489000007,34.835876111000005],[33.120546628999989,34.835899242999972],[33.120857064999996,34.835881471999983],[33.121139181999979,34.835799754999982],[33.121245955000006,34.835922016999973],[33.122037877000025,34.835941213000012],[33.122157119000008,34.836120801999982],[33.122252711999977,34.836187317999986],[33.122491916999991,34.836232546000019],[33.122863958999972,34.836234929],[33.122971055999983,34.83602880799998],[33.12312758600001,34.836081080999975],[33.123337312999979,34.835715445999995],[33.123446058000013,34.835726385999976],[33.123585273000003,34.835746329000017],[33.123754738000002,34.835850650999987],[33.123950041000001,34.836071602000004],[33.123858437000024,34.836166547000005],[33.123934405999989,34.836243797000009],[33.123968895000019,34.836385570000004],[33.123944799000014,34.836451913000019],[33.124240425999972,34.836568972999999],[33.124334234999992,34.836457891999999],[33.124405969000009,34.836493881000024],[33.124438671999997,34.836458058000005],[33.124149921000026,34.836195701999998],[33.124091350000015,34.836111296000013],[33.124230954999973,34.835964417000014],[33.124522334000005,34.836034837],[33.124676538000017,34.836148089999995],[33.124782782000011,34.836307917999989],[33.124806267999986,34.836499904999982],[33.124732236,34.836528494999982],[33.124630027000023,34.836512172000027],[33.124836274000018,34.836704460000021],[33.124829587000022,34.836769025000024],[33.124894518000019,34.836916223000003],[33.124837522000007,34.837106296000002],[33.124700457000017,34.837098907999973],[33.124478377999992,34.837166723999985],[33.124304275999975,34.837182586999973],[33.123449466000011,34.837071825999999],[33.12323944000002,34.836633785999993],[33.122991549999995,34.836572392999983],[33.122915337999984,34.83660276400002],[33.122826187999976,34.836579308000012],[33.12240045499999,34.837210098000014],[33.122337162999997,34.837285339000005],[33.122386963999986,34.837389469000016],[33.121949601999972,34.837410287000012],[33.12167845099998,34.837870265999982],[33.121473732000027,34.837794842999983],[33.121290452999972,34.837911389999988],[33.121220185000027,34.838115067999979],[33.121072211000012,34.838254833999997],[33.120868265000013,34.838708816999997],[33.120233335000023,34.838796709999997],[33.11994437300001,34.839023875999999],[33.12046694899999,34.839314230000014],[33.120918604999986,34.839360327000009],[33.120804444999976,34.839559375000022],[33.120764845999986,34.839747670999998],[33.120766612000011,34.839918087000001],[33.120883402000004,34.840219658000024],[33.120876656999997,34.840311133],[33.120675855999991,34.840583487000004],[33.121050006000019,34.840618181000025],[33.121045381999977,34.840732985999978],[33.120914754000012,34.840766852000002],[33.121005518999993,34.841032502000019],[33.121138071000018,34.841113434000022],[33.121501223999985,34.841201919000014],[33.121760461000008,34.84106779199999],[33.122034944999996,34.840930089999972],[33.122374632000003,34.840821208000023],[33.122749017999979,34.840759009999999],[33.123064574000011,34.840727204000018],[33.123019208000017,34.840590801000019],[33.123328329000003,34.840523115999986],[33.123449977000007,34.840607635000026],[33.124115931999995,34.840542301000028],[33.125024079000013,34.840183146000015],[33.124793932999978,34.839972889000023],[33.124822682999991,34.839768430999982],[33.12512532400001,34.839684593000015],[33.125400135999996,34.839394415000015],[33.125648091000016,34.839430671999992],[33.12585902699999,34.839486623000028],[33.126161599999989,34.839422494000019],[33.125981987999978,34.839000660000011],[33.125566762000005,34.838842150000005],[33.125618352000004,34.83816951099999],[33.125788478999993,34.837988590000009],[33.126008651999996,34.837804155000015],[33.126223729000003,34.837949787000014],[33.126632530999984,34.838050882999994],[33.127385312000001,34.838069986999983],[33.127574681999988,34.838032611000017],[33.127951756000016,34.837740775999976],[33.127895478000028,34.837607945000002],[33.128121904000011,34.837545515999977],[33.128307307999989,34.837337703000003],[33.128350608000005,34.837436439999976],[33.128310526000007,34.837836422999999],[33.128678040000011,34.837926682999978],[33.129010255000026,34.838226765000002],[33.129246486,34.838639734000026],[33.129715961999977,34.838855711000008],[33.130292623000003,34.838826090999987],[33.130509839000013,34.838982489999978],[33.130769154999996,34.838807078999992],[33.130984113000011,34.839006525000002],[33.131099704999997,34.838888313999973],[33.131222073000004,34.838646320999999],[33.131315711000013,34.838610587999995],[33.131446206000021,34.838632312000016],[33.131513691000009,34.838618059999988],[33.131642351999972,34.83848549999999],[33.132065140000009,34.838175787000011],[33.132226500999991,34.838023556999985],[33.132427221,34.837772694000023],[33.132677533999981,34.837726443000008],[33.132632377999983,34.837478804],[33.132634822,34.837362202000008],[33.13278294600002,34.837283500000012],[33.132854877999989,34.83721902000002],[33.132868078999991,34.837152666999998],[33.13283360600002,34.837000140999976],[33.132838258999982,34.836869182999976],[33.132958386999974,34.836655880000023],[33.132645253000021,34.836574688999974],[33.132521482000016,34.836468668999998],[33.132369718999996,34.836228048000009],[33.132280579999986,34.836197420000019],[33.132102162000024,34.836197163999998],[33.132215781000014,34.835976673000005],[33.132270824999978,34.835689731000002],[33.132262442000012,34.835535435999986],[33.132188523000025,34.835513806999984],[33.132117274999985,34.835264337000012],[33.132257173000028,34.834968560999982],[33.132276955999998,34.834880689999977],[33.132460039000023,34.83473027399998],[33.132708266999998,34.834646336999981],[33.132825952000019,34.834553216000018],[33.132836999999995,34.834532885999977],[33.132898033999993,34.834420580000028],[33.132924461000016,34.834275320000017],[33.132966021000016,34.834174908000023],[33.132970754999974,34.834006301999977],[33.132833904999984,34.833907434000025],[33.132573117999982,34.83377428099999],[33.132511168999997,34.833688142000028],[33.132157899999982,34.833196842999996],[33.132161571999973,34.832823026000028],[33.132144692999987,34.83272426100001],[33.132540888999984,34.832785982000019],[33.132712326999979,34.832624018999979],[33.132946181000023,34.831305425999972],[33.133016310000016,34.829236587000025],[33.132751808000023,34.828937614999973],[33.132777854999972,34.828763665999986],[33.132752478999976,34.828631975999997],[33.132695539999986,34.828591909000011],[33.133050840999999,34.828483759999983],[33.133687452000004,34.828363197999977],[33.133700667000028,34.828468674000021],[33.133969899000022,34.828480169999978],[33.134313587999998,34.828291965999995],[33.135020455000017,34.828248606999978],[33.135088196000027,34.828048894000005],[33.135310763999996,34.827849399999991],[33.135686650000025,34.828338396999982],[33.135840727000016,34.828677206000009],[33.136056391000011,34.828549864000024],[33.136298329999988,34.828722282000001],[33.136466571000028,34.82874474099998],[33.13676237300001,34.828917234000016],[33.137011992999987,34.82865672600002],[33.136817079000025,34.828523234999977],[33.136978723000027,34.828473514999985],[33.136965416999999,34.828401343999985],[33.137113842000019,34.828246148999995],[33.13696588900001,34.828184867000004],[33.136939118999976,34.828118227999994],[33.137046917000021,34.828062878000026],[33.13687891699999,34.827940522000006],[33.136704658999975,34.827590588000021],[33.136685016999991,34.827329700000007],[33.136584964000008,34.826918820999992],[33.136706489999995,34.826746934000028],[33.136733443000026,34.826724765999984],[33.13679406,34.826708210999982],[33.13679433599998,34.826574988999994],[33.136908844000004,34.826547421999976],[33.137157805000015,34.82658107200001],[33.137278717000015,34.826697808999995],[33.137514287999977,34.826709257000005],[33.137669394,34.826565179999989],[33.137776905999999,34.826654141000006],[33.138039886999991,34.826432496999985],[33.138383359999978,34.826338643999975],[33.138679460999981,34.826366821000022],[33.138767230999974,34.826250394999988],[33.138874491000024,34.826455915999986],[33.138537878000022,34.826483191000023],[33.138261762000013,34.826549392000004],[33.138288296999974,34.826732590999995],[33.138664244999973,34.827193826999974],[33.138832439999987,34.827232924999976],[33.139257117999989,34.826939358000004],[33.139607145000014,34.826934322999989],[33.139688182999976,34.826806776000012],[33.139843326999994,34.82664603500001],[33.139830447999998,34.826379583999994],[33.140194011000006,34.826330155999983],[33.140470693999987,34.825997543000028],[33.140517569999986,34.826103058000001],[33.140409510999973,34.826280526000005],[33.140570501000013,34.82654717600002],[33.140771991999998,34.826752822000003],[33.140920122000011,34.826736378000021],[33.141013950000001,34.826919695000015],[33.141088063999973,34.826892032999979],[33.141209893999985,34.82657029500001],[33.140833654000005,34.826236716999972],[33.141218376999973,34.825732189000007],[33.141399936000028,34.825821255999983],[33.14158133799998,34.825971379999999],[33.141924238000001,34.826155030999985],[33.142005445999985,34.825949782999999],[33.142637609000019,34.826211538999985],[33.142947183999979,34.826239728000019],[33.143088429999978,34.826289882000026],[33.143330789999993,34.826262471000007],[33.143391802999986,34.82605165199999],[33.143748843000026,34.825907839000024],[33.143868166999994,34.825980157999993],[33.144063367999991,34.825974882000025],[33.144434294999996,34.825622961000022],[33.144495740000025,34.825212308999994],[33.144547034000027,34.825060759999985],[33.144624399999998,34.82483228000001],[33.144719212999973,34.825060554999993],[33.144728215999976,34.825082193000014],[33.144966763000014,34.82527679399999],[33.145054436999999,34.825193671000022],[33.145155464000027,34.825163276000012],[33.145158890999994,34.82512998499999],[33.145144515000027,34.825060048000012],[33.145095573999981,34.824821842000006],[33.145385164000004,34.824750094000024],[33.145472356000028,34.824891738000019],[33.145529644000021,34.824858522],[33.145835743000021,34.824936657000023],[33.145933479999997,34.82505910499998],[33.145959935999997,34.825092240999993],[33.145922442000028,34.825322530999983],[33.146123999999986,34.825505968000016],[33.146157168000002,34.82574192300001],[33.146015707999993,34.825800001999994],[33.145971201999998,34.826169037999989],[33.146199694000018,34.826346967000006],[33.145943586999977,34.826513138999985],[33.145678013999998,34.826354574999982],[33.145341465999991,34.826362427999982],[33.145411626999987,34.826609526000027],[33.145000671999981,34.826789335000001],[33.14520173599999,34.827205893999974],[33.145420487000024,34.827211755000008],[33.145469637000019,34.827864002000013],[33.145667877999983,34.828019691999998],[33.145910061999984,34.828092174000005],[33.145963767000012,34.828164411999978],[33.146178999000028,34.828245197000001],[33.146803148000004,34.827488430000017],[33.146991561999982,34.827519199999983],[33.147142394000014,34.827821917999984],[33.147387703999982,34.828010971000026],[33.147710444999973,34.828183484000022],[33.147784665000017,34.828094781000004],[33.147966203999999,34.828192150000007],[33.148171721999972,34.828092530999982],[33.148309547999986,34.828162104],[33.148491338999975,34.828148465000027],[33.148554998999998,34.828281764999986],[33.148837760999982,34.828259946999992],[33.148928587,34.828279510000016],[33.148941695000019,34.828459908000013],[33.149301762999983,34.828482602999998],[33.149591988999987,34.828088915000023],[33.149659577000023,34.827941920000001],[33.150299200999996,34.827862315999994],[33.150326452000002,34.827693055999987],[33.150666435999995,34.82766854099998],[33.150871400000028,34.827838100000008],[33.150951592000013,34.828126838000003],[33.150903943000003,34.828398740000011],[33.15107855399998,34.828596011000002],[33.151327491000018,34.828649091999978],[33.151084882000021,34.828801390000024],[33.150976910999987,34.828940008000018],[33.150862172000018,34.829098034000026],[33.150824853000017,34.829247849000012],[33.150864910999985,34.829403316000025],[33.151127136000014,34.829561851999983],[33.151426395999977,34.829701019000026],[33.151565103999985,34.829329321999978],[33.151727214000005,34.829046482000024],[33.151982729999986,34.829180029999975],[33.151982272999987,34.829421462000028],[33.152099694000015,34.829613112000004],[33.151978304000011,34.829726732999973],[33.152001763999976,34.829768399999978],[33.152274421000016,34.829754896999987],[33.152469956000004,34.829591409999978],[33.152506876000018,34.829638633000002],[33.152769040999999,34.829813827999999],[33.15293413500001,34.829722464999975],[33.152729487999977,34.82939471200001],[33.153181002999986,34.829128892000028],[33.153184119000002,34.829248244999974],[33.153133077999996,34.829542349000008],[33.153267234999987,34.829778409000028],[33.15362415300001,34.829698400999973],[33.153799165999999,34.829698650000012],[33.154428398999983,34.829766086999996],[33.155098286999987,34.829694809999978],[33.154866835999997,34.829294870000012],[33.155028775000005,34.829089705999991],[33.15532490999999,34.829115085000012],[33.155530500999987,34.828968262999979],[33.155950811000025,34.829165855999975],[33.156176748999997,34.828930257000025],[33.15630726400002,34.829318961000013],[33.156815595000012,34.829253025000014],[33.157202579,34.829284051999991],[33.157270002000018,34.829231416000027],[33.157599490999985,34.829409446],[33.157694112999991,34.82920421],[33.158041249999997,34.828960430999985],[33.158273485999985,34.828946848999976],[33.158404817000019,34.828913725000007],[33.158277410999972,34.828655464000008],[33.158137092999993,34.828105782000023],[33.15854830699999,34.827787170000022],[33.158669191999991,34.827923306999992],[33.158857511000008,34.828001269000026],[33.158938110000008,34.828104053999994],[33.159089510000001,34.828123667],[33.159094052,34.828127101000007],[33.159207153000011,34.828212613999995],[33.159253680000006,34.828517954999995],[33.159229687999982,34.828756603999977],[33.159367267999983,34.828964921000022],[33.159356850999984,34.829134180999972],[33.159436156000027,34.82915509999998],[33.159613365999974,34.829496684999981],[33.159689352999976,34.829716014999974],[33.160135634000028,34.829648544000008],[33.160209568000028,34.829333675999976],[33.160686156999986,34.829399797000008],[33.160973535999972,34.829324552000003],[33.161177986999974,34.829486077000013],[33.161272472999997,34.829617238000026],[33.161568843999987,34.829640293000011],[33.161647717999983,34.829950322999991],[33.161347264000028,34.830474048999974],[33.16104175800001,34.830438389999983],[33.161041441000009,34.830604683999979],[33.160647392999977,34.830518508000011],[33.160292504999973,34.830739795],[33.160218805,34.830931217999989],[33.160120790999997,34.831046989000015],[33.159854788000018,34.831129809000004],[33.159790107999982,34.831399331999989],[33.160389152999983,34.831349708999994],[33.160480297999982,34.831629529999987],[33.160360873999991,34.83176290900002],[33.160323752000011,34.832004758999972],[33.159803908000015,34.832183002000022],[33.159503703999974,34.832563115000028],[33.159674401000018,34.832795151000028],[33.159716856999978,34.832966551000027],[33.160184001000005,34.833191390000025],[33.160492825000006,34.833098557000028],[33.160840700999984,34.833437068000023],[33.160907688999998,34.833502252000017],[33.161433106999993,34.833613774000014],[33.161633517999974,34.833728366000003],[33.161788966000017,34.833799425999985],[33.162024735999978,34.833899830000007],[33.162217042000009,34.833956738999973],[33.162553727999978,34.833968121999987],[33.162928996000005,34.833914777000018],[33.162977919000014,34.833730054],[33.163095874000021,34.833454612000025],[33.164358099000026,34.833390662999989],[33.164819733999991,34.833295480000004],[33.165503924999996,34.833487832999992],[33.165977509000015,34.833733762000008],[33.166088772000023,34.833791538000014],[33.166397641000003,34.834005363000017],[33.166491855999993,34.833843028999979],[33.166672678999987,34.833920696999996],[33.166901860999985,34.833868086999985],[33.166995510999982,34.833742500000028],[33.166998223000007,34.833735005999984],[33.167070017000015,34.833535094000013],[33.167079619999981,34.833298243999991],[33.167152981000015,34.833285744000023],[33.167415206999976,34.833435563000023],[33.167458011999997,34.833596047000015],[33.16762017100001,34.833487889000025],[33.167886415999988,34.83327906400001],[33.168183602999989,34.832856103999973],[33.168358018999982,34.832722777000015],[33.16838567100001,34.832639660999973],[33.168294259999982,34.832488357999978],[33.168385914999988,34.832503583999994],[33.168514060000007,34.832617129000027],[33.168658111000013,34.832377925000003],[33.168798616000004,34.832423453999979],[33.169318104000013,34.832439199000021],[33.169345361000012,34.832580342000028],[33.170186953999973,34.833627033000027],[33.170327483999984,34.833659964999981],[33.170578072000012,34.833660258999998],[33.170651588999988,34.833552005999991],[33.171171175999973,34.833519867999996],[33.171773006000024,34.833631433999983],[33.172045072000003,34.833581353999989],[33.172286385999996,34.833649677999972],[33.172343667999996,34.833741396999983],[33.172357304999991,34.833763243000021],[33.172393627000019,34.833824600000014],[33.172507497000026,34.833799699999986],[33.172592480999981,34.833811057999981],[33.172517122999977,34.833741600999986],[33.172442194999974,34.833672535000005],[33.172564759000011,34.833483693999995],[33.172748105999972,34.833496517000015],[33.172955639000008,34.833652991000008],[33.173024562000023,34.833742190999999],[33.173205033999977,34.834171113000025],[33.17328144999999,34.834247393999988],[33.173484346999999,34.834487088999992],[33.173540015000015,34.834352181999975],[33.173540319999972,34.834169325000005],[33.173411424999983,34.833894907999991],[33.173508921999996,34.833742753000024],[33.173612803000026,34.833580672999972],[33.173780313000009,34.833743068999979],[33.17378974899998,34.83375222799998],[33.173944531000018,34.833997838000016],[33.173783046999972,34.834254500999975],[33.173597642000004,34.834617821999984],[33.173536747000014,34.834715714000026],[33.173811118999993,34.834824860000026],[33.173940553000023,34.834790195999972],[33.174299863999977,34.834629510000013],[33.174123453999982,34.83435285500002],[33.174289725999984,34.834387877999973],[33.174382115000014,34.834390170999995],[33.174627756999996,34.834327314000006],[33.174767577000011,34.834381912000026],[33.174928412999975,34.834503989999973],[33.175078617999986,34.834669598000005],[33.175165551000021,34.834793777000016],[33.175571908999984,34.834907444000009],[33.175563828000008,34.835011909999992],[33.175714273999972,34.835031679999986],[33.175720121999973,34.83469210200002],[33.175904877999983,34.834729326000001],[33.176160883000023,34.834777515999974],[33.176572394000004,34.834971705999976],[33.176772884999991,34.83506771399999],[33.176743584999997,34.835220067000023],[33.176931046999982,34.835213751000026],[33.177039334000028,34.835185567999986],[33.177266262999979,34.835255486999984],[33.177371788000016,34.835299140000018],[33.177617277000024,34.835329897999998],[33.177931335999972,34.835404263999976],[33.178382426999974,34.835624617000008],[33.178669950000028,34.835766433000003],[33.178915344000018,34.835851615000024],[33.179152896999994,34.835886701999982],[33.179250539000009,34.835915112000009],[33.179469515999983,34.836013316999981],[33.179802285999983,34.835930960999974],[33.180206355999985,34.835848692000013],[33.180375154999979,34.835953365000023],[33.180486186999985,34.835866425999995],[33.180523255000026,34.835798977000024],[33.180610450000017,34.835757720000004],[33.180694972000026,34.835729510000021],[33.180848047999973,34.835757973],[33.180998428000009,34.835834335000015],[33.181180353000002,34.835984730999996],[33.181254131000003,34.836065352999981],[33.181267154000011,34.83617420600001],[33.181237923000026,34.836289557999976],[33.181480552999972,34.836463959000014],[33.181628241999988,34.836555557999986],[33.181873655000004,34.836625477999974],[33.182124450999993,34.836641004000001],[33.182245625000007,34.836808738999991],[33.182427738999991,34.836850297000012],[33.182974082999976,34.836951037000006],[33.183180149999998,34.836861997000028],[33.183245935999992,34.836994865000008],[33.183129375000021,34.837240715999997],[33.183187294999982,34.837356151999984],[33.183329554000011,34.837543509],[33.183627403000003,34.837852939000015],[33.183893857999976,34.837986014000023],[33.184009987000024,34.838005726999995],[33.184168425999985,34.837979770999993],[33.184319040999981,34.83791246200002],[33.184437953999975,34.837840742000026],[33.184612442999992,34.837695091000001],[33.184665472999995,34.837542778999989],[33.184639628000014,34.837196619999986],[33.184658298999977,34.837081285000011],[33.18473763999998,34.836985588000005],[33.184956965000026,34.83686392300001],[33.185097010999982,34.836792229000025],[33.185432488999993,34.836670679999997],[33.185723015999997,34.83660133799998],[33.185811354999998,34.836562519999973],[33.185829624999997,34.836554492999994],[33.185931030000006,34.836503686000015],[33.186276516000021,34.836351569999977],[33.186407599999995,34.836303414999975],[33.186470856000028,34.836259003000009],[33.186745314000007,34.836175426000011],[33.187153883999997,34.836083074999976],[33.187291092999999,34.836069253000005],[33.187439100999995,34.836027466000019],[33.187659541000016,34.836003559000005],[33.18779052299999,34.836025301999996],[33.187923001999991,34.836069921999979],[33.187990645000014,34.836172922000003],[33.188028728000006,34.836470324000004],[33.188080957000011,34.836584749999986],[33.188339584999994,34.836778177999975],[33.188593718999982,34.836894071000017],[33.188921848999996,34.836994806999996],[33.189069765999989,34.837016559999995],[33.189333340000019,34.837016833999996],[33.189388854000015,34.836990209000021],[33.189467628999978,34.836877184000002],[33.189451012999996,34.836654789000022],[33.189491146000023,34.836612893999984],[33.189660845999981,34.836513943999989],[33.189848923999989,34.836476023999978],[33.190175712999974,34.836457285999984],[33.190339112000004,34.836434579000013],[33.190479455000002,34.836381358999972],[33.190530377000016,34.836339467000016],[33.190565972999991,34.836232767000013],[33.190518361999978,34.836127234999992],[33.190282992999983,34.835827090000009],[33.190226146999976,34.835717756999998],[33.190220016000012,34.835682153999983],[33.190241999000023,34.835422950000009],[33.190279138999983,34.835317498999984],[33.190342477999991,34.835228610999991],[33.190599905999989,34.83518948599999],[33.190877406000027,34.835142759000007],[33.191250378000007,34.835138045999997],[33.19153084200002,34.835172651999983],[33.191752768000015,34.835176681999997],[33.192053330000022,34.835154110000019],[33.192341788000022,34.835198772000012],[33.192755961999978,34.835276813999997],[33.192923811000014,34.835373569000012],[33.193002261999993,34.835480383000004],[33.193103469999983,34.835814706000008],[33.193408208999983,34.836116181000023],[33.193565232000026,34.836238338999976],[33.193911797999988,34.836381001999996],[33.194503555999972,34.836443873000007],[33.19467926599998,34.836432600000023],[33.194944464000002,34.836368048999987],[33.195266801999992,34.836213342999997],[33.195576843000026,34.836044635999997],[33.195809626000027,34.835995292000007],[33.196191880000015,34.835972791000017],[33.196848441999975,34.835977244999981],[33.197130517999994,34.835969904000024],[33.197515887000009,34.835920719000001],[33.197981453000011,34.835833481000009],[33.198416297999984,34.835685215000012],[33.198675460000004,34.835518988999979],[33.198763492000012,34.835395811000012],[33.198925767999981,34.835075730000028],[33.199061867000012,34.834740361000001],[33.19923363700002,34.834246206999978],[33.199347900000021,34.834092536000014],[33.199554660999979,34.833917376999977],[33.199713541999984,34.833814578999977],[33.200143576000016,34.833790853999972],[33.20041944899998,34.833792374999973],[33.200647474999982,34.833838349000018],[33.200773774000027,34.833905807999997],[33.200863025999979,34.834002487000021],[33.200938332000021,34.834148688000028],[33.201008837000018,34.83443721399999],[33.200914257000022,34.834851409999999],[33.200924912999994,34.834951817999979],[33.201051111000027,34.835073919000024],[33.201177442000017,34.835104532000003],[33.201311530999988,34.835107203999996],[33.201510477999989,34.835015896000016],[33.201783579999983,34.834792493000009],[33.201970238999991,34.834671947000004],[33.202113648000022,34.834605999000019],[33.202247796999984,34.834565447999978],[33.202415743000017,34.834591024000019],[33.202538899999979,34.834691537000026],[33.202715852999972,34.834907738000027],[33.202826766999976,34.834948505],[33.202957808999997,34.834927009000012],[33.20309514600001,34.83479371300001],[33.203272792000007,34.834500317999982],[33.203476684999998,34.834165024000015],[33.203478791999999,34.834162902000003],[33.203711251000016,34.833928871000012],[33.203887886000018,34.833813383999995],[33.203997582999989,34.833774418000019],[33.204621181999983,34.833552849],[33.204709561000016,34.83352144700001],[33.204909919999977,34.833515223000006],[33.205082878999974,34.833630846000005],[33.205211578999979,34.833775505999995],[33.205247231999977,34.833815577999985],[33.20549889199998,34.834150867999995],[33.205656509999983,34.834468343000026],[33.205659846999993,34.834480355999972],[33.205721272000005,34.834701412000015],[33.205729763000022,34.834706869000001],[33.205855024000016,34.834787373999973],[33.205885464999994,34.834790478999992],[33.205946102999974,34.834796665999988],[33.206150654999988,34.834767726999985],[33.206580352999993,34.834608663999973],[33.206820318999974,34.834513835999985],[33.206941250999989,34.834452633000012],[33.207071604000021,34.834299435999981],[33.207135016999985,34.834143126000015],[33.207151797999984,34.834002478999992],[33.207178666999994,34.833777277000024],[33.207195999000021,34.833632036999973],[33.207280887000024,34.83384348300001],[33.207367971999986,34.833953087999987],[33.207530050999992,34.833967127999983],[33.207692215000009,34.834014568999976],[33.207804828000008,34.834279152000022],[33.207959198000026,34.834319511999979],[33.208121627000025,34.834471934000021],[33.208225979000019,34.834543332999999],[33.208307133999995,34.834595685000011],[33.208359712999993,34.834791241000005],[33.20845282800002,34.834996271000023],[33.208650007000017,34.835158175999993],[33.208789422999985,34.835363126999994],[33.208865285000002,34.835611132999986],[33.208912284000007,34.835887819999982],[33.208918868000012,34.836067728999978],[33.209623889,34.836835038000004],[33.210478759000011,34.837310747999993],[33.21172377900001,34.837582968999982],[33.21276590399998,34.837724306999974],[33.214198725000017,34.837876876999985],[33.215356174000021,34.837850973999991],[33.216904908999993,34.838062955999987],[33.218757278999988,34.838190865000001],[33.219437509999977,34.838261218000014],[33.219887015999973,34.838170934000004],[33.220523648999972,34.838169780999976],[33.220790174999991,34.838239602999977],[33.222014136999974,34.837776532000021],[33.222609671999976,34.837963435999995],[33.223026684999979,34.838077197000018],[33.223535914000024,34.838047630000005],[33.223929392000002,34.838018276000014],[33.224172701999976,34.838103720999982],[33.224381364999999,34.838217860999976],[33.224693998000021,34.838255458999981],[33.224971829000026,34.838264488999982],[33.225145741999995,34.838369148000027],[33.225331283000003,34.838492873000007],[33.225419181999996,34.83857174100001],[33.22558184899998,34.838674486000002],[33.225874959999999,34.838713900000016],[33.225936047999994,34.838722114999996],[33.226424086000009,34.838635021000016],[33.226596852,34.838604189000023],[33.226711535999982,34.838793717999977],[33.227199773999985,34.838865128000009],[33.227554406000024,34.838518034000003],[33.228061625000009,34.838755229000014],[33.228023160000021,34.838913085999991],[33.228195390999986,34.839015847999974],[33.22872191099998,34.839103061000003],[33.229047293999997,34.839261174000001],[33.229143054000019,34.839253346000021],[33.229381907999993,34.839104410000004],[33.229459217999988,34.839056201999995],[33.229765729000007,34.838961692999987],[33.230072184999983,34.838898745999984],[33.230349762999992,34.838977893999981],[33.230464574999985,34.839064805000021],[33.230713606999984,34.838986046000002],[33.230943233999994,34.839136178999979],[33.231053214999974,34.839146356000015],[33.231287543999997,34.839120858999991],[33.231460943000002,34.839038214000027],[33.231608477999998,34.83902003899999],[33.231855918000008,34.839026724999997],[33.232081868000023,34.839108608999993],[33.232346792999977,34.839158207000025],[33.232550725999999,34.839129187000026],[33.232706742000005,34.839039415999991],[33.232784512000023,34.838910426999973],[33.232923072000006,34.838788480000005],[33.233109571999989,34.838734439000007],[33.233309233999989,34.838730478000002],[33.233535123000024,34.838790886000027],[33.233700312999986,34.838876461999973],[33.233956626999998,34.838951124999994],[33.234386520999976,34.839007560000027],[33.234681781999996,34.839039200999991],[33.234961472999998,34.839005933999999],[33.235540318000005,34.839033444999984],[33.236269667999977,34.839070205999974],[33.236582226999985,34.839079142000003],[33.236709774000019,34.839155243999983],[33.237068663000002,34.839173631999984],[33.237682179999979,34.839181977999999],[33.237925371000017,34.839219678000006],[33.238226273000009,34.839200001999984],[33.238562066999975,34.839237518999994],[33.238863106999986,34.839265559000012],[33.239082734000021,34.839160146999973],[33.239198321999993,34.839102657000012],[33.239314157000024,34.83913106],[33.23956911800002,34.839235539000015],[33.239777527999991,34.839254215999972],[33.240043399000001,34.839129623000019],[33.240239846999998,34.839014711999994],[33.240436460000012,34.838957060999974],[33.240563870000017,34.838985439999988],[33.240679677999992,34.83900429800002],[33.240853112000025,34.838937149000003],[33.241268680000019,34.838545033000003],[33.241453353999987,34.838363336999976],[33.241557419000003,34.838324956000008],[33.241765854999983,34.838353172999973],[33.242113110999981,34.838352482000005],[33.242356357000006,34.838409259999992],[33.242611093999983,34.838437382999984],[33.242865607999988,34.838389156000005],[33.243027407999989,34.838302940000005],[33.243270542999994,34.838321541000028],[33.243456111,34.83844523800002],[33.243652859999997,34.838435301000004],[33.243838148000009,34.838463561000026],[33.243931142999998,34.838596986000027],[33.24402416700002,34.838739954999994],[33.244267584999989,34.838853991000008],[33.244488784999987,34.838761291000026],[33.244951313000001,34.838598117999993],[33.245275333999984,34.838568834],[33.245576260999997,34.838558682999974],[33.245784246000028,34.838434194999991],[33.245899855000005,34.838386242000013],[33.246061907000012,34.838385915000003],[33.246200468999973,34.838271109999994],[33.24645489400001,34.838194245000011],[33.24677888399998,34.838155412999981],[33.246963972000003,34.838116862999982],[33.247137628000019,34.838126052999996],[33.247508745000005,34.838363892000018],[33.247752282000022,34.838516094999989],[33.248113335000028,34.838613182000017],[33.249198545000013,34.838622894000025],[33.249965401999987,34.838621320000016],[33.250428483000007,34.838644226999975],[33.250747235000006,34.838786726000023],[33.251007893999997,34.83885776599999],[33.25118213799999,34.839060210000014],[33.251371034999977,34.839322272000004],[33.251877635000028,34.839380871999992],[33.25228298899998,34.839451610000026],[33.252383362999979,34.839153161000013],[33.252744432999975,34.838937677999979],[33.253265026999998,34.83884115799998],[33.253525104000005,34.838721319999991],[33.253654885999993,34.838577894000025],[33.254146428000013,34.838445642000011],[33.254724744999976,34.838301277000028],[33.25502807700002,34.838133626999991],[33.255302287000006,34.837906389000011],[33.255301992999989,34.837810951999984],[33.255142208999985,34.837608484999976],[33.254939352000008,34.837513472000012],[33.254823050000027,34.83733477200002],[33.254764844000022,34.837227526999982],[33.25483681999998,34.837108080000007],[33.255038941000009,34.836964501000011],[33.255226298000025,34.836725515000012],[33.255297499999983,34.836355546999982],[33.255325810999977,34.836152685000002],[33.255267346999972,34.835961933000021],[33.255281298999989,34.835794888999999],[33.255332291999991,34.835606787000017],[33.255977035000001,34.835521459999995],[33.256086186000005,34.835412980000001],[33.256121656000005,34.83518624300001],[33.256164598999987,34.835037032000002],[33.256243934999986,34.834959321999975],[33.256366379999974,34.834786083999973],[33.256489101,34.834702317999984],[33.256662740000024,34.834707917000003],[33.256959635999976,34.83480272700001],[33.257140676000006,34.834861993000004],[33.257343139,34.834831740000027],[33.257495057000028,34.834831419000011],[33.25771247199998,34.834956219999981],[33.257886240999994,34.835003570000026],[33.257993150000004,34.835052200999996],[33.258154277000017,34.835122297999987],[33.258281126999975,34.835202552999988],[33.258440502999974,34.835273792999999],[33.258578027999988,34.835297360000027],[33.258686429000022,34.835261340999978],[33.258750540999984,34.835240983999995],[33.258809971000005,34.835297982999975],[33.258831851000025,34.835362611999983],[33.258853713000008,34.835481528999992],[33.258775286999992,34.835569368999984],[33.258577736999996,34.835646825000026],[33.258690506999983,34.835778711999978],[33.258574367999984,34.835995766999986],[33.258727995000015,34.835957070000006],[33.259101046000012,34.835970180999993],[33.25932373400002,34.835822930000006],[33.259536594999986,34.836270215000013],[33.259627398000021,34.836438268999984],[33.259703241000011,34.836487313000021],[33.259833372000003,34.83620995199999],[33.259710605999999,34.83590184000002],[33.259917469000015,34.835391098999992],[33.260189075000028,34.83520179300001],[33.260525518999998,34.835244038999974],[33.260748433000003,34.835033677000013],[33.261008301000004,34.835079724000025],[33.261344897000015,34.834884702000011],[33.261655726000015,34.835032158999979],[33.261880788999974,34.835097328000018],[33.261985317999972,34.834902218000025],[33.261456421999981,34.834651326000028],[33.262124948999997,34.834272789000011],[33.262305878000006,34.834378104999985],[33.262510218999978,34.83417730299999],[33.262243330999979,34.834221177000018],[33.262013833000026,34.833863291],[33.26199920800002,34.833813549000013],[33.261990959999991,34.833785404000025],[33.262054539000019,34.833692529000018],[33.262269667999988,34.833670454000014],[33.262622405000002,34.833429163000005],[33.262687765999999,34.833354294999992],[33.262882551000018,34.83313117900002],[33.262730192999982,34.833067067000002],[33.26257780100002,34.833103949000019],[33.26286187300002,34.832759152999984],[33.262838005999981,34.83269016700001],[33.262712545999989,34.832640841999989],[33.262880021000001,34.832387158000017],[33.263178964000019,34.832155700999976],[33.263642332000018,34.831742006000013],[33.263845435000007,34.831870192999986],[33.264075599000023,34.831692917999987],[33.264512007000008,34.831394997000018],[33.264976455999999,34.831262759000026],[33.26508173000002,34.831244850000019],[33.265081819999978,34.831095591000008],[33.265515920999974,34.830915931999982],[33.265792918999978,34.83088548500001],[33.265795149999974,34.830797356000005],[33.266259810000008,34.830585338999981],[33.267086375000019,34.830564088000017],[33.267225853000014,34.830774546999976],[33.26741780399999,34.830717078000021],[33.267902106999998,34.830442135999988],[33.267932788999985,34.830183192999982],[33.267845727999998,34.829906203000007],[33.267900334999979,34.829747984999983],[33.26800934900001,34.829773208999995],[33.268007108000006,34.82988648700001],[33.268273039999997,34.830152736000002],[33.26840828600001,34.830089854999983],[33.268521835000001,34.829845338999974],[33.268931878999979,34.829755567000007],[33.269389814000021,34.829856443999972],[33.269708297000022,34.829705502000024],[33.269969919999994,34.829856665000023],[33.270185538000021,34.830408826999985],[33.270565126999998,34.83019496899999],[33.270802460000027,34.830901797000024],[33.271033649000003,34.830898269999977],[33.271048984999993,34.830779584000027],[33.271607453999991,34.83045789800002],[33.272135318999972,34.830285436999986],[33.272451665000006,34.830084152999973],[33.272491012999978,34.829911514000003],[33.272643776999985,34.829717361999997],[33.273073495999995,34.829532289999975],[33.273285953000027,34.82947359100001],[33.273736575999976,34.829349074999982],[33.273590753999997,34.828773567999974],[33.273409953999987,34.828341921000003],[33.273281306000001,34.828066712999998],[33.273170332999996,34.827829323999993],[33.273115931000007,34.827564938000023],[33.272715032999997,34.826841876999993],[33.272924439999997,34.826766426999995],[33.272817784999972,34.826363576999995],[33.27327322299999,34.825619818999996],[33.273437638000019,34.825351343000023],[33.273370109999973,34.82519126599999],[33.27416796,34.824837718000026],[33.274262237000016,34.824795945999995],[33.274807850000002,34.823904147999997],[33.274581118000015,34.823780004000014],[33.275061139999991,34.823235275000002],[33.275135181999985,34.823478064000028],[33.275486118999993,34.823796479999999],[33.275581956999986,34.824010509000004],[33.27603561799998,34.823897360999979],[33.276166381999985,34.824037679000014],[33.276273123999999,34.824285868999993],[33.276528284999983,34.824285954999993],[33.276589108999985,34.824794902999997],[33.276594880000005,34.824832225000023],[33.276623895,34.825019691000023],[33.276599755000007,34.825339794999991],[33.276763120999988,34.825753444999975],[33.276791371999991,34.825981845000001],[33.276603779000027,34.826060912000003],[33.276584082999989,34.826220950999982],[33.276610157999983,34.826436762000014],[33.276756192999983,34.826589658999978],[33.276753960000008,34.826814784000021],[33.27687017400001,34.826957675000017],[33.276899387000014,34.827041117000022],[33.276870812000027,34.827148549000015],[33.276871131999997,34.827243984999996],[33.277001773999984,34.827374913000028],[33.277190164999979,34.827469921999977],[33.277291833999982,34.827588986000023],[33.277350763000015,34.827689657000008],[33.277398672000004,34.827739652999981],[33.277515927000024,34.827760857999976],[33.277646252000011,34.827796350000028],[33.277724674000012,34.827885643000002],[33.277777151999999,34.828003626999987],[33.277851258999988,34.828100087999985],[33.277938301999995,34.828171467000004],[33.278033952999976,34.828221353000004],[33.278138189000003,34.828242588000023],[33.278290418999973,34.828338869999982],[33.278342983000016,34.82848190499999],[33.278395353000008,34.828567679000002],[33.278973577999977,34.828829203999987],[33.279236056999991,34.828905646999999],[33.27956203399998,34.829042088999984],[33.280191886000011,34.829195724999977],[33.280676986000003,34.829325832999984],[33.281070028999977,34.829314785999998],[33.281417318000024,34.829335456000024],[33.281617478999976,34.829485305999981],[33.282021912000005,34.829716996999991],[33.282191497999975,34.82980965500002],[33.282465274000003,34.829909229000009],[33.282765055000027,34.829998004999993],[33.282899921000023,34.830090741999982],[33.282921731999977,34.830122900999982],[33.282896229000016,34.830280431999995],[33.282718842000008,34.830445472999997],[33.282624028999976,34.830642532000013],[33.282750129000021,34.830710237999995],[33.283032307999974,34.830727476999982],[33.283696528999997,34.830772454999988],[33.284187411000005,34.830896570999982],[33.284583204,34.831010170000013],[33.284973854999976,34.831016412999986],[33.285268895000002,34.830987090999997],[33.285590619999994,34.831143806999989],[33.286043150000012,34.831472001000009],[33.286227774999986,34.831816365000009],[33.286293053999998,34.832229997000013],[33.286589529000025,34.832653568000012],[33.286916532000021,34.833035779999989],[33.287376610000024,34.833366771999977],[33.287435415999994,34.833614947000001],[33.28754451399999,34.83376752800001],[33.287560047999989,34.83378925300002],[33.287675466999985,34.834225799000023],[33.287632099000007,34.834272006999981],[33.287407631999997,34.834410726999977],[33.287151028999972,34.834721270999978],[33.286726069999986,34.835073593999994],[33.286490871000012,34.835265181000011],[33.286590390000015,34.835451390999992],[33.286789940000006,34.835824762000016],[33.287089066000021,34.836208096999997],[33.28748430600001,34.83679633600002],[33.286995233000027,34.837124424000024],[33.287566883000011,34.837549689000014],[33.28735029500001,34.838060676999987],[33.287582653000015,34.838366916999973],[33.28786037399999,34.838873605999993],[33.288293242000009,34.838880304999975],[33.288322619999974,34.838911155999995],[33.288669964000007,34.838968494000028],[33.288670052999976,34.838715174000015],[33.28852585300001,34.838373719000003],[33.288932132000014,34.838001544000008],[33.289199510999993,34.837400257000013],[33.289151469999979,34.837241646999985],[33.289156875999993,34.836997153000027],[33.289103117000025,34.836772252000003],[33.289076838000028,34.836662312999977],[33.289116927999999,34.836629284000026],[33.289191698000025,34.836726207000027],[33.289271816999985,34.836880418000021],[33.289295772000003,34.837157972],[33.28928589100002,34.837449685000024],[33.289320472999975,34.837672904999977],[33.289339128999984,34.837762409999982],[33.289669597999989,34.838012717000026],[33.289650730999995,34.838490713999988],[33.289674660999992,34.838896013999999],[33.289765783999997,34.83908089800002],[33.289773468000021,34.83909649200001],[33.289669461000017,34.83911313599998],[33.289581064999993,34.839127281000003],[33.289435669999989,34.839156579000019],[33.289134837999995,34.839321590999987],[33.288837913999998,34.839408446999983],[33.288554836999992,34.839651322999998],[33.288423852999983,34.839820899000017],[33.288672221000013,34.840294545999996],[33.288624078999987,34.840433318999999],[33.288630780000005,34.840449023000019],[33.288690827999972,34.840589733000002],[33.288800299000002,34.840827638999997],[33.288799365999978,34.840901712000004],[33.288526628999989,34.841372370999977],[33.28836719100002,34.841536841999982],[33.288054471000009,34.841772461000005],[33.287653550000016,34.842089567000016],[33.287511885000015,34.842259147999982],[33.287364833000026,34.842516823999972],[33.287357884000016,34.842522550000012],[33.287257920000002,34.842604907999998],[33.287229135000018,34.842620485999987],[33.28698530600002,34.842752442999995],[33.286544333999984,34.842959397000016],[33.286001882999983,34.842968085999985],[33.285579657000028,34.843047266999974],[33.285034516999985,34.843102208999994],[33.284759292999979,34.843106551000005],[33.284374521000018,34.843046980999986],[33.284107328999994,34.842952188000027],[33.283762664999983,34.842863987999976],[33.283492771999988,34.842866123000022],[33.283377841999993,34.842921169000022],[33.283289652000008,34.842978402000028],[33.283167317999983,34.843064665999975],[33.282952992999981,34.843225975999985],[33.282503248000012,34.843728064999993],[33.282087004999994,34.843872185999999],[33.281687734000002,34.843901743000004],[33.281201547000023,34.843902866999997],[33.280611368999985,34.843961492000005],[33.279934905000005,34.84417778400001],[33.279536405999977,34.844436379999991],[33.278929681000022,34.844738398000004],[33.278409242999999,34.844882745999996],[33.278079132000016,34.844826238999985],[33.277835410000023,34.84464069500001],[33.277140705000022,34.844599333000019],[33.276481256000011,34.844715357999974],[33.275977937999983,34.844788078000022],[33.275353355999982,34.844946963999973],[33.274780530999976,34.845005522000008],[33.274642459999995,34.844948997000017],[33.274467549999997,34.844877387999986],[33.274397238999995,34.844619867999995],[33.274032261999992,34.844520482000007],[33.273807003999991,34.844664143999978],[33.273669466000001,34.845079603999977],[33.273463290999985,34.845217660999992],[33.273218993,34.84538124300002],[33.272889593000002,34.845539453000015],[33.272507344000019,34.845468731999972],[33.272171646000004,34.84551193599998],[33.271913921000021,34.846012062],[33.271626176999973,34.846518521000007],[33.271314495000013,34.846786440000017],[33.270968143999994,34.847073522000017],[33.270354799000017,34.847136920000025],[33.269544064000002,34.847019423999996],[33.269110028999989,34.847044245000006],[33.268301000000008,34.847451637999995],[33.26760703299999,34.847644041000024],[33.267144361000021,34.847764353999992],[33.267174074000025,34.848002880000024],[33.26749335300002,34.848288489000026],[33.26748041899998,34.848628868999981],[33.267307185999982,34.848758089],[33.267099733000009,34.849044854999988],[33.267065558000013,34.84921671699999],[33.266944419000026,34.849345821999975],[33.266596979999974,34.849303637999981],[33.26640568800002,34.849218163999979],[33.266319278000026,34.849347193000028],[33.266371788000015,34.849475917999996],[33.266302789000008,34.84961922399998],[33.266146918000004,34.849748404000024],[33.266182617000027,34.850048952999998],[33.266287684000019,34.850320716999988],[33.266322967999997,34.850492427000006],[33.266149590999987,34.850578698999982],[33.265785289000007,34.850694019000002],[33.265490860999989,34.850938026999984],[33.26535271900002,34.851181691000022],[33.265336409999975,34.851510984000015],[33.265285141999982,34.851768774999982],[33.264937830000008,34.851769532999981],[33.26471184899998,34.85169844699999],[33.264590933000022,34.851899127000024],[33.264695538000012,34.852027738999993],[33.264817831000016,34.852256521000015],[33.264923125999985,34.852599864000013],[33.264662914999974,34.85268632399999],[33.264402062999977,34.852572366999993],[33.264210032999983,34.852257843000018],[33.263897224000004,34.852186945000028],[33.263654836000001,34.852416517999984],[33.263690571999973,34.852731382000002],[33.263934606000021,34.853017163000004],[33.263952748999998,34.853260487],[33.263605827999982,34.853385306999996],[33.263131251999994,34.853414966000003],[33.262865491000014,34.853577782999992],[33.262785147999978,34.853797461999989],[33.262820972999975,34.854140955999981],[33.262868374999982,34.854484425999999],[33.262880467999992,34.854646641999977],[33.262521902000003,34.854752397000027],[33.262325237000027,34.854800539999985],[33.262104781000005,34.854648316000009],[33.261791766999977,34.854515380000009],[33.261467417999995,34.854458814999987],[33.261305575999984,34.854535511999984],[33.261306149000006,34.85471683999998],[33.261353455000005,34.855031680000025],[33.261377816999982,34.855413375000012],[33.261343899999986,34.855671126000004],[33.261143866999987,34.855917143999989],[33.260771923999982,34.856164994999972],[33.260608321999996,34.856347922999987],[33.260729966999975,34.856793666999977],[33.260730899999999,34.857089518000009],[33.260515038999984,34.85723305099998],[33.260519223000017,34.857427578999989],[33.260613988999978,34.857648073000007],[33.260730707999983,34.857946062999986],[33.260659343999976,34.858262350000018],[33.260594781999998,34.858441432000006],[33.260327228999984,34.858501653000019],[33.260069079000004,34.858483514999989],[33.259837098999981,34.858350400000006],[33.259605120000003,34.858217283999977],[33.259315372999993,34.858122465999998],[33.25915328100001,34.858122810999987],[33.259037681999985,34.858180318999985],[33.259050187000014,34.858476145999987],[33.259213207000016,34.858771651999973],[33.259376616999987,34.859191226000007],[33.259435795999991,34.859601477000012],[33.259459642000024,34.859820930000012],[33.259529499999985,34.859944848999987],[33.259495184999992,34.860078532999978],[33.259321783000019,34.860164796999982],[33.259200226000019,34.860169826999993],[33.259113792999983,34.860298850999982],[33.259010352000018,34.860542435000013],[33.258917950000011,34.860614209000005],[33.258825414,34.860643036999988],[33.258705592000013,34.860542265999982],[33.258656557999984,34.860333227000012],[33.258551741000019,34.860137805000022],[33.258279296000012,34.860023860000013],[33.257856752000009,34.860043844000018],[33.257602417999976,34.860168450000003],[33.257475607999993,34.860345277000022],[33.257481843999983,34.860488418999978],[33.257632910999973,34.860664656999973],[33.257673703000023,34.860750462999988],[33.257656826000016,34.860907968999982],[33.257407746000013,34.861067106000007],[33.256999337000025,34.861146521000023],[33.256629996000015,34.861156595000011],[33.256539552999982,34.861072924999974],[33.256372354000007,34.860966614999995],[33.256216078000023,34.860939407999979],[33.256089920000022,34.860952914999984],[33.255963693000012,34.861052294999979],[33.255812785999979,34.861187846999997],[33.25580957699998,34.861188922999986],[33.255738717999975,34.861212684000009],[33.255645502999982,34.861176463999982],[33.255640301000028,34.861164357000007],[33.255615390000003,34.861106377999988],[33.255623764000006,34.860914252999976],[33.255612871999972,34.860798967999983],[33.255511432999981,34.860765016000016],[33.254995921999978,34.860724090000019],[33.254708005999987,34.860710378000022],[33.254485853000006,34.860739650000028],[33.254162237000003,34.860782432000008],[33.254063534000011,34.860766563000027],[33.253942944000016,34.860685124999975],[33.253762004999999,34.86061496100001],[33.253674246999992,34.860601357999997],[33.253484977000028,34.860684907999996],[33.253358814000023,34.860720999000023],[33.253068111000005,34.860741200000007],[33.252782884999988,34.860799819000022],[33.252533233000008,34.860946603000002],[33.25237681599998,34.861082144000022],[33.252267108000012,34.861106953999979],[33.251935278000019,34.861124872999994],[33.251713048999989,34.861278464000009],[33.251581352000017,34.861343938000005],[33.251309784999989,34.861400979999985],[33.251072969000006,34.861494070999981],[33.250998675999995,34.861578495000003],[33.250980944999981,34.861677527999973],[33.250991425999985,34.861831907999999],[33.251068904000022,34.86217855000001],[33.251128773999994,34.862446551000005],[33.251093275000017,34.862632962000021],[33.251033131999975,34.862720309999986],[33.250909454999999,34.862731888999974],[33.250609089000022,34.86269095099999],[33.250022553000008,34.862594530000024],[33.249686882999981,34.862530272000015],[33.24944311500002,34.862460230000011],[33.249139345000003,34.862296946000015],[33.248662495000019,34.862017066000021],[33.248383418000003,34.861897498000019],[33.24813254899999,34.861856569999986],[33.247941695999998,34.861897246000012],[33.247796758999982,34.861955428999977],[33.247676506000005,34.862080604000028],[33.247648167000023,34.862188360999994],[33.247679812000001,34.862360222000007],[33.247711390999996,34.862636964999979],[33.247674112000027,34.862817237999991],[33.24763722900002,34.862995534999982],[33.24764116099999,34.863310216000002],[33.247427082000002,34.863456467999981],[33.247189294000009,34.863545094000017],[33.246741762999989,34.863588637000021],[33.246365524999987,34.863654134000001],[33.246060639000007,34.863696602999994],[33.245901149000019,34.863770283999997],[33.245601755999985,34.863937239999984],[33.245410096000001,34.864012059999993],[33.244804439000006,34.864174234000018],[33.244696717000011,34.864230657000007],[33.24458053699999,34.864363133999973],[33.244482496999979,34.864524441000015],[33.244413950000023,34.864572823999993],[33.244359386999975,34.864584316999981],[33.244300657999986,34.864575047000017],[33.244230765999987,34.864538127999992],[33.244100818999982,34.864436614999988],[33.243835138999998,34.864386905999993],[33.243665958999998,34.86437758400001],[33.243464538000012,34.864427035999995],[33.243198759999984,34.864505248],[33.243086832000017,34.864575504000015],[33.242991650000022,34.864668805000008],[33.242911730999992,34.864893515999995],[33.242880830999979,34.865052556000023],[33.242808079999975,34.865091717999974],[33.242714378000016,34.865115863000028],[33.242420720999974,34.865074185000026],[33.242132670999979,34.865059035999991],[33.241852886999993,34.865152233000003],[33.241795490000015,34.865234036999993],[33.241798146000008,34.865379259999997],[33.242055316000005,34.865560373999983],[33.242607510000028,34.865762430000018],[33.242793328000005,34.86595848799999],[33.242800116000012,34.866200530000015],[33.242772091000006,34.866273143000001],[33.242689509999991,34.866351475999977],[33.24257339899998,34.866388277999988],[33.242502101000014,34.866381321999995],[33.242274275999989,34.866231342999981],[33.242155476999983,34.866160960999991],[33.242064599000003,34.86611250499999],[33.241923354999983,34.866107797999973],[33.241768123999975,34.86612269699998],[33.241600188999996,34.866264367999975],[33.241474117999985,34.866490207000027],[33.241398582999977,34.866512064999995],[33.241220993000013,34.866508485999987],[33.240986183000018,34.866355059],[33.240730518000021,34.866063288000021],[33.240555793999988,34.865960588999997],[33.24019235999998,34.865799004999985],[33.239774420999993,34.865579735999972],[33.239480852999975,34.865445860000023],[33.239241777000018,34.865398436000021],[33.239082349,34.865398340000013],[33.23889342199999,34.865535394000005],[33.238807974999986,34.865697864000026],[33.238747692000004,34.865866111999992],[33.238785855000003,34.866927701999998],[33.238742414000001,34.867019880999976],[33.238692029999982,34.86707403600002],[33.238640267999983,34.867086673000017],[33.238561381000011,34.867090170999973],[33.238267630999985,34.867001489000018],[33.237951269000007,34.866937473999997],[33.237506864000011,34.86697880600002],[33.237005203000024,34.867045086000019],[33.236544060000028,34.867017039000018],[33.23641950199999,34.867036322999979],[33.236346259000015,34.867589109999983],[33.236187593000011,34.867648815999985],[33.236186497999995,34.867763163000006],[33.236034818000007,34.867960063999988],[33.235876542000028,34.868023773999994],[33.235647663999998,34.867976458999976],[33.235290763000023,34.868059464999988],[33.235075187999996,34.868175854000015],[33.234974000000022,34.86838110299999],[33.234910011000011,34.868408821999992],[33.234553140999992,34.868419680999978],[33.234213101000023,34.868466626999975],[33.233994216999974,34.868521964000024],[33.233158876000005,34.868993090999993],[33.23224608999999,34.869478008999977],[33.231875451999997,34.869810713999982],[33.231481142000007,34.870240502999991],[33.231268899999975,34.870381854000016],[33.230898432000004,34.870531425000024],[33.230302332999997,34.870736337999972],[33.230265246999977,34.870797347000007],[33.230170843999986,34.870930472999987],[33.229796974999999,34.871113332999983],[33.229776747000017,34.871152151999979],[33.229786702000013,34.871293666999975],[33.229799995000008,34.871457372000009],[33.229668516000004,34.87162097800001],[33.229516999999987,34.871654179000018],[33.229133332000004,34.871540142000015],[33.229018859999996,34.871556708000014],[33.228870637999989,34.871639849000019],[33.228789428000027,34.872022671000025],[33.228651124999999,34.872286165999981],[33.228398142999993,34.872749337000016],[33.228263353999978,34.872868553999979],[33.228088264000007,34.872907273999999],[33.227822324999977,34.872882113000003],[33.227031334000003,34.87271782900001],[33.226573472999974,34.872736929999974],[33.226105510000025,34.87273381],[33.225718429999972,34.872664164000014],[33.225438988000008,34.872663960000011],[33.22498453999998,34.872622009999986],[33.224880165999991,34.872652438999978],[33.224725010999975,34.872902036000028],[33.224603589000026,34.873104497999975],[33.224438527000018,34.873201472000005],[33.223990626999978,34.873334327000009],[33.223667379000005,34.873370163000004],[33.223246629000016,34.873311562000026],[33.222637339000016,34.873241746000019],[33.222421816000008,34.873291520999999],[33.221983976999979,34.873452121000014],[33.221398098999998,34.873529344000019],[33.221061206999991,34.873726093000016],[33.220683711999982,34.874100353000017],[33.220623194999973,34.874036492000016],[33.220697463000022,34.873856219000004],[33.220522620999986,34.873670178999987],[33.220236112000009,34.873966827999993],[33.220094588999984,34.87406661],[33.220154980000018,34.874252544000001],[33.219760838000013,34.874446460000001],[33.219790779999983,34.87476557399998],[33.220016204999979,34.874893380999993],[33.220217445000003,34.875545550000027],[33.220328365,34.875714888000005],[33.219655013000022,34.875708812000028],[33.219079852999982,34.875253332999989],[33.219059225000024,34.875608462999992],[33.218332153999995,34.875496908999992],[33.21804539599998,34.876001638999981],[33.217893989000004,34.875909971999988],[33.21781649899998,34.875951514000008],[33.217852975000028,34.876428772999986],[33.217684389999988,34.876645060999977],[33.217926718000001,34.876711843999999],[33.218047796000008,34.876811816999975],[33.217889762000027,34.877302410000027],[33.217861044000017,34.877391620000026],[33.217868676000023,34.878080536000027],[33.217796373999988,34.878515392999986],[33.21791020500001,34.878665113000011],[33.217614560000015,34.878737942999976],[33.217527297999993,34.881124719000013],[33.216306287999998,34.881791770999996],[33.217595173000007,34.884447594999983],[33.214959334000014,34.885311806999994],[33.214364685000021,34.884733740000001],[33.212780373999976,34.885463098000002],[33.212747486000012,34.887703273],[33.212153791999981,34.888485097],[33.212135769999975,34.888537559999975],[33.212118194000027,34.888588712000001],[33.212090352000018,34.888643363000028],[33.211842713999999,34.888711129000001],[33.211754445999986,34.888915025000017],[33.211493362999988,34.888765223999997],[33.211223990999997,34.888631298000007],[33.211102787000016,34.888783035000017],[33.211330824000015,34.888966786000026],[33.211509106999983,34.889361269999995],[33.211354597000025,34.889750934000006],[33.21169261,34.889984654999978],[33.212113874000011,34.890019827999993],[33.212133946999984,34.889989440000022],[33.212145602000021,34.889971838000008],[33.212308193000013,34.88995632000001],[33.212633489999973,34.889831329999993],[33.21301807399999,34.889568967999992],[33.213598795999985,34.889487689000021],[33.213497087999997,34.889779868999995],[33.21391477100002,34.890072486999998],[33.213929434000022,34.890180355999973],[33.214511555000001,34.890673159000016],[33.214506889999996,34.891033287000027],[33.213917143000003,34.891582522000022],[33.213775043999988,34.891804351000019],[33.213562206999995,34.892087495999988],[33.212848183000006,34.891989909000017],[33.212832419999984,34.892035170999975],[33.212918170000023,34.892510506000008],[33.212462747000018,34.892700866999974],[33.212130274000003,34.892946591999987],[33.212087868000026,34.892977917999985],[33.211993441000004,34.893077743999982],[33.21198661599999,34.893155454999999],[33.212100745999976,34.893463589000021],[33.211915283999986,34.893624394000028],[33.211814124999989,34.893718659000001],[33.212112009999998,34.894133839000006],[33.212128756000027,34.894157258000007],[33.212195171000019,34.89425023199999],[33.212476142000014,34.894262179999998],[33.212502742000027,34.894332537000025],[33.212223372999972,34.894464173000017],[33.212168137999981,34.894546193999986],[33.212128284000016,34.894536720000019],[33.211920941000017,34.894487485000013],[33.21175922499998,34.894523418000006],[33.211695182000028,34.894559436999998],[33.211944220000021,34.894734485000015],[33.211903624000001,34.894870437000009],[33.211947280000004,34.894964839000011],[33.211940250999987,34.895203503000005],[33.211953108999978,34.895700262999981],[33.212086483000007,34.895837885999981],[33.212113041999999,34.895930224999972],[33.21141705399998,34.896102208000002],[33.211652178999998,34.896607499000027],[33.211625212000001,34.896643550000022],[33.211413026000002,34.896623950999981],[33.210789499999976,34.896917583000004],[33.210870160000013,34.897067503000017],[33.211112746000026,34.897009428999979],[33.211308187999975,34.896951318999982],[33.211503457999981,34.897029205000024],[33.211957543999972,34.897537440000008],[33.21145223100001,34.897584198999994],[33.211390928000014,34.898125305000008],[33.211283064999975,34.898189032999994],[33.210838099,34.898435654000025],[33.210363271000006,34.898346435999997],[33.210342864999973,34.898499055000002],[33.209904397999992,34.898959358000013],[33.209847013000001,34.899048106999999],[33.209907434999991,34.899220220000018],[33.209748982999997,34.899311667000006],[33.209641191000003,34.899311579000027],[33.209297774999982,34.899197490000006],[33.209146178000026,34.899202913000011],[33.208708252999998,34.899224729000025],[33.20873796799998,34.899682659999996],[33.208777623999993,34.900279366000007],[33.208619150999994,34.900401320000014],[33.208699420000016,34.900856523000016],[33.20883987000002,34.901650363999977],[33.209010422000006,34.902613497000004],[33.209114048000004,34.903243555000017],[33.209204881000005,34.90334075200002],[33.20950405100001,34.903832227000009],[33.209401065999998,34.904335188999994],[33.209033519999991,34.904309146999992],[33.208036481000022,34.904241664999972],[33.207234798999991,34.904196566999985],[33.206500450000021,34.904173705000005],[33.205530343000021,34.904128431999993],[33.203960660000007,34.904043756000021],[33.202741301999993,34.903981570999974],[33.202417850000018,34.904025681000007],[33.201838169999974,34.904219398000009],[33.200213759000007,34.904745169000023],[33.199013949000005,34.905143654000028],[33.198899277999999,34.905237887999988],[33.198797431999992,34.905787287999999],[33.198691403999987,34.906296112000007],[33.197108774000014,34.913890873000014],[33.192193185999997,34.914029052999979],[33.191892514000017,34.914127762000021],[33.190356257000019,34.914252721000025],[33.189968790000023,34.914323849000027],[33.189641282000025,34.914494033999972],[33.189260224000009,34.914752210000017],[33.189119781999977,34.914873093999972],[33.188992837000001,34.914905970999996],[33.188392057999977,34.914723793999997],[33.187717830999986,34.914514054999984],[33.187317269999994,34.914414599999986],[33.186776587999987,34.914243490999979],[33.185733432000006,34.914164163000009],[33.185689815999979,34.914163309999992],[33.185052074999987,34.914157300999989],[33.185051875999989,34.914156911000021],[33.185052406000011,34.914156959000024],[33.184805481000012,34.913671994000026],[33.184747286999993,34.913557696999987],[33.184694053999976,34.913301702000012],[33.184665268000003,34.91206648299999],[33.184634044999996,34.911354389999985],[33.184554002000027,34.911009159000002],[33.184020298000007,34.910356869999987],[33.183931104999999,34.909750395000003],[33.183921198000007,34.909683036999979],[33.183909568999979,34.909631346000026],[33.183901176000006,34.909593906999987],[33.183778792999988,34.909423087999983],[33.183406595999998,34.909105011999998],[33.182906641999978,34.909751941000025],[33.181788014000006,34.911199371000009],[33.181066496000028,34.91171549500001],[33.180302677999975,34.912520081000025],[33.180681350999976,34.912899134999975],[33.182184330999974,34.913148682999974],[33.182309208999982,34.913169402999984],[33.18234978800001,34.913202861999991],[33.181842612000025,34.914481049000017],[33.181131143000016,34.914201530000014],[33.180651684999987,34.91507191300002],[33.180168913999978,34.915354442000023],[33.180040581000014,34.915198511000028],[33.179332895000016,34.915775171000007],[33.178608067000027,34.915479015000017],[33.17787030300002,34.914993818000028],[33.178129754999986,34.914510661000008],[33.177571047000015,34.914216973999999],[33.177103068000008,34.914171522000004],[33.176990564999983,34.913976509000008],[33.176968165000005,34.913937703999977],[33.176325435000024,34.913396954000007],[33.176529140000014,34.913341763000005],[33.177146671999992,34.913304098000026],[33.176781581,34.912919575999979],[33.176658770000017,34.91261111],[33.175903801999993,34.912992955999982],[33.174905772999978,34.913637538999978],[33.174593694000009,34.913740894999989],[33.174232386000028,34.914209622999977],[33.173625715000014,34.91417775299999],[33.173393850000025,34.91460533999998],[33.173454316000004,34.914794465],[33.173603115999981,34.914933750999978],[33.173887719999982,34.915017750999993],[33.174098054000012,34.914984848000017],[33.174240757999996,34.914901762999989],[33.174700969000014,34.915225157000009],[33.174910945000022,34.915314541999976],[33.175087265999991,34.915320468999994],[33.175168106000001,34.915498513999978],[33.175411973999985,34.915593521000005],[33.17564868300002,34.915805232000025],[33.175674989000015,34.916060957000013],[33.17493549400001,34.916142714999978],[33.175009516999978,34.916453580999985],[33.175416285999972,34.916493359000015],[33.175443126000005,34.916587876999984],[33.175734793000004,34.916571848999979],[33.175759126000003,34.916693436999992],[33.17580820400002,34.916938743999992],[33.175311679000004,34.91727593600001],[33.175115041000026,34.917409497999984],[33.175181715000008,34.917445152000028],[33.175500895000027,34.917615891000025],[33.175262787000008,34.917865369000026],[33.175023692000025,34.917650863000006],[33.17488412900002,34.917525645000012],[33.174314680999998,34.917479937999985],[33.174301469999989,34.917363243000011],[33.174031273000026,34.917023754000013],[33.173705208999991,34.917223033000027],[33.173806275999993,34.917434376000017],[33.173656259999973,34.917722915000013],[33.173703541000009,34.917784118999975],[33.173641840000016,34.917831514999989],[33.173678345999974,34.917951023000001],[33.17384382900002,34.918129728999986],[33.174000773999978,34.918380023999987],[33.174087868000015,34.918472948999977],[33.17415738699998,34.918472850000001],[33.174244255000019,34.918458410000028],[33.174383218000003,34.918422421999992],[33.17459187999998,34.918472226000006],[33.17478322300002,34.918550686000003],[33.174887652999985,34.91862211199998],[33.174870638000016,34.91879392200002],[33.174792777999983,34.918958660999976],[33.174680142999989,34.919116292000012],[33.174532822999993,34.919309762000012],[33.17440295900002,34.919538993000003],[33.174376839999979,34.919744218000005],[33.174388759999999,34.919901670999991],[33.174336730999983,34.919954234999977],[33.174209448999989,34.920035537999979],[33.173897082999986,34.920260258999974],[33.17368319000002,34.920480068000018],[33.173573557999987,34.920690184000023],[33.173492983000017,34.920943204000025],[33.173469494000017,34.921252290999973],[33.173452681000015,34.921521921000021],[33.173377929000026,34.921789247999982],[33.173285645000021,34.921985022999991],[33.173204852000026,34.922135448999995],[33.173196432999987,34.922264299999995],[33.173164763999978,34.922357395000006],[33.173111813999981,34.922502538000003],[33.17305765399999,34.922506816000009],[33.17311175399999,34.922505189999981],[33.173110928000028,34.922541438999986],[33.173119466999992,34.922607158000005],[33.173328260000005,34.922714224999993],[33.173510936000014,34.922799856999973],[33.173684787000013,34.922821080999995],[33.173789161000002,34.922863877999987],[33.173798047999981,34.922956915999976],[33.173763452999992,34.923035700000014],[33.173737577999987,34.923128786999996],[33.173876818999986,34.923221637999973],[33.174007356000004,34.923307342999976],[33.174051141000007,34.923464749000004],[33.174129762000007,34.923657893999973],[33.174277775999997,34.923788667999986],[33.174360357000012,34.923799286000019],[33.174586337999983,34.923813275999976],[33.174812348999978,34.923841582000023],[33.174951485999998,34.923884327999986],[33.175025543999993,34.923973692000004],[33.175043076999998,34.924045244000013],[33.175069339000004,34.924134677999973],[33.17515219400002,34.924274132999983],[33.175187199999982,34.92438860499999],[33.175226496999983,34.924478019999981],[33.175226754999983,34.924599700999977],[33.175174863999985,34.924717876999978],[33.175144713000009,34.924843179999982],[33.175088521000021,34.92498283499998],[33.174936665000018,34.925090419000014],[33.174858656000026,34.925187160999997],[33.174841426,34.925258761999999],[33.174867656999993,34.925333879999982],[33.174906878000002,34.925387506999982],[33.174911405999978,34.925473392000015],[33.174855115000014,34.925566522999986],[33.17477706599999,34.925645369999984],[33.17476855000001,34.925727694999978],[33.17479920300002,34.925838595000016],[33.174873776000027,34.925930584000014],[33.174885515000028,34.926002143999995],[33.174839498999972,34.926159680000012],[33.174741368000014,34.926331604999973],[33.174672288000011,34.926541663000023],[33.174742036999987,34.926646542000015],[33.174950796000019,34.926732132999973],[33.175090039999986,34.926822597000012],[33.175182973999995,34.926932213999976],[33.175171995000028,34.927218537999977],[33.175155080000025,34.927438064],[33.17505672599998,34.927505010999994],[33.174912000999996,34.927562480999995],[33.174854214999982,34.927634140999999],[33.174848703000009,34.927767759000005],[33.174895359000004,34.927910844999985],[33.175029286999973,34.928225590000011],[33.175145935999979,34.928588078000018],[33.175245040999982,34.928874242999996],[33.175332477999973,34.929122248999988],[33.175438435999979,34.929360368000005],[33.175456193999992,34.929536899000027],[33.175433435000002,34.929732575000003],[33.175340842000026,34.92978519799999],[33.175138112000013,34.929814120000003],[33.175062911999987,34.929871489999982],[33.175017045999994,34.930100601999982],[33.174976861999994,34.930277215999979],[33.174826489999987,34.930406270999981],[33.174699142000009,34.930463714999973],[33.174525804999973,34.930693010000027],[33.17444507099998,34.93087445499998],[33.174294668000016,34.930989193000016],[33.174265929000001,34.931098985999995],[33.174341615000003,34.931270660999985],[33.174428981999995,34.931485265999981],[33.174377178999976,34.931647580000003],[33.174325425000006,34.931833755000014],[33.174354698000002,34.931976866000014],[33.174418625999976,34.93206743799999],[33.17448847999998,34.93222003599999],[33.174478661000023,34.932371852000017],[33.174421248999977,34.932622453000022],[33.174385400999995,34.932795481000028],[33.174450864999983,34.932926612000017],[33.17454537399999,34.933093487999997],[33.174538650999978,34.933338052000011],[33.174539192999987,34.933594534000008],[33.174619409000002,34.933850903000007],[33.174757390000025,34.934023680999985],[33.174946008999996,34.934166564000009],[33.174960748999979,34.934285837000004],[33.174852319000024,34.934387393000009],[33.174664167999993,34.934465206000027],[33.174613593000004,34.934524925999995],[33.174664484000004,34.934614323000005],[33.174737064999988,34.934685795000007],[33.174954454999977,34.934733200999972],[33.175294925000003,34.934756568000012],[33.175425426000004,34.934816028],[33.175635865000004,34.93500063099998],[33.175715958000012,34.935197350999999],[33.175716428999976,34.935418044000016],[33.175608303999979,34.93566275500001],[33.175529316999985,34.935984963999999],[33.17548363100002,34.936185942000009],[33.175473103000002,34.936344023000004],[33.175549385000011,34.936451277000003],[33.175712557999987,34.936546476999979],[33.175879424000016,34.936674476999997],[33.176050109000016,34.93689492499999],[33.176228025,34.937109396999972],[33.176496540000016,34.937350578999997],[33.176772363999987,34.937621573000001],[33.177059047,34.937889568000003],[33.177181786000006,34.938039052000022],[33.176994937000018,34.937743884999975],[33.176615959000003,34.937332871000024],[33.176385134999975,34.937104160999979],[33.176280426999995,34.936914634000004],[33.176327979999996,34.936796463999997],[33.176456411000004,34.936755946999995],[33.176628000999983,34.936829091999982],[33.176980393000008,34.937042453999993],[33.177363286000002,34.937253048000002],[33.177589435000016,34.937327873000015],[33.177806723000003,34.937323976000016],[33.177980381999987,34.937241409000023],[33.178232080999976,34.937072834999981],[33.178342068999996,34.936924658000009],[33.178470306999998,34.936703865000027],[33.178562909999982,34.936607385000002],[33.178709104999996,34.936599727999976],[33.178852597000002,34.936635304999982],[33.179078855,34.936760230999994],[33.179322372000001,34.936827870000002],[33.179504995999991,34.936872334999975],[33.17971799999998,34.936897072000022],[33.179904982999972,34.93694689900002],[33.180070446999991,34.937093386000015],[33.180258009999989,34.937408044999984],[33.180401872000004,34.937611826000023],[33.180545458999973,34.937690347],[33.181372101000022,34.938104259999989],[33.181441912000025,34.938229415000023],[33.181510434000018,34.938544368999999],[33.181603691000021,34.938672949000022],[33.181729920999999,34.938762230999998],[33.181825446000005,34.938722720999976],[33.181920859999991,34.938633107999976],[33.181990079999991,34.938489849999996],[33.182032907000007,34.938203480000027],[33.182040251999979,34.937987147999991],[33.181970220999972,34.937762979000013],[33.181917374000022,34.937448119999999],[33.182009476000019,34.937171218999993],[33.18220007299999,34.936889398999995],[33.182346172999985,34.936654488999977],[33.182471379999981,34.936421356999972],[33.182604093000009,34.936168253000005],[33.182789260999982,34.93605345200001],[33.182985975999998,34.93591954599998],[33.183157784000002,34.935746629999983],[33.183381924999992,34.935650693000014],[33.18351799200002,34.935436793999997],[33.183610478999981,34.935336446000008],[33.183865082000011,34.935178592999989],[33.183961404999991,34.935118792000026],[33.184038840000028,34.93514492700001],[33.184096932999978,34.935211643999992],[33.184143661000007,34.935378586000013],[33.184161544999995,34.935602833000019],[33.184092438999983,34.935793809000018],[33.183994701000017,34.936137524000003],[33.183948867000026,34.936371410999982],[33.183955226000023,34.936624305999999],[33.183965833000002,34.936790029999997],[33.184038547,34.936916371999985],[33.184264982000002,34.937116442999979],[33.184479807000002,34.937306987999989],[33.184645406000016,34.937509536999983],[33.184761708999986,34.937693073999981],[33.184831646000021,34.937871909000023],[33.184898486999998,34.937962471999981],[33.18500872300001,34.938024337000002],[33.18512186800001,34.938090970000019],[33.185206110000024,34.938188663000005],[33.185231267999995,34.938295988999982],[33.185218528999997,34.938557978999995],[33.185259649999978,34.938806048999993],[33.185335237000004,34.938920456000005],[33.185602039000003,34.939029801000004],[33.185897803999978,34.939134328000023],[33.185990681000021,34.939205761999972],[33.185971338999991,34.939266474000021],[33.18586359599999,34.939382512000009],[33.185753755000007,34.939497201999984],[33.185680984999976,34.939627437000013],[33.185661675000006,34.939778878000027],[33.18574884200001,34.93988849599998],[33.185877457999993,34.939945390999981],[33.186050244,34.939921437999999],[33.186293761999991,34.939983096999981],[33.186444707000021,34.940106931999992],[33.186462382999991,34.940235742000027],[33.186474469000018,34.940455225999983],[33.186521378000009,34.940698514000019],[33.186730585000021,34.940960641000004],[33.186984761000019,34.941141657000003],[33.187289172000021,34.941221712000015],[33.187398008000002,34.941302068000027],[33.187463512000022,34.941439155000012],[33.187532542999975,34.941534483999988],[33.187626770999998,34.941561180000008],[33.187746329999982,34.941578890000017],[33.187992638000026,34.941590437999992],[33.188257034999992,34.94159301000002],[33.188401981000027,34.94162559199998],[33.188499939999986,34.941699998999979],[33.188641345999997,34.941768373999992],[33.188771832999976,34.941812906999985],[33.188956469000004,34.941779812999982],[33.189039585999978,34.941699160999974],[33.189035696000019,34.941582854999979],[33.188912269000014,34.94145778699999],[33.188843071999997,34.941290883000022],[33.188850962000004,34.941046316999973],[33.188966409999978,34.940850495000007],[33.189093281999988,34.940583077999975],[33.189214172999982,34.940234550000014],[33.189225267999973,34.940019802999984],[33.189166949000025,34.93985765299999],[33.189270881000027,34.939695250999989],[33.189461810000012,34.939566114999991],[33.189728331000026,34.939462074999994],[33.189984306999975,34.939467993999983],[33.190046954000024,34.93951271200001],[33.190196479000008,34.939678431999994],[33.190325894000011,34.939855842999975],[33.190581303999977,34.940046314000028],[33.190843551,34.940186670000003],[33.191023375999976,34.940267506999987],[33.191310365999982,34.940331474000004],[33.191469809000012,34.940377156000011],[33.191759628,34.940377452999996],[33.191942217000019,34.940425914000002],[33.192063646000008,34.940313585000013],[33.192106149999972,34.940184752999983],[33.192171181999981,34.940042516999995],[33.192345018000026,34.940039259000002],[33.192692728999987,34.940050638000002],[33.192935497000008,34.940097970000011],[33.193105709999998,34.940094718000012],[33.193254011000022,34.940013958000009],[33.193373156000007,34.939855702999978],[33.193470640999976,34.939727306000009],[33.193596506999995,34.939705746000016],[33.193677071000025,34.939723995000008],[33.193861917999982,34.939783347999992],[33.194025125999985,34.939881505000017],[33.194134184999996,34.940054308000015],[33.194250486999977,34.94022709799998],[33.194327008000016,34.940423812000006],[33.194414182999992,34.940531038000017],[33.194512110000005,34.940590527999973],[33.194588454999973,34.940712682000026],[33.194595988000003,34.940834946999985],[33.194661608999979,34.941016766000018],[33.19475964999998,34.941123973999993],[33.194886538999981,34.941177453000023],[33.195031388000018,34.941168274000006],[33.195169007999993,34.941165070000011],[33.195263243999989,34.941194741999993],[33.195339498999999,34.941278125999986],[33.195429321000006,34.941355521999981],[33.195614202000002,34.941426802000024],[33.195741127000019,34.941495191000001],[33.195831983000005,34.941626268999983],[33.195850326000027,34.941724657000009],[33.195827023999982,34.941810276000012],[33.19568767200002,34.941862108000009],[33.195510415999991,34.941951863999975],[33.195362106000005,34.942029644000002],[33.195217549000006,34.942168874999993],[33.195134420999977,34.942235793000009],[33.195008144999974,34.942441778999978],[33.194867183999975,34.942564280999989],[33.194774151999979,34.942712042999972],[33.194811789000028,34.943032003999974],[33.194916549000027,34.943222707000018],[33.195044321000012,34.943341796000027],[33.195195171000023,34.943417903000011],[33.195247574999996,34.943522797000014],[33.195270912000012,34.943677313000023],[33.195248186000015,34.943780472000014],[33.195220242000005,34.943901896],[33.195161961999986,34.944076460000019],[33.19519135500002,34.94425296899999],[33.195366287000013,34.944586234999974],[33.195479647000013,34.944736363000004],[33.195867081000017,34.944993414999999],[33.196067710000023,34.945286554999996],[33.196176922000006,34.945519003000015],[33.19643804399999,34.945661733999998],[33.196612128000027,34.945758080000019],[33.196811880999974,34.945682601999977],[33.19698123400002,34.945617907999974],[33.19711158299998,34.945599802000004],[33.197268257000019,34.945685439999977],[33.197442169999988,34.945710210000016],[33.197755063999978,34.945691806000013],[33.197976874999995,34.945752286000015],[33.198029478000024,34.945938298999977],[33.198005292000005,34.946058203000007],[33.197688738000011,34.946240160999992],[33.197323675000007,34.946376226999973],[33.197192239999993,34.946491267999988],[33.196418415999972,34.946932342000025],[33.195713216999991,34.947132531000022],[33.195465818000002,34.946967427000004],[33.195105565000006,34.946567178000009],[33.194537094999987,34.946339044000013],[33.194117630999983,34.946215266000024],[33.193823758999997,34.945806908999998],[33.193642528999987,34.945443379999972],[33.193294530000003,34.945319868000013],[33.192551461999983,34.944767522999996],[33.192365686000016,34.944624664000003],[33.192056084000001,34.944696459999989],[33.191925817000026,34.944863949000023],[33.191706092999993,34.945074252999973],[33.191404748000025,34.945074728000009],[33.190743838000003,34.944760824000014],[33.19040693300002,34.944618207000019],[33.190270544999976,34.944808783999974],[33.189624117999983,34.945575400999985],[33.189432049000004,34.946020153999996],[33.188847173999989,34.946389216999989],[33.188508532000014,34.946704622000027],[33.188330866000001,34.947404880000022],[33.188242252999999,34.948009538999997],[33.188069158000019,34.948343830999988],[33.187968924000018,34.948862915000007],[33.187862311000004,34.949334292000003],[33.187761247000026,34.949642851000021],[33.187521983000011,34.94982988999999],[33.187152688000026,34.949902036000026],[33.186834209999972,34.950021820000018],[33.186704299999974,34.950236748999998],[33.186357542999986,34.95066674200001],[33.186130085999991,34.950779013999977],[33.185881703000007,34.951038476000008],[33.185386540000025,34.951196701000015],[33.184908651000001,34.951304794000009],[33.184621386999993,34.951133447000018],[33.184378039000023,34.951162447000002],[33.184132599000009,34.951301195999974],[33.183923848999996,34.952036077999992],[33.183609565999973,34.952598253000019],[33.183242817999997,34.953160597000021],[33.182508514000006,34.954026209999995],[33.182359328000018,34.95428787100002],[33.182089340999994,34.95476140400001],[33.182267185000001,34.955036490999987],[33.182316028000002,34.955261389999976],[33.182278127000018,34.955424703000006],[33.182156540999983,34.955482146000008],[33.181895935,34.955575586000009],[33.181817754000008,34.955604333999986],[33.181791847,34.955683107000027],[33.181686877999994,34.95593756300002],[33.181434490000015,34.956452849000016],[33.181321742000023,34.956577084000003],[33.181223269999975,34.956603475000009],[33.181087123999987,34.95662992299998],[33.180965431000004,34.956639648000021],[33.180904646999977,34.956673142],[33.180681751000009,34.956785609999997],[33.180595005999976,34.956874015999972],[33.180574902999979,34.956957552000006],[33.180598249000013,34.957031479000023],[33.180667974000016,34.957110109999974],[33.180760905999989,34.957199838999998],[33.180942460999972,34.957396404999997],[33.181066007000027,34.957569196999998],[33.181102518999978,34.957700365999983],[33.181066622999992,34.957849538000005],[33.181001639999977,34.957951034000018],[33.180884344999981,34.958094361999997],[33.180844666999974,34.958171961999994],[33.180844825000008,34.958243537999977],[33.180948821000015,34.958317201999989],[33.181055173000004,34.958353572000021],[33.18128343799998,34.958374107999987],[33.181406741999979,34.958436553000013],[33.181479401999979,34.95853188000001],[33.18150502200001,34.958651136000015],[33.181500717000006,34.958888601000012],[33.181509459999972,34.959020941000006],[33.181542352999998,34.959152114999995],[33.181629347000012,34.959175844000015],[33.18168383699998,34.959244355999999],[33.181647182000006,34.959378019999974],[33.181527938999977,34.95951538700001],[33.181463113999996,34.959688459999995],[33.181455319000008,34.95990038399998],[33.181543738000016,34.960108852000019],[33.181590406999987,34.960178687999985],[33.181716599000026,34.960235759999989],[33.181860244999996,34.960321437000005],[33.181960441999991,34.960417914999994],[33.181951898000023,34.960485925],[33.181882438999992,34.960528974999988],[33.181791259000022,34.960579215999985],[33.181721886999981,34.960661631999983],[33.181700546000002,34.960840605999977],[33.181696831000011,34.961126917000001],[33.181692838999993,34.961287969000011],[33.181727909000017,34.961420332999978],[33.181689108,34.961567123000009],[33.18174596099999,34.961720926999988],[33.18179389300002,34.961913928000001],[33.181952582000008,34.961729708000007],[33.182597956999984,34.962011487999973],[33.182663449000017,34.962428551000016],[33.182136389999982,34.962324969000008],[33.182536900999992,34.962731614000006],[33.182777430999977,34.96297582599999],[33.183334505000005,34.964148127999977],[33.183521950999989,34.964300933999994],[33.183683255000005,34.964577220000024],[33.183765210999979,34.964831957999991],[33.183802102000016,34.965074872000002],[33.183830668999974,34.96509127600001],[33.183867806000023,34.965114688000028],[33.183919113999991,34.965229193000027],[33.183956137999985,34.965371721999986],[33.184038998000005,34.965562293999994],[33.184131660999981,34.965748156000018],[33.184159756999975,34.965798295000013],[33.184167758000001,34.965827891999993],[33.184166726000001,34.965854177999972],[33.184152634999975,34.965874695000025],[33.184108357000014,34.96589760400002],[33.184061099000019,34.965905752000026],[33.18365984899998,34.966033654],[33.183630617000006,34.966060705000018],[33.183619974999999,34.966093224000019],[33.183617266999988,34.966124675000003],[33.183623872999988,34.966147448000015],[33.18367006699998,34.966226113999994],[33.183697879000022,34.966276058000005],[33.183754824999994,34.966383494000013],[33.18378445899998,34.966440653000006],[33.183782301000008,34.96649512099998],[33.183771850000028,34.966517235000026],[33.183736414000009,34.966532504999975],[33.183692644000018,34.966549448000023],[33.183675936999975,34.966568149000011],[33.183673832000011,34.966593674000023],[33.183688361999998,34.966653300000019],[33.183704954999996,34.966711221000025],[33.183746573999997,34.966815960000019],[33.183750687999975,34.966860230999998],[33.183733990999997,34.966884037999989],[33.183658922999996,34.966928171999996],[33.183567131000018,34.967004641000017],[33.183587935999981,34.96704471999999],[33.183735727999988,34.967182897999976],[33.183804430000009,34.967256227999997],[33.183904500999972,34.967205329000024],[33.183881648000011,34.967142292999995],[33.183883829000024,34.967065665999996],[33.183904711000025,34.967023138999991],[33.183961027000009,34.966985779000026],[33.184036086999981,34.966948447999982],[33.184153748000028,34.966924430999995],[33.184210055999984,34.966883669000026],[33.184299786999986,34.966766329999984],[33.184360292000008,34.966701740000019],[33.184397805000003,34.966691592000018],[33.184508251000011,34.966702004000012],[33.18471305700001,34.96672171900002],[33.184740153999996,34.96670644400001],[33.184775639000009,34.966650320999975],[33.184804837000001,34.966629937999983],[33.184840263000012,34.966631700999983],[33.184873589000006,34.966650485000002],[33.184950560000004,34.966776623999976],[33.184904656000015,34.966837827000006],[33.184888978999993,34.966880973999992],[33.184900083999992,34.966928381999992],[33.184958057000017,34.966952171999992],[33.185073801999977,34.967163754000012],[33.185216417999982,34.967480941000019],[33.185343190000026,34.967831083000021],[33.185352049000016,34.96789306300002],[33.185338542000011,34.967919682000002],[33.185287189000007,34.967956037000022],[33.185061781999991,34.968083224999987],[33.184764914000027,34.968264945999977],[33.184632852999982,34.968342102000008],[33.184826799999996,34.968433586999993],[33.184851327999979,34.968448196999987],[33.184851321999986,34.968466443000011],[33.184817795000015,34.968528350999975],[33.184761822999974,34.968696839000017],[33.184817399999986,34.968870102999972],[33.184795016999999,34.968932032999987],[33.184763788999987,34.968948391000026],[33.184699079999973,34.968951912000023],[33.184594342000025,34.968860586000005],[33.184433107000018,34.969065490999981],[33.184408510000026,34.969114672999979],[33.184412882999993,34.969200363000027],[33.184466428000007,34.969389218999993],[33.184510934000002,34.969498668000028],[33.184577708999996,34.969642814999986],[33.184622262000005,34.969688469999994],[33.184657711,34.969879579999997],[33.184733455000014,34.970051248000004],[33.184948496999993,34.970299050999984],[33.185006852000015,34.97047074599999],[33.184983868000018,34.970561443999998],[33.184984179000026,34.970699824000008],[33.185002010000005,34.970895439000003],[33.185106858999973,34.971119552000005],[33.185142068999994,34.97131036899998],[33.185083335000002,34.971393647000014],[33.184967674999996,34.971517888999983],[33.18487528899999,34.971680268999989],[33.184794538000006,34.971861718000014],[33.184690493000005,34.971995486000026],[33.184632885999974,34.972157813000024],[33.184633507000001,34.972434573999976],[33.184634021000022,34.972663617000023],[33.184565013999986,34.972911853000028],[33.184472646000017,34.973083776999999],[33.184449799999982,34.973236507000024],[33.184496433999982,34.973350958000026],[33.184601209999983,34.973541668999985],[33.184659629999999,34.973741994000022],[33.184497653999983,34.973894936000022],[33.184224213999983,34.973919416999991],[33.184167292999973,34.973928839999985],[33.184016620000023,34.973952927000028],[33.183790532999978,34.973953268999992],[33.183610713999997,34.973905823999985],[33.183431025000004,34.973915638999983],[33.183292042999994,34.973982653000007],[33.183089261000021,34.974035448999985],[33.182863150999992,34.974026245999994],[33.182712213999991,34.973931037999989],[33.182625077000012,34.973850049000021],[33.182613206999974,34.973726001999978],[33.182583915000009,34.973587665000025],[33.182450432999985,34.973521060999985],[33.182334416999993,34.973487831999989],[33.182229858000028,34.973392554999975],[33.182189076999975,34.973301952999975],[33.182165478000002,34.973115888999985],[33.182118899999978,34.973025296000003],[33.182031859999995,34.972987252999985],[33.181927449,34.97295877900001],[33.181863566000004,34.972906384999987],[33.181799376000015,34.972715611000012],[33.181712009000023,34.972529642999973],[33.181590114000016,34.972458249999988],[33.181456781999998,34.972458448999987],[33.181329458999983,34.972554074000016],[33.181219587999976,34.972678303999999],[33.181045960999995,34.972807400000022],[33.180930104000026,34.972845747000008],[33.180744618999995,34.972855567000011],[33.180559185999982,34.972889243999987],[33.180223040999977,34.972927917999982],[33.180008601999987,34.972952094999982],[33.179851987999996,34.972909381000022],[33.179741811999975,34.972895229000017],[33.179678148999983,34.972943041000008],[33.179533524000021,34.973081635000028],[33.179429448000008,34.973205854000014],[33.179220847000011,34.973249108999994],[33.179052834999993,34.973297074000016],[33.178826582999989,34.973221059000025],[33.178679611000007,34.973147313000027],[33.178658170999995,34.97328453199998],[33.178513451000015,34.973380179999992],[33.178281695999999,34.973440168000025],[33.178122367000014,34.973482154999999],[33.178035744999988,34.973637363000023],[33.17809401400001,34.973774466000009],[33.178195915000003,34.973983080999972],[33.178297623999981,34.974102225000024],[33.178529716000014,34.974197319999973],[33.178718291999985,34.97427458300001],[33.178957411999988,34.974268266000024],[33.179297980999991,34.974261798999976],[33.179732741000009,34.974249226999973],[33.179928238000002,34.974177360999988],[33.180072866999978,34.974039958999981],[33.180282791000025,34.973938248000024],[33.180406058000017,34.973973853000018],[33.180500575999986,34.974116864999985],[33.180595159000006,34.974289699999986],[33.180776647000016,34.974438548000023],[33.180951153000024,34.974706697999977],[33.181075038000017,34.975022642999988],[33.181090069999982,34.975267171999974],[33.181003243000021,34.975326947999974],[33.180908971999997,34.975297264999995],[33.180742119000001,34.975214009000013],[33.180626017000009,34.975142604999974],[33.180416012000023,34.975208527999996],[33.180334194000011,34.975349815000015],[33.180320381000001,34.975659998000026],[33.180314660000022,34.976091612000005],[33.180942072999983,34.976684761000001],[33.182388985999978,34.977673212000013],[33.183015680999972,34.978463901999987],[33.183729853999978,34.97894954100002],[33.184130616000004,34.979278184999998],[33.184538058999976,34.979453899000021],[33.184857964000003,34.979723055000022],[33.185032507000017,34.979997163999997],[33.185193524999988,34.980700752000018],[33.18510760800001,34.981166126999995],[33.184921008000003,34.981411938999997],[33.184934859000009,34.981691282999975],[33.185598950999974,34.982539824000014],[33.186182547999977,34.982965444999991],[33.186391784000023,34.983404484999994],[33.186665688999994,34.983979209999973],[33.186750759000006,34.984555510999996],[33.187254838999991,34.985426292999989],[33.187430375000019,34.986127468999996],[33.187857099999974,34.98658707300001],[33.188302941000018,34.987378700000022],[33.188988902999995,34.988156025000023],[33.189098425999987,34.988507770000012],[33.189671085999976,34.98931565700002],[33.189764665999974,34.989411501000006],[33.190515276999975,34.990038475000006],[33.190545056000019,34.990210762999993],[33.190463024999985,34.990322236999987],[33.190419910999992,34.990483351000023],[33.190402646999985,34.990643927000008],[33.190255137999998,34.99079446799999],[33.19009010000002,34.990887776000022],[33.189890025000011,34.990873774000022],[33.189689852000015,34.990816825000024],[33.189568070999997,34.990809857999977],[33.189542125999992,34.99087431800001],[33.189629415000013,34.991010174999985],[33.189847282000017,34.991195932999972],[33.190178284000012,34.991410142999996],[33.190407654000012,34.991681000000028],[33.190470398999992,34.99167509199998],[33.190466845000003,34.99177133500001],[33.190398024999979,34.991833750000012],[33.190387879000014,34.991937182000015],[33.190143035999995,34.992059498999993],[33.190198974999987,34.992192258999978],[33.190129677000016,34.992487935999975],[33.190066606000016,34.992757041999994],[33.190073975000018,34.992850374],[33.190186231999974,34.993186668000021],[33.1901972,34.993315449000022],[33.190212389999999,34.993368208999982],[33.190246329999979,34.993421818000002],[33.190299161999974,34.993495053000004],[33.190377178000006,34.993585828999983],[33.190479105999998,34.993699312999979],[33.190579105999973,34.993823317000022],[33.190579753999998,34.993824120999989],[33.190858461999994,34.99417020300001],[33.190944294000019,34.994239397000001],[33.191037484999981,34.994212104999974],[33.191428683000026,34.994540448999999],[33.192016900999988,34.99451480099998],[33.19261110299999,34.994264083000019],[33.192623609999998,34.994236235000017],[33.19275839300002,34.994342995000011],[33.192890169999998,34.994333123999979],[33.192945340999984,34.994338200000016],[33.19298670400002,34.994353310000008],[33.193129118000002,34.99448139399999],[33.193497601999979,34.994585707999988],[33.193520965999994,34.994698041999982],[33.19371173899998,34.994692788999998],[33.193597834000002,34.994854254000018],[33.193567647000009,34.994963799000004],[33.193565614000022,34.995028592999972],[33.193590839000024,34.995123752999973],[33.193631236999977,34.995193115000006],[33.193709522000006,34.995304891999979],[33.193726702999982,34.995566667999981],[33.193762400000026,34.995759416999988],[33.193823762000022,34.995849571999997],[33.193910750999976,34.995933448000017],[33.193974720000028,34.995960744999991],[33.194110377000015,34.995952529000022],[33.194286990000023,34.995927585999993],[33.194397039000023,34.995933981000007],[33.194466136000017,34.995959196000001],[33.19450580900002,34.996007997999982],[33.194483535000018,34.996170858000028],[33.194453737000003,34.996868119999988],[33.194429012000001,34.997044097000014],[33.194507498000007,34.997129862000008],[33.194651084999975,34.997158263000017],[33.194875695000007,34.997126244000015],[33.195016467000016,34.997182727999984],[33.195095046999995,34.997307858999989],[33.195034559000021,34.997476160000019],[33.194955162999975,34.997672431000012],[33.194982637999999,34.997861263000004],[33.195248619999973,34.999070343000028],[33.195154302999981,34.999962228000015],[33.195087363000027,35.000280163000014],[33.195319729999994,35.000451570999985],[33.195772218999991,35.000518645999989],[33.196086577000017,35.000992021999991],[33.19594268100002,35.001445568000008],[33.195682662000024,35.001839655000026],[33.195886083999994,35.002030196000021],[33.196252465999976,35.002116612999998],[33.196322043000009,35.00245894699998],[33.196221354999977,35.002793130999976],[33.196178687999975,35.003139149999981],[33.196571747999997,35.003894620999972],[33.197415684000021,35.005081623000024],[33.197373621999986,35.005678156999977],[33.197272877999978,35.00598848300001],[33.197589504999996,35.006023535999987],[33.197708147000014,35.006118996999987],[33.197679751999999,35.006369559000007],[33.197491759000002,35.006572662999986],[33.197565198999996,35.006966211000019],[33.197197432999985,35.007326179000017],[33.196986596999977,35.007527829000026],[33.197031095,35.00794528199998],[33.196741460999988,35.008088903999976],[33.196428437999998,35.008190558000024],[33.196313569999973,35.008467404999976],[33.196249260000002,35.00908076799999],[33.195395668999993,35.010126540999977],[33.195373658999983,35.010405299000013],[33.195652476000021,35.010586175000014],[33.196490176999987,35.010600983000018],[33.196430411999984,35.010909395999988],[33.195886307000023,35.011358816999973],[33.195666802999995,35.011731365000003],[33.195621791000008,35.012313587999984],[33.19529842999998,35.01291534500001],[33.194973930999993,35.01303993099998],[33.19462930200001,35.012792145999981],[33.194499897000014,35.0131303],[33.194271028000003,35.013728366000009],[33.193801489000009,35.014851935000024],[33.193617261999975,35.015716650999991],[33.193292747999976,35.016481254999974],[33.193309360000001,35.016911877999974],[33.193011563000027,35.017125272999976],[33.192794559999982,35.01734034499998],[33.192838677999987,35.017602719000024],[33.192965883999989,35.017942385000026],[33.192789444000027,35.018049701999985],[33.192397197999981,35.017651033999982],[33.191519215000028,35.017640595999978],[33.190505673000018,35.01803842999999],[33.189403319000007,35.018610143999979],[33.189400643999988,35.018970845000013],[33.190232703999982,35.019299579000005],[33.189610838000021,35.020234394999989],[33.189781583000013,35.020884551999984],[33.189412044999983,35.021314878999988],[33.188991566000027,35.021339393000005],[33.189035591999982,35.021565980999981],[33.189326220999988,35.021827971999983],[33.18939922200002,35.022042585000008],[33.189298511000004,35.022388691000003],[33.188804002999973,35.02301527100002],[33.188396162000004,35.023495463000017],[33.188240119,35.023746218999975],[33.188206201000014,35.024132780000002],[33.188285955000026,35.024762522999993],[33.188403924999989,35.02502438800002],[33.188354533999984,35.025258851999979],[33.188183214999981,35.025492754000027],[33.187984579999977,35.026144400000021],[33.188098023000009,35.026287374999981],[33.188389216000019,35.026275568000017],[33.188676605000012,35.026422771999989],[33.188764132000017,35.026522042000011],[33.188815077000015,35.026645304999988],[33.188793902999976,35.027269693999983],[33.188942715999985,35.027614183000026],[33.189092781999989,35.027779239999973],[33.189212820000023,35.027831483],[33.189251043000013,35.027836612999977],[33.189313722000009,35.027848921999976],[33.189396245000012,35.027913688000012],[33.189467164000007,35.027977518],[33.189483499000005,35.028017574999978],[33.18946043599999,35.028078688999983],[33.18947067900001,35.028126836000013],[33.189506036000012,35.028365366000003],[33.189622364000002,35.028498791999994],[33.189645919999975,35.028651449999984],[33.18963480299999,35.028861421999977],[33.189507951999985,35.029195640000012],[33.189369123999995,35.029367637999997],[33.189183775999993,35.029491991999976],[33.189149256000007,35.029616110000006],[33.189288524999995,35.029634980000026],[33.189346667999985,35.029692149000027],[33.189520920000007,35.029787311999996],[33.189555924999979,35.029873146999989],[33.189463482000008,35.030035530000021],[33.189428983000028,35.030169192000017],[33.189336518999994,35.030322029999979],[33.189220847999991,35.030474905000005],[33.189139984000008,35.030627725999977],[33.189128712000013,35.030770894999989],[33.189268137999989,35.03085656799999],[33.189419053999984,35.030894505999981],[33.189581596999972,35.030941970000015],[33.189651409000021,35.031027751000011],[33.189756138999996,35.031161194999981],[33.189918947000024,35.031323179000026],[33.190139965000014,35.031570961],[33.190372500000024,35.031780550999997],[33.190616594000005,35.031971037000005],[33.190860556000018,35.032104260999972],[33.191127723000022,35.032237447999989],[33.191255350999995,35.032237247000012],[33.191394714000012,35.032294287000013],[33.19162709699998,35.032437071999993],[33.191720228999998,35.032570532000022],[33.191708805000019,35.032646897999996],[33.191616206999981,35.032742477999989],[33.191419298000028,35.032885940000028],[33.19130345100001,35.032962469999973],[33.191234124000005,35.03308664399998],[33.191281066999977,35.033315610999978],[33.19137417799999,35.03343952900002],[33.191629859999978,35.033620450000001],[33.191908613999999,35.033744074000026],[33.191908859000023,35.033849051000004],[33.191851000999975,35.033915945999979],[33.191793367000002,35.034078275000013],[33.191863295000019,35.034211771999992],[33.191979569000011,35.034316565999973],[33.192072681000013,35.034440483000026],[33.192223807999994,35.034564307999972],[33.192374823000023,35.034640416000002],[33.192467824999994,35.034716616000026],[33.192537732999995,35.034840568999982],[33.192503237999972,35.034974230999978],[33.19244560300001,35.035136561000002],[33.192329910000012,35.035279894999974],[33.192214329000024,35.035470945999975],[33.192145180000011,35.035671466999986],[33.192145514999993,35.035814618000018],[33.192238449999991,35.035862187000021],[33.19245910799998,35.035947727999996],[33.192552155999977,35.036043015000018],[33.192587301000003,35.036186110000017],[33.192538673999991,35.036408891999997],[33.192535329999998,35.036685991000013],[33.192506287000015,35.036832828000001],[33.19237276299998,35.036837067000022],[33.192344411000022,35.036914007000007],[33.192147417000001,35.037026104000006],[33.191898132999995,35.037238274000003],[33.191282639000008,35.037210517999995],[33.191150510999989,35.03726253100001],[33.191069148999986,35.037386920000017],[33.191005968000013,35.037640371999998],[33.19116790999999,35.03816823599999],[33.191317880999975,35.038578683000026],[33.190819298999997,35.038727586999983],[33.190704536999988,35.038507895999999],[33.190677687999994,35.038230022999983],[33.190105598000002,35.038383930000009],[33.190036770999995,35.038111128000025],[33.19000096100001,35.037843183999996],[33.189802917999998,35.037811772999987],[33.189535843999977,35.037810039000021],[33.189505661999988,35.038001896000026],[33.189439443000026,35.038198795000028],[33.189711398999975,35.038563388999989],[33.189372053,35.038763491999987],[33.189208113000007,35.038636469999972],[33.189210047000017,35.038640945999987],[33.188970258999973,35.038455156999987],[33.188817055000015,35.038617869000007],[33.188185529999998,35.039514666999992],[33.188284205000002,35.039772755999991],[33.18837720800002,35.039806992000024],[33.188298325000005,35.039937006999992],[33.188108890000024,35.040240129999972],[33.188351769000008,35.040409405999981],[33.187973082999974,35.040796699999987],[33.188054679000004,35.040885085000014],[33.188459302000012,35.041386525999997],[33.189029638000022,35.041988129999993],[33.189215521999984,35.042310540000017],[33.18916430500002,35.042497029999993],[33.188881707999997,35.042699625000012],[33.188762643000018,35.04308127500002],[33.188675327999988,35.043236707999995],[33.188038199000005,35.043489250999983],[33.188414152000007,35.043843359999983],[33.188678295999978,35.044062411000027],[33.188586778000001,35.044117781000011],[33.188443522999989,35.044393258000014],[33.188494784999989,35.044421907000014],[33.188656944999991,35.044517871999972],[33.18853962899999,35.044616715000018],[33.188887873999988,35.04496541200001],[33.188944877999973,35.045071434000022],[33.188695395000025,35.045076730999995],[33.188466878999975,35.045141191000027],[33.188382595999997,35.045262219999984],[33.188628634999986,35.045641151999973],[33.189064593000012,35.045601105999992],[33.189590724000027,35.045664588000022],[33.189600660999986,35.045667164000008],[33.189512966999985,35.045831895999981],[33.189302251000015,35.045870573999991],[33.189050952000002,35.045976707000023],[33.18793020999999,35.046122871000023],[33.18762084399998,35.046190095999975],[33.187291173999995,35.046279722999998],[33.187300024000024,35.046375086000012],[33.187176669999985,35.046476442000028],[33.186748480000006,35.046546232000026],[33.186736264999979,35.046664723999982],[33.186390734999975,35.046672510000008],[33.186387373000002,35.046867530999975],[33.186531629000001,35.046859975000018],[33.186528253000006,35.047017134999976],[33.18643148000001,35.047367850000001],[33.186467490999974,35.047392515000013],[33.186458151000011,35.047582674000012],[33.186394319999977,35.047769732000006],[33.18622222099998,35.04821943799999],[33.186083528999973,35.048459176999984],[33.186127500999987,35.04851249799998],[33.18627290400002,35.048704104000024],[33.18610369999999,35.04877611400002],[33.186054653999975,35.048918050999987],[33.185989376000009,35.049106928000015],[33.185976186000005,35.049348086999998],[33.185974327999986,35.049382069999979],[33.186248302000024,35.049432240999977],[33.186501507999992,35.049792744000001],[33.186910146999992,35.049619864000022],[33.187093491999974,35.049878761000002],[33.18669343900001,35.050135583999975],[33.186821276999979,35.050288239999986],[33.187231885000017,35.050779895999995],[33.186402674000021,35.051132874000018],[33.186097061999988,35.05075629800001],[33.185857902000009,35.050392292000026],[33.185759076000011,35.050217277000002],[33.185642862999998,35.049999109999987],[33.185528968000028,35.049823292999974],[33.185476196000025,35.049741827999981],[33.185368566000022,35.049553489000004],[33.185455192000006,35.049466741999993],[33.185126782999987,35.04924735100002],[33.184782053999982,35.049067137999998],[33.184569393000004,35.049229563999972],[33.184673857999996,35.049460599999975],[33.184032914999989,35.049735831000021],[33.183844018000002,35.049553324999977],[33.183641505000026,35.049704331999976],[33.183761994999998,35.049838267999974],[33.183613105999996,35.049925205000022],[33.183514236000008,35.050058103000026],[33.183436454999992,35.050199416999988],[33.183430671999986,35.05042066499999],[33.183420334999994,35.050658055999975],[33.1834293,35.05084942000002],[33.183500169000013,35.050988416999985],[33.183634625000025,35.051061197000024],[33.183777614000007,35.051131795999993],[33.183839940999974,35.051331604999973],[33.183942084000023,35.051509423000027],[33.183851334999986,35.051605844999983],[33.183700454000018,35.051666952999994],[33.183542102999979,35.051757053000017],[33.183358720999991,35.051766326999996],[33.183333429000015,35.051910669999984],[33.183127183000011,35.05190398000002],[33.182913208000002,35.051909426999998],[33.182719319,35.051782682999999],[33.182353015999979,35.051945121000017],[33.182182909999995,35.051871647999974],[33.181733608000002,35.052206207999973],[33.181888731000015,35.052654322000024],[33.181905604000008,35.052681029999974],[33.182013224000002,35.052769986999976],[33.182096503000025,35.052832148999983],[33.182253914,35.052917665999985],[33.182497572999978,35.053040914999997],[33.182500055999981,35.053041559999997],[33.182547043999989,35.053053767999984],[33.183080002999986,35.053131816000018],[33.18334182000001,35.053216587999998],[33.183472393999978,35.053275276000022],[33.18356578800001,35.053329403000021],[33.183907221000027,35.053655513000024],[33.18395721600001,35.053764092999984],[33.183897650999995,35.054044014999988],[33.183468377999986,35.054244589000007],[33.183476599000016,35.05479410800001],[33.183517639999991,35.055289700000003],[33.183307688000014,35.055726748999973],[33.18261193799998,35.056361813000024],[33.18187767500001,35.056098808000002],[33.181663781999987,35.056349645000012],[33.181458727000006,35.056253421999997],[33.180935711000018,35.056541561000017],[33.180679483999995,35.056631863000007],[33.179984140999977,35.056772900999988],[33.179191797999977,35.056462796999995],[33.179230953000001,35.056597169999975],[33.179011161999995,35.056700007000018],[33.178915426999993,35.057045003999974],[33.178734696999982,35.057086964000007],[33.17862044200001,35.057043228999987],[33.178502976999994,35.05730541600002],[33.178544005999981,35.05760184899998],[33.178381080000008,35.057542383999987],[33.178244763999999,35.057896943000003],[33.177677199000016,35.058467391000022],[33.177627417999986,35.058577175999972],[33.177566969999987,35.058701584000005],[33.17720712900001,35.058659574999979],[33.176760627000021,35.058576194000011],[33.176667458999987,35.058545082000023],[33.176485634000016,35.058484366000016],[33.1764498,35.058575844000018],[33.176348453000003,35.058813509999993],[33.176294727000027,35.058939502999976],[33.17617149900002,35.059280509000018],[33.176137294,35.059256289000018],[33.175977483999986,35.059089126000003],[33.175876060999997,35.058983037000019],[33.175817011999982,35.059106736999979],[33.175784441000019,35.059232548000011],[33.175773773999992,35.059273752000024],[33.175724387000002,35.059456851999983],[33.17553095300002,35.059489712000016],[33.175352712999995,35.059810476999985],[33.175236256999995,35.059894815999996],[33.175036680000005,35.059788093999998],[33.174799964999977,35.059661511999991],[33.174470057999997,35.059458602999996],[33.17434892,35.059455373999981],[33.174198665999995,35.059360487999982],[33.173986280000008,35.059137674999988],[33.173603510000021,35.059061503999999],[33.173344100999998,35.059072103000005],[33.173208503000012,35.058989338999993],[33.17303251300001,35.058903482999995],[33.172953133000021,35.058852007999974],[33.172816644000022,35.058628340999974],[33.172755510000002,35.058612138000001],[33.172734803000026,35.058571529999995],[33.172622981000018,35.058439938999982],[33.172585685000001,35.058404221999979],[33.172485445000007,35.058328427999982],[33.172232670000028,35.058190250999985],[33.171858149000002,35.058098045000008],[33.171747874999994,35.057988745999978],[33.171660637000002,35.057886021999991],[33.171836859999985,35.05781239800001],[33.171181612999987,35.057109475000004],[33.170863855999983,35.057055966999997],[33.170640515000002,35.056921968999973],[33.170096544999979,35.056484515000022],[33.169782085000008,35.055954450999991],[33.169702724999979,35.055611075999991],[33.169318144999977,35.055316235000021],[33.169293084999993,35.055595806999975],[33.169025483999974,35.056104704000006],[33.168783270000006,35.056585967999979],[33.168625824999992,35.056757754999978],[33.169036079000023,35.057091459999981],[33.169183743000019,35.057031294000012],[33.169232399000009,35.057190610000021],[33.169214839000006,35.057278872999973],[33.169655159999991,35.05770394000001],[33.170014637000008,35.05779263300002],[33.170238410000024,35.057950822000009],[33.170001517000003,35.058381822000001],[33.169906138999977,35.058378670000025],[33.169764496000028,35.058441996999989],[33.169739665999998,35.058567975000017],[33.169716428000015,35.05863602300002],[33.169764937000025,35.058665523999991],[33.169925956999975,35.058760361999987],[33.170089882000013,35.05871879099999],[33.17026867200002,35.058723505999978],[33.170206453999981,35.058792041999993],[33.169768981000004,35.059045399000013],[33.169568966999975,35.059279182000012],[33.169509424000012,35.059411093999984],[33.169583665999994,35.059635319999984],[33.169370786999991,35.060043188999998],[33.168823378000013,35.060726310999996],[33.168774530000007,35.060763633000022],[33.168574270000022,35.060926971000015],[33.16850728999998,35.061029716000007],[33.168479556000023,35.061155520999989],[33.16843193699998,35.061189808999984],[33.168252069999994,35.061230384999988],[33.168267050999987,35.061309841000025],[33.168205958999977,35.061349173999986],[33.168093433000024,35.061383594000006],[33.167858303999992,35.061372987000027],[33.167782160999991,35.061309750000021],[33.167518988999973,35.060985324000001],[33.167295113000023,35.061046099000009],[33.167068846000006,35.061124011000004],[33.167134400000009,35.061313009000003],[33.167088117999981,35.061383515999978],[33.166987851999977,35.061423939000008],[33.167035398999985,35.061658685999987],[33.167081313999972,35.061885495000013],[33.167728294000028,35.062009997000018],[33.167710360000001,35.062138779999998],[33.167533418000005,35.062309126000002],[33.167361318000019,35.062462351000022],[33.167438007999976,35.062688510999976],[33.167406237000023,35.062702655999999],[33.167359495000028,35.062676690999979],[33.167256556999973,35.062619473999973],[33.167059513000027,35.062649022000016],[33.166865703999974,35.062549826000009],[33.166720822000002,35.062440449999997],[33.166458696000007,35.062418829000023],[33.166427763999991,35.062670364999974],[33.166322648000005,35.062723878999975],[33.166271538999979,35.062819540000021],[33.165849611999988,35.062968216999991],[33.16580673499999,35.062959260000014],[33.165564232000008,35.062950673999978],[33.16539753699999,35.062910772000009],[33.165288171999975,35.062803342999985],[33.165070293999975,35.062833950000027],[33.165022355000019,35.06277972800001],[33.16487953799998,35.062571764999973],[33.16465931800002,35.062632550999979],[33.164599634000012,35.062723198000015],[33.164546664,35.062971772000026],[33.164513682000006,35.062998979999975],[33.164239711999983,35.06309709300001],[33.164193468000008,35.063177649000011],[33.164223229000015,35.063275175000001],[33.164160917999993,35.063314509000008],[33.163961469000014,35.063367208999978],[33.163731916000017,35.063555747000009],[33.163552138,35.063621484000009],[33.163376864999975,35.063584601999992],[33.16331330600002,35.063617933999979],[33.163198765999994,35.063741938000021],[33.163152293999985,35.063792260000014],[33.163174618000028,35.063870671000018],[33.163262009999983,35.063992212000016],[33.163329815999987,35.064109751999979],[33.163094624999985,35.064430066999989],[33.162893845999974,35.064785518000008],[33.162812479000024,35.064966697999978],[33.162783648000016,35.06512064399999],[33.162823171000014,35.065212097000028],[33.162932384999976,35.065268192000019],[33.162981516999992,35.065311346999977],[33.162989544000027,35.065496376999988],[33.162907717999985,35.065554862999988],[33.162705386000027,35.065811789999998],[33.162618838000014,35.06591172100002],[33.162493698999981,35.065982702999975],[33.162262710999983,35.066039724999996],[33.161935254000014,35.066136555000014],[33.161807145000012,35.066149006999979],[33.161766895000028,35.06612293400002],[33.161772751000001,35.066052387000013],[33.161784410999985,35.06593479999998],[33.161722462,35.065880945999993],[33.161672689,35.065849918000026],[33.161598115000004,35.065847180999981],[33.161496422000027,35.065914981999981],[33.161422431000005,35.066014033999977],[33.161317626000027,35.066228803999991],[33.161240658999986,35.066472831999988],[33.161284936000015,35.066514740000002],[33.161414352000008,35.066658501999996],[33.161412505999976,35.066760197000008],[33.161351496999998,35.066845623000006],[33.161001027999987,35.066914415999975],[33.160972424000022,35.066944590999981],[33.160983498000007,35.067011497999999],[33.161083382000015,35.067270054999994],[33.16095984399999,35.067829782999979],[33.160865057000024,35.067928080000002],[33.160678340999993,35.068003874999988],[33.160584884000002,35.068100214000026],[33.160572709000007,35.068211623000025],[33.160662573000025,35.068429536999986],[33.160816163999982,35.068624582999973],[33.161182915999973,35.069091431000004],[33.161190416000011,35.069268700999999],[33.161191497999994,35.069294297999988],[33.161227763999989,35.069641253999976],[33.161274719999994,35.070088306999992],[33.160267433000001,35.071057773999996],[33.159820253000021,35.070774504999974],[33.159300260999998,35.070465027000012],[33.159259061,35.070134188999987],[33.159258749000003,35.070097466999982],[33.159257304999983,35.069927833999998],[33.158980155999984,35.069972688000007],[33.158772917000022,35.070017235000023],[33.158655537000016,35.069946947999995],[33.158144278999998,35.070239549999997],[33.157933132999972,35.069973195999978],[33.157406153000011,35.069659924999996],[33.157249972999978,35.069687134999981],[33.156677383999977,35.069540285000016],[33.156636952999975,35.069208134000007],[33.156463810999981,35.069020598999998],[33.155903728999988,35.068881784999974],[33.155831141000021,35.068823405999979],[33.15552341199998,35.068583905000025],[33.154690963999997,35.068272284999978],[33.153661542999998,35.068133981000017],[33.153638621000027,35.068075340999997],[33.15361537299998,35.067982223999991],[33.153151684000022,35.067536829000005],[33.153062531999979,35.067306256999984],[33.152794669999992,35.067340133000016],[33.152688050999984,35.067616363000013],[33.15264524600002,35.067813210999986],[33.152562019000015,35.068196715999989],[33.152510416999974,35.068255781999994],[33.152195537000011,35.068565556999999],[33.152395892000015,35.069257617000005],[33.151972231000002,35.069361248000007],[33.151991184999986,35.069782701999998],[33.151610092999988,35.06992257600001],[33.151391002000025,35.069605588000002],[33.150944856000024,35.069435730999999],[33.15059487100001,35.069196465000005],[33.150444719999996,35.069075676000011],[33.149893137999982,35.068531443999973],[33.149236922999989,35.06846810799999],[33.148670497000012,35.067930030000014],[33.148398443000019,35.067530181999985],[33.14798177199998,35.066812899000013],[33.147508131999984,35.06688436799999],[33.147238382000012,35.066981087999977],[33.147001256999999,35.067112088999977],[33.146883209000009,35.067232306999983],[33.146512628999972,35.067688319000013],[33.146017540000003,35.068367928999976],[33.145674136000025,35.068809589000011],[33.145309026999996,35.068803436999985],[33.144997568000008,35.068953064000027],[33.144539289000022,35.069326430999979],[33.143935789000011,35.069836334000001],[33.143493023000019,35.070272396000007],[33.143210022000005,35.070539398999983],[33.141997193999998,35.07095121399999],[33.141779816999986,35.071069921000003],[33.141562673999999,35.071212935000005],[33.141422386999977,35.071343382000009],[33.141365968999992,35.071414612000012],[33.14101432199999,35.072285861000012],[33.140750749000006,35.072764489999997],[33.139707844999975,35.072782205999999],[33.135791059999974,35.072942120999983],[33.132952955000007,35.07301683999998],[33.130248368000025,35.073108049999973],[33.128681088000008,35.073008325999979],[33.127244167000015,35.072753363999993],[33.125618271999997,35.072271926999974],[33.120850867999991,35.070681810999986],[33.116015700999981,35.069173765000016],[33.111379770999974,35.067763419000016],[33.105659765999974,35.066290938000009],[33.103845552999985,35.065845159999981],[33.102597120999974,35.065461170999981],[33.101147718999982,35.064827118999972],[33.10025521,35.064654886000028],[33.099181660999989,35.064745238],[33.098113533999992,35.065074532999972],[33.097090234000007,35.065658410000026],[33.096337903999995,35.066537284999981],[33.095573665000018,35.066910059000008],[33.090789217000008,35.067525724999996],[33.090234457999998,35.065643534999992],[33.089529863999985,35.063487254999984],[33.089167101999976,35.06359371100001],[33.088923677000025,35.063889733999986],[33.08873821200001,35.06411891099998],[33.088616440999999,35.064214434000007],[33.088549824999973,35.064329003000012],[33.088523872999986,35.064481714999999],[33.088497806000021,35.064527064999993],[33.088320904,35.064625014000001],[33.088161404000004,35.064715792000015],[33.088045491000003,35.064863799000022],[33.087941171000011,35.064997482000024],[33.087758452000003,35.065085889999978],[33.08760232100002,35.065207918999988],[33.087437064000028,35.065344031999985],[33.087228209999978,35.065415757999972],[33.087058469999988,35.065430193999987],[33.086875636999991,35.065412431000027],[33.086766812000008,35.065405352000028],[33.086584043000016,35.065448428000025],[33.086314258000016,35.065527352999993],[33.086092276999977,35.065534667999998],[33.085748387000024,35.06550986000002],[33.08550901000001,35.065531501999999],[33.08532188800001,35.065574578999986],[33.085025959000006,35.065628468],[33.084656137000025,35.065782614],[33.084255832999986,35.06592604299999],[33.083938201000024,35.066040783999995],[33.083663978000004,35.066040972999986],[33.083573580000007,35.066034474999981],[33.083506553000007,35.065755377000016],[33.083094012000004,35.065278492000004],[33.082783225000014,35.064987631000008],[33.082505657000013,35.064639645999989],[33.082485861999999,35.064586107000025],[33.082089929000006,35.063745494999978],[33.081842732999974,35.063196919000006],[33.081537554000022,35.062696097000014],[33.08126140600001,35.062207183999988],[33.081115825999973,35.06170625499999],[33.081071899999984,35.061300689999996],[33.081071758000007,35.061157539000021],[33.081042599999989,35.061014408000005],[33.081027892000009,35.060811622000017],[33.080969752999977,35.060704296999972],[33.080868124000006,35.06063279],[33.080795431000013,35.06047775799999],[33.080838803000006,35.060322649999989],[33.080780522999987,35.060072175000016],[33.080620724000028,35.059857555000008],[33.080417225000019,35.059464026000001],[33.080228341999998,35.05917784899998],[33.080155604000026,35.058975099999998],[33.080039365999994,35.058796239000003],[33.079719833000013,35.058426643000018],[33.079895480000005,35.058829735000018],[33.080209519999983,35.059514743000022],[33.080464208000024,35.060031825999999],[33.080458550000003,35.060179751000021],[33.080394784000021,35.060251369000014],[33.080086307999977,35.060304615999996],[33.079872626999986,35.060390093000024],[33.079820482000002,35.060476017999974],[33.079768677999994,35.06091504699998],[33.079623814000001,35.061139411999989],[33.079362716999981,35.061192070999994],[33.079084231000024,35.061268600999995],[33.078634710000017,35.06151463499998],[33.078112728999997,35.061851375999993],[33.077816901000006,35.062001873999975],[33.077397301000019,35.061921084000005],[33.076897943999995,35.06163509999999],[33.076526306999995,35.061396749999972],[33.076108272999988,35.061187059000019],[33.075980475999984,35.061053532000017],[33.075933819999989,35.060805432999985],[33.075875584000016,35.060585972000013],[33.075712925000005,35.060404748999986],[33.075190414000019,35.060166489999972],[33.07478404699998,35.060014048000028],[33.074400905000005,35.059871132000012],[33.073959807999984,35.059814141999993],[33.073750781999991,35.059690204999981],[33.07362298999999,35.05955667500001],[33.073518422000006,35.059432674999982],[33.073274603000016,35.059337388000017],[33.073019187,35.059251651000011],[33.072972649999997,35.059127616000012],[33.073065340000028,35.058946235000008],[33.073216076999984,35.058783908000009],[33.073308569000005,35.058383030000016],[33.073319876000028,35.058049003999997],[33.073180363999995,35.05778187300001],[33.073145357999977,35.057571940000003],[33.073261258000002,35.057390546000022],[33.07347003000001,35.057237725999983],[33.073516274999974,35.057037287000014],[33.073469680000017,35.056846446999998],[33.073277691999976,35.056570599999986],[33.073110670999995,35.056361938999999],[33.073016208000013,35.056177092999974],[33.072950710999976,35.055938547999972],[33.072790945999998,35.05572988199998],[33.072544004000008,35.055372153000008],[33.072093750000022,35.054769995000015],[33.071832402999974,35.054519636000009],[33.071337502999995,35.054281344000003],[33.070989253999983,35.054188500000009],[33.070693253999991,35.054124254999977],[33.070362450999994,35.054074344000014],[33.070057845999997,35.054124623999996],[33.069805448000011,35.054153398999972],[33.06944852700002,35.054096344000016],[33.069187351999972,35.05403923199998],[33.068865307999999,35.05405373100001],[33.068482388999996,35.054132680999999],[33.068029810999974,35.054183038000019],[33.067611972000009,35.054140325999981],[33.067263767999975,35.054097575000014],[33.067098387999977,35.054097666000018],[33.067076740999994,35.054247361000023],[33.067040648999978,35.054462107000006],[33.067011724999986,35.054572468999993],[33.066917484999976,35.054641113999992],[33.066678156000023,35.05468896299999],[33.066409839000016,35.054769631999989],[33.066098063000027,35.054927863999978],[33.065788671000007,35.055045337000024],[33.065484185999992,35.055254262999995],[33.065215981999984,35.055481063999991],[33.064998573000025,35.055731693999974],[33.064614354000014,35.056018200999972],[33.064375094000013,35.056161479000025],[33.06404149399998,35.056251124000028],[33.063831177999987,35.056304916999977],[33.063686400999984,35.056686728999978],[33.063418298999977,35.057056676000002],[33.063295144999984,35.057265501000018],[33.063280835,35.057521988000019],[33.063201117000006,35.057617462999985],[33.062722131999976,35.057313516000022],[33.062163322000004,35.056961891000014],[33.061836642000003,35.056616109999993],[33.061698678000027,35.056425312999977],[33.06139387799999,35.056234598999993],[33.061176094000018,35.056002089999993],[33.060958336999988,35.055805367000005],[33.060573695000016,35.055537151999999],[33.06027618600001,35.05538818399998],[33.060058511000022,35.055298823999976],[33.059782847999998,35.055263170999979],[33.059637744999975,35.055221490999998],[33.059528855999986,35.055104239999991],[33.059537863000003,35.055521758999987],[33.059494679000011,35.055987019999975],[33.059425229999988,35.056244725999989],[33.059253861000002,35.056413656000018],[33.058974804000002,35.056756710000002],[33.058748662000028,35.057000175999974],[33.058557377,35.057300885000018],[33.058400775999985,35.057415481000021],[33.057965619000015,35.057515894999995],[33.057774128000005,35.057530301999975],[33.057530400000019,35.057530417000009],[33.057356347999985,35.05758775999999],[33.056990755000015,35.057587932999979],[33.056729577999988,35.057530794000002],[33.056520460999991,35.057230274999995],[33.056333295999991,35.057205312000008],[33.055976351000027,35.057119585999999],[33.055636853999999,35.057091112000023],[33.055393078000009,35.057019647999994],[33.055053502000021,35.056869495000001],[33.054731358000026,35.056755119000002],[33.054235111000025,35.056619349000016],[33.054000014999986,35.056504933999975],[33.053843367000013,35.056555106000019],[33.053303700000015,35.05656965999998],[33.052755331000014,35.056591372000014],[33.052259170000013,35.056584428999997],[33.051823941000009,35.056577457999992],[33.051388620000012,35.056420177999996],[33.051118686999985,35.056269982999993],[33.050979358000006,35.056176993999998],[33.050979215999973,35.055947952999986],[33.051066058999993,35.055625826999972],[33.051205203999984,35.05542535699999],[33.051274789999979,35.055346594000014],[33.051083272000028,35.055310887000019],[33.050674189999995,35.05534684700001],[33.050343445999999,35.055382771999973],[33.050178619999997,35.055344429000002],[33.050027689999979,35.05525382899998],[33.049783939000008,35.055206211999973],[33.049609850000024,35.055201511000007],[33.049441582999975,35.055230209999991],[33.049180476000004,35.055268490000003],[33.048936767999976,35.055292446999999],[33.048704638000004,35.055268682000019],[33.048547908999979,35.055182854000009],[33.04828089199998,35.055039809999982],[33.048066140000003,35.054963547999989],[33.047868817999984,35.054920680999999],[33.047723723999979,35.054882565000014],[33.047607658000004,35.054868295000006],[33.047520598999995,35.054839699000013],[33.047450898000022,35.054725205000011],[33.04739280299998,35.054610707999984],[33.047317295000028,35.054486672999985],[33.047259236000002,35.054434206999986],[33.046916813999985,35.054338905999998],[33.046562778999998,35.054229292999992],[33.046423516999994,35.054238890000022],[33.046301664999987,35.054253250999977],[33.046214581000015,35.054176938000012],[33.046069443000022,35.054057700999977],[33.045866294000007,35.053967114999978],[33.04556450299998,35.053886110999997],[33.045343994000007,35.053881421000028],[33.04511190300002,35.053919682000014],[33.044951378000007,35.053953460000002],[33.044841125999994,35.053958272999978],[33.044661223999981,35.053929708999988],[33.044498696000005,35.053839106999988],[33.044423203000008,35.053734157000008],[33.044434738999996,35.053605317000006],[33.044457904000012,35.053519418999997],[33.044411448000005,35.053457402999982],[33.044312757,35.053376320999973],[33.044161872000018,35.053352517000008],[33.044034220000015,35.05336687800002],[33.043947167999988,35.053347824000014],[33.043784645000017,35.053261991999989],[33.04358728699998,35.053142771000012],[33.043418965000001,35.053061711999987],[33.043250655000008,35.053004510999983],[33.043088134000016,35.052918679000015],[33.042832728999997,35.052756531999989],[33.042676003999986,35.05265638100002],[33.042594737999991,35.052603921000014],[33.042339463000019,35.052689901000008],[33.042101586999991,35.052756787000021],[33.041875387000005,35.052966819999995],[33.04166657799999,35.053143444999989],[33.041396269000018,35.053338541000016],[33.041117854999982,35.053574835000006],[33.041013441000018,35.053646446000016],[33.040909011999986,35.053689426000005],[33.040630479000015,35.053689519999978],[33.039794873999995,35.053682638999987],[33.039194282999972,35.053675677000001],[33.038785213999972,35.053733067999985],[33.038532792000012,35.053733148999981],[33.038323881999986,35.053711743000008],[33.038045375000024,35.053769090999992],[33.037418778000017,35.053998326999988],[33.037105478000001,35.054112943999996],[33.036983630999998,35.054141612000024],[33.036800848999974,35.054155981999997],[33.036644191999983,35.05419897500002],[33.036008890000005,35.054442521999988],[33.035390980999978,35.05465743000002],[33.034799185999987,35.054886641999985],[33.034024617,35.055158849000009],[33.033345773999997,35.055395235999981],[33.032658217999995,35.055617306999977],[33.032318784999973,35.055710445999978],[33.032127259999982,35.055638921000025],[33.031935711000017,35.055502978999982],[33.031752864999987,35.055367032999982],[33.031561334000003,35.055274035000025],[33.031378518999986,35.055209665000007],[33.031203557000026,35.055196588000001],[33.030964255000015,35.055188609000027],[33.030962418000001,35.055188274999978],[33.030859763000024,35.055169614000022],[33.030546592999997,35.055105019999985],[33.03047671600001,35.055030881999983],[33.030435792999981,35.054919849999976],[33.030506343000013,35.054758611000011],[33.030519216000016,35.054583832999981],[33.030433384999981,35.054324790999999],[33.030374628000004,35.054222505999974],[33.030319469999995,35.054076338000016],[33.030100494999999,35.05397512899998],[33.029962126999976,35.053773380999985],[33.029761404999988,35.053706039000019],[33.029647231000013,35.053768478999984],[33.029562530000021,35.053814800999987],[33.029220896000027,35.053675565999981],[33.028680802999986,35.054282898999986],[33.028521360000013,35.054331964000028],[33.028438279999989,35.054441399999973],[33.028115581999998,35.054457532000015],[33.028176034000012,35.054314325999997],[33.028158383000005,35.054022550000013],[33.028081957999973,35.053990320000025],[33.028061443000013,35.05394305599998],[33.027665753000008,35.054220729000008],[33.027267868000024,35.054412081000009],[33.027269536999995,35.054416369000023],[33.027347915000007,35.054617698000015],[33.027446568000016,35.055052530000012],[33.027477192999982,35.055103444999986],[33.027581325000028,35.055276575999983],[33.027455862000011,35.055322190000027],[33.027394630000003,35.055276148000019],[33.027274085999977,35.055378083999983],[33.027011603000005,35.055322015000002],[33.026967875000025,35.055132290000017],[33.026962529999992,35.055103561999999],[33.026929138000014,35.054924082000014],[33.026927834999981,35.054723044000013],[33.026808328000016,35.054725397000027],[33.026800314000013,35.054722836999986],[33.026696221000009,35.054735278999999],[33.026671442999998,35.054819473999999],[33.026628758000015,35.054904729999976],[33.026593214999991,35.055016560000013],[33.02658660100002,35.055103643999985],[33.026584050999986,35.055137224000021],[33.026579915000013,35.055219029],[33.026576864999981,35.055278970000018],[33.026437407999993,35.055290765999985],[33.026116258999991,35.055317930000001],[33.026134372999991,35.055447016000016],[33.026170122999986,35.055537300000026],[33.026174234999985,35.055604474999996],[33.025915478000002,35.055485524999995],[33.025729796999997,35.055523737999977],[33.025544097000022,35.05550469100001],[33.025462821000019,35.055390187],[33.025427044000025,35.05510270000002],[33.025226567000004,35.054200890999994],[33.025104587999977,35.053807251000023],[33.024947856999972,35.053628344999993],[33.024695405999978,35.053528190999998],[33.024173114000007,35.053385145999982],[33.023824908999984,35.053249221999977],[33.02371169700001,35.053048832000002],[33.023657092000008,35.052841274000002],[33.023404594999988,35.052569335999976],[33.023091148999981,35.052211517999979],[33.022986607999997,35.051882292000016],[33.022838507000017,35.051402762999999],[33.022699193999983,35.051223850999975],[33.022533807000002,35.051173779999999],[33.022220473000004,35.051202466999996],[33.021822983999982,35.051166750999982],[33.021289050999997,35.050804196999991],[33.021010434000004,35.050441596999974],[33.020778240000027,35.050078987000006],[33.020522915000015,35.05002177099999],[33.020012254999983,35.049869161000004],[33.019362306000005,35.049582965000013],[33.019199754999988,35.049239428000021],[33.018851958000027,35.048677971000018],[33.018243444999996,35.048118495999972],[33.017895146000001,35.047402792000014],[33.017488839999999,35.04673481399999],[33.017169593000006,35.046162255000013],[33.016415138000013,35.045351170000004],[33.015950920000023,35.045136505000016],[33.015341655999976,35.044945714999983],[33.014616264999972,35.044277765999993],[33.013890912000022,35.043752964000021],[33.012730436000027,35.043371354999977],[33.012063195999986,35.043347564999976],[33.011482983999997,35.04329990399998],[33.011279906000027,35.043252205999977],[33.011018791000026,35.043085220000023],[33.010583592999978,35.04272738100002],[33.010090408999986,35.042631988999972],[33.009539210000014,35.042560458000025],[33.009220090999975,35.042465047999997],[33.009016995000025,35.042226477999975],[33.008929936000015,35.041964041000028],[33.00823369699998,35.041916372999992],[33.007247344999996,35.041701709999984],[33.006928223999978,35.041528754000012],[33.006754159000025,35.041433328999972],[33.006741276000014,35.04132457999998],[33.006906437999987,35.041182806999984],[33.007667903000026,35.040812953],[33.008284288000027,35.040174696999998],[33.008599466000021,35.039652172999979],[33.008669025000017,35.039060475999975],[33.008668983999996,35.038678740000023],[33.008518121000009,35.038506969000025],[33.008344060000013,35.038402002999987],[33.008231121999984,35.038208997000027],[33.007995914999981,35.037963030000014],[33.007357714000022,35.037781745000018],[33.006578620000028,35.037887529999978],[33.005884132999995,35.038344886999994],[33.005728652000016,35.038404064000019],[33.005284011000015,35.038332976999982],[33.00433622700001,35.038113047000024],[33.003756055999986,35.038065350000011],[33.003291917000013,35.037950841999987],[33.002874186999975,35.037683636999986],[33.002401412999973,35.037586492000003],[33.001592019999975,35.037607313000024],[33.000797193999972,35.03757391900001],[33.000449096000011,35.03766458299998],[33.000217668000005,35.037710888999982],[33.000075083000013,35.037671391999993],[32.999966398000026,35.037519841999995],[32.99970532399999,35.037476896999976],[32.999229591000017,35.037333742999976],[32.998642834999998,35.037356746],[32.998428965000016,35.037433941000018],[32.998301328000025,35.037443482000015],[32.998162363000006,35.03740247799999],[32.997993844000007,35.037338501000022],[32.997912621000012,35.037352813999973],[32.997824352999999,35.037434650000023],[32.997691777,35.037447267000005],[32.997500016999993,35.037465517999976],[32.997373069999981,35.037338488999978],[32.997135205999996,35.037243048999983],[32.997001774000012,35.037095122999972],[32.996833530999993,35.036994913000001],[32.996740706000026,35.036971052000013],[32.996675637999999,35.036997736999979],[32.996613066999998,35.037095113000021],[32.996415809999974,35.037138051999989],[32.996160541999984,35.037052152999991],[32.996074494000027,35.036956640000028],[32.995800852000002,35.036875587999987],[32.995412148000014,35.036818314000016],[32.995137224000018,35.036819748000028],[32.99474090199999,35.036844690000009],[32.994410210000012,35.036858989999985],[32.994240513000022,35.036866139999972],[32.994040362000021,35.036805291999997],[32.993929370999979,35.036681390000012],[32.993727090999982,35.036608442999977],[32.993539994999992,35.036547593000023],[32.993361606000008,35.036425904999987],[32.993117482999992,35.036266753999996],[32.992873081000027,35.036157061999972],[32.992552316000001,35.036128818999998],[32.992312998999978,35.036153855999999],[32.992047587999991,35.036053632999995],[32.991921407999996,35.036024994000002],[32.991816975999996,35.03606077500001],[32.991769111999986,35.036075086999972],[32.991734310000027,35.036007088000019],[32.991643101000022,35.035891999],[32.99152393899999,35.035738605999995],[32.991260072999978,35.035634861000005],[32.991096774000027,35.035586052999975],[32.990915717000007,35.035606773999973],[32.990753453000025,35.035625343999982],[32.990559566000002,35.035423659999992],[32.990354221000018,35.035183150000023],[32.990258514000004,35.035039989999973],[32.99033685400002,35.034868215000017],[32.990423888999999,35.034746543999972],[32.990380389999984,35.034653492000018],[32.990149045999999,35.034584267000014],[32.990003043000002,35.034296427000015],[32.989805273000002,35.033859459999974],[32.98958789400001,35.033654349000017],[32.989326855999991,35.033482545000027],[32.989474732000019,35.033933484999977],[32.989605195000024,35.034477471000002],[32.989552929000013,35.034892606000028],[32.989274421999994,35.035178884000004],[32.988830554999993,35.035572510000009],[32.988699978999989,35.035873116000005],[32.988586829999974,35.036014347999981],[32.98838902,35.036126743000011],[32.988058883000008,35.036066785000003],[32.987925458999996,35.035990425000023],[32.987675992999982,35.035985628999981],[32.987629567999988,35.036071514000014],[32.987675949999982,35.036276702999999],[32.987826767999991,35.036429413000008],[32.987849949000008,35.036596425000027],[32.987907951000011,35.036687093000012],[32.988174823999998,35.036687119000021],[32.988522930999977,35.036610805999999],[32.988865235999981,35.036515403999999],[32.98923074999999,35.036405687000013],[32.989410600999975,35.036386616000016],[32.989474401999985,35.036510685999986],[32.989393161999999,35.036644287000001],[32.989132073000007,35.036777872000016],[32.98903341800002,35.036987818],[32.989178431000028,35.037193014000025],[32.989201612999977,35.037388657000008],[32.989131960000009,35.037636779000024],[32.989106413999991,35.037778020000019],[32.988932313000021,35.038159741000015],[32.988816250000013,35.038369685000021],[32.988549357000011,35.038474638000025],[32.988131631999977,35.038484141000026],[32.987992409000015,35.038369606000003],[32.987864794000018,35.03821689900002],[32.987679136999986,35.038235966999991],[32.987609501999998,35.038331395],[32.987412243999984,35.038331373999995],[32.987168580000002,35.038283631000013],[32.986936515000025,35.038264519999984],[32.986727656000028,35.038254954000024],[32.986611606999986,35.038350374999993],[32.986541964000025,35.03848397500002],[32.986327313999993,35.038623314000006],[32.986147398000014,35.038779777000002],[32.986158983999985,35.038884756000016],[32.986321417999989,35.038970665000022],[32.986530265999988,35.039056578999975],[32.986541855999974,35.039142470999991],[32.986449008000022,35.039266525000016],[32.986286531000019,35.039428745000009],[32.986077647999991,35.039543241999979],[32.985810759999993,35.039571840999997],[32.985613512999976,35.039495471000009],[32.985427867999988,35.039428644999987],[32.985323445999995,35.039371371000016],[32.985219014999984,35.039371358999972],[32.985160969999981,35.039514503000021],[32.985218960999987,35.039667205000001],[32.985230538999986,35.039810357000022],[32.985126087000026,35.039915323000002],[32.984928819000004,35.039953471999979],[32.984847603999981,35.039896200999976],[32.984685174999981,35.039781660000017],[32.984511124999983,35.039753007000002],[32.984255854000025,35.039714801000002],[32.984156881999979,35.039844184000003],[32.984116536999977,35.040096518999974],[32.984023689000026,35.040191940999989],[32.983768402999999,35.040220536999982],[32.983513114999994,35.040258676999997],[32.983431845999974,35.040468620000013],[32.983629065999992,35.040688145999979],[32.983930696000016,35.041031749000012],[32.984081514000025,35.041184464000025],[32.984039397999993,35.041323272999989],[32.983832452000001,35.041423909999992],[32.983635197000012,35.04137616700001],[32.983542385000021,35.041280718999985],[32.983391535999999,35.041280699000026],[32.983194278999974,35.041242497999974],[32.983147889000008,35.041118427000015],[32.983124719999978,35.040927555999986],[32.98297390099998,35.040784384000006],[32.982869499000003,35.040631674999986],[32.982881145000022,35.040431264999995],[32.982834761999982,35.040278563000015],[32.982672354999977,35.040068584999972],[32.982451931000014,35.039858598000023],[32.982312709999974,35.039753600999973],[32.982115435000026,35.039820376000023],[32.981836924999982,35.03992531199998],[32.981558400999972,35.040087507999999],[32.981303089999983,35.040221076000023],[32.981198662999986,35.040192429999991],[32.980873766000002,35.04017329200002],[32.980618478999986,35.040201882000019],[32.980397976999996,35.04033545499999],[32.98025868000002,35.040554930999974],[32.980072985999982,35.040698050999993],[32.979968557000007,35.040678947999993],[32.979910572999984,35.04053578700001],[32.979771416000006,35.040182657000003],[32.979655444999992,35.039915421999979],[32.979516224999998,35.039819964999992],[32.979400209000005,35.039743597999973],[32.979168119999997,35.039810362000026],[32.979086832999997,35.04004893299998],[32.978935942000021,35.040220689000023],[32.978610996999976,35.040382869999974],[32.978355717999989,35.040373280999972],[32.977949616999979,35.040268229999981],[32.977729192000027,35.040105951999976],[32.977682823999999,35.039934162000009],[32.977520385999981,35.039886416000002],[32.977311482000005,35.040029527999991],[32.977183765000007,35.040306262999991],[32.977067639999973,35.040621172999977],[32.976939904999995,35.040955167999982],[32.976851837000027,35.041214414000024],[32.976721194999982,35.041560338000011],[32.976532540999983,35.041882391999991],[32.976343887999974,35.042192516],[32.976039137999976,35.042693486000019],[32.976082572999985,35.042967867000016],[32.975908446000005,35.043194488999973],[32.975574834999975,35.04317056299999],[32.975197756999989,35.042991547999975],[32.975067291000016,35.042729077999979],[32.975183417999972,35.042442799000014],[32.975154469000017,35.042239994999989],[32.974951448000013,35.042084874000011],[32.974646870000015,35.042001304999985],[32.974371329000007,35.041834237999979],[32.974139352999998,35.041512097999998],[32.974052411000002,35.041237706000004],[32.973907366999981,35.041225746999999],[32.973791287999973,35.041356942999982],[32.973631635000004,35.041667070000017],[32.973544501999982,35.041989140999988],[32.973355814000001,35.042370835999975],[32.973036676999982,35.042454270000007],[32.972877015999984,35.042776324999977],[32.972862412999973,35.043074552999997],[32.972978362999982,35.043348951999974],[32.973079804999998,35.043635277000021],[32.973282781000023,35.043933552999988],[32.973500333000004,35.044017106000013],[32.973369735000006,35.044172157999981],[32.973152125000013,35.044267542999989],[32.973065041999973,35.044422605000022],[32.973093880000022,35.044947497999999],[32.973151812000026,35.045221884],[32.973285357000009,35.045534007000015],[32.973366055999975,35.045674368999983],[32.973621304999995,35.045827119000023],[32.973992581000005,35.046037153999976],[32.974294133000001,35.046562105000021],[32.974816212999997,35.046972580999977],[32.975477610999974,35.047192214999995],[32.976347884999996,35.047450060000017],[32.976603145000013,35.047602804000007],[32.977160074999972,35.047946471999978],[32.977809815000001,35.048414219999984],[32.978204267000024,35.048834200999977],[32.978263176999974,35.049144669999976],[32.978002016000005,35.049329526000008],[32.977885904000004,35.049562126000012],[32.977933004000022,35.04972964000001],[32.978074375000006,35.04997421600001],[32.978190331999997,35.050326149],[32.978280926000025,35.050591591],[32.978298983999991,35.050877897000021],[32.978335812000012,35.051040439000019],[32.978386554999986,35.051153777000025],[32.978872470999988,35.051350694000007],[32.979085810000015,35.051465053000015],[32.979147438999973,35.051560498000015],[32.979172801999994,35.051649972000007],[32.97932873000002,35.051721573999998],[32.979469703000007,35.051743676000001],[32.979629701000022,35.05188565200001],[32.979800109999985,35.052068793999979],[32.97988423999999,35.052357185999995],[32.979819643999974,35.052570144000015],[32.979956615999981,35.052748786999985],[32.979982670000027,35.052984991000017],[32.979973899000015,35.053256976],[32.979590857999995,35.053500268999983],[32.978929275999974,35.05375066900001],[32.97855496699998,35.053865125000016],[32.978457412000012,35.054041800999983],[32.978504880999992,35.054281120999974],[32.978534797000009,35.054431942999997],[32.978737575000025,35.054559439000002],[32.978798473999973,35.054681128000027],[32.978737513999988,35.054795636999984],[32.978493765999985,35.054902958000014],[32.978293872999984,35.05497201999998],[32.978233945999989,35.055080411000006],[32.978233171999989,35.055328292000013],[32.978181140999993,35.055428980999977],[32.978202873999976,35.055532769000024],[32.978316009000025,35.055618680999999],[32.978394412,35.055673972000022],[32.978463945999977,35.055758278999974],[32.978472630999988,35.055833435000011],[32.978446497999983,35.055908584000008],[32.978381189999993,35.056001621000007],[32.978307174000008,35.056112548999977],[32.978292579000026,35.056200692000004],[32.978370047999988,35.056313004999993],[32.978542118999997,35.056395313999985],[32.978589973999988,35.056474055000024],[32.978585595000027,35.05657426099998],[32.978550746999986,35.056688774999998],[32.978433196000026,35.056842640000013],[32.978411398999981,35.056978630000003],[32.978380872000002,35.057207666000011],[32.978271769999992,35.057409945000018],[32.978212351000025,35.057542966000028],[32.978052790999982,35.057509053999979],[32.977707538999994,35.057342463999987],[32.977437732999988,35.057213578000017],[32.977315893000025,35.057127664999996],[32.977176677999978,35.05692006999999],[32.977011790000006,35.056704570000022],[32.976802433999978,35.056741061000025],[32.97662068599999,35.056781140999988],[32.976573830999996,35.057025909000004],[32.976288722999982,35.057241990000023],[32.976134058000014,35.057294447000004],[32.975858462000019,35.057200856999998],[32.975595853000016,35.057168929999989],[32.975315862999992,35.057179763000022],[32.975063444,35.057136765999985],[32.974779086000012,35.056955454999979],[32.974541208000005,35.057022137999979],[32.974253976,35.056964816000004],[32.973966755999982,35.056871707000028],[32.973775303000025,35.056728514999975],[32.973653507999984,35.056513762000009],[32.973569134999991,35.056302990999995],[32.973365752000007,35.056244201000027],[32.973113904999991,35.056284602999995],[32.972957243999986,35.056227306999972],[32.972730942999988,35.056184312000028],[32.972565549000024,35.056212904000006],[32.972452359999977,35.056305926999983],[32.972347875000025,35.056398951000006],[32.972202423999988,35.056432825999991],[32.97214759000002,35.056642262000025],[32.972043057999997,35.056871279000006],[32.971877613000004,35.057043022000016],[32.971607698000014,35.057257685000025],[32.971416146000024,35.05740794899998],[32.97128558899999,35.057372129999976],[32.971207285999981,35.057264748000023],[32.971218120999993,35.056888464999986],[32.970989896999981,35.056627675000016],[32.970615720000012,35.056305495999993],[32.970476549000011,35.056026318000022],[32.970548522999991,35.055818369000008],[32.970964075999973,35.055804550999994],[32.971251333999987,35.055768832000012],[32.971504023000023,35.055537671000025],[32.971610536000014,35.055278226999974],[32.971434305000002,35.055253532999984],[32.971338544999981,35.055289297000002],[32.971155737999993,35.05533219900002],[32.970990399000016,35.055210482000007],[32.970894724999994,35.055002890000026],[32.970807779999973,35.054723724999974],[32.970633790000022,35.054458854000018],[32.97027697499999,35.054294142999993],[32.970007133000024,35.054322707999972],[32.969685028000015,35.054451463000021],[32.969319385000006,35.054623151999976],[32.96904084800002,35.054623081999978],[32.968683978000001,35.054608674999997],[32.968570775999979,35.054730323999991],[32.968387833999998,35.055123940999977],[32.968100444000015,35.055503214999987],[32.96788282,35.055538946000013],[32.967465075999996,35.055374211000014],[32.967264958999976,35.055166589000009],[32.967369688000019,35.054983323999977],[32.967552362999982,35.054758686000014],[32.967665583999974,35.054594092999992],[32.967587892999973,35.054422735000003],[32.967369835,35.054100143000028],[32.967100135999999,35.053770822999979],[32.966865154999994,35.053692026000022],[32.966630145000011,35.053684804],[32.966386467999996,35.053587712000024],[32.966241436000018,35.053497010000001],[32.966096440000001,35.05332041600002],[32.965922475000013,35.053034066000009],[32.965731011000003,35.052971979999995],[32.965533762000007,35.052866946999984],[32.965226223000002,35.052852544000018],[32.964843180000003,35.053000355999984],[32.964454307999972,35.053205425999977],[32.964135057000021,35.053434373000016],[32.963949329999991,35.053520208999998],[32.963682442999982,35.053429467000001],[32.963462013000026,35.053262392000022],[32.963328697999998,35.052928332000022],[32.963259209,35.052608608000014],[32.963201233000007,35.052494070000023],[32.963061961999983,35.05250834200001],[32.962864635000017,35.052584629000023],[32.96274860699998,35.052527333],[32.962464402000023,35.052250486999981],[32.962348437999992,35.052054811000005],[32.962406396000006,35.051868211999988],[32.962453048999976,35.051696966000009],[32.962381043999983,35.05148949300002],[32.962192055999992,35.051424897999993],[32.962081790000013,35.051458265999997],[32.962052706999998,35.051610950999986],[32.961930780999978,35.051763607999987],[32.961762447000012,35.051882847000002],[32.961565087999986,35.052030708000018],[32.961489560000018,35.052231095000025],[32.961419004999982,35.052392316000009],[32.961227504000021,35.052417306999985],[32.960901085999978,35.052452990000006],[32.960652962999973,35.052574586999981],[32.960518003000004,35.052671169999996],[32.960531011,35.052771381000014],[32.960587558999975,35.052832238000008],[32.960713768999994,35.05282870000002],[32.960913971000025,35.05281087100002],[32.96123597899998,35.052904022000007],[32.961464636000017,35.053044192000016],[32.961618799999997,35.053244127000028],[32.961657854000009,35.053487496999992],[32.961557647000006,35.053723664000017],[32.961361739999973,35.053856015000008],[32.961314539999989,35.05396545100001],[32.96141604799999,35.054054952999991],[32.961576591999972,35.054072017999999],[32.96174019099999,35.054207448999989],[32.96178269699999,35.054533079000009],[32.961621165999986,35.054905970999982],[32.96119921899998,35.055185838999989],[32.961081266000008,35.055435074000002],[32.961127577000013,35.055633496999974],[32.961040475999994,35.055752761000008],[32.960851891999994,35.055728842000008],[32.96063385399998,35.055542385000024],[32.960242757999993,35.055370766999999],[32.960025329000018,35.055000888999984],[32.95998235899998,35.054672385000003],[32.959785269999998,35.054430212999989],[32.959329373999992,35.054213328000003],[32.959010284999977,35.054081998000015],[32.958618535000028,35.054201159000002],[32.958299349000015,35.054260695999972],[32.958168865000005,35.05410556999999],[32.958177609000018,35.053746809000017],[32.958111056999996,35.053675301999988],[32.957907976999991,35.053641830000004],[32.957768736999981,35.053589293000016],[32.957728180999993,35.053465215000017],[32.957670210000003,35.053355445000022],[32.957554157000004,35.05335063299998],[32.95734524300002,35.053379189999987],[32.957095666999976,35.053488850999997],[32.956892530000005,35.053565126000024],[32.956822923999994,35.053512613999999],[32.956788180999979,35.053374221000013],[32.956724447999989,35.053188103000025],[32.956743345999996,35.053035500000021],[32.95678841900002,35.052920911000001],[32.956765286000007,35.052772978999997],[32.956643456999984,35.052720447000013],[32.956481010999994,35.052663128999995],[32.956341769000005,35.052620133999994],[32.956306975000018,35.05257717500001],[32.956260658000019,35.052381518999994],[32.956069290000016,35.052157179999995],[32.955982268000014,35.052123746999996],[32.955866194999999,35.052157107000028],[32.955715223000027,35.052347919999988],[32.955546841,35.052538726000023],[32.95537269099998,35.052667498000005],[32.955227641000022,35.052634043000012],[32.955123173999993,35.052667406000012],[32.954949019000026,35.052800949000016],[32.95482707299999,35.052963141000021],[32.954831628000022,35.053121085999976],[32.954831563000027,35.053240377999998],[32.954744446999996,35.053373953000005],[32.954436817999976,35.053521761000013],[32.954333166000026,35.053596986000002],[32.954326727000023,35.053686212000002],[32.954488919000028,35.053746049999972],[32.954552691999993,35.053851052000027],[32.954587421999975,35.054008529999976],[32.954482857000016,35.054213673999982],[32.954320290999988,35.05437107900002],[32.954134582999984,35.054399638999996],[32.953838596000026,35.054475873999991],[32.953623838999988,35.054566453999996],[32.953559933000008,35.054700038000021],[32.953385722999997,35.054919469000026],[32.953153556000018,35.055010041000003],[32.952863388000026,35.055052874000012],[32.952579001000004,35.055129109999996],[32.952352693000023,35.055124250000006],[32.952236705000018,35.055004912000015],[32.952085845999989,35.054976222999983],[32.951839077999978,35.055060226000023],[32.951574300999994,35.055092925999986],[32.951389402000018,35.054979523999975],[32.95121895699998,35.054955597000003],[32.950928739000005,35.055080737000026],[32.950464408000016,35.055244575000017],[32.95020316099999,35.055438317999972],[32.950137018000021,35.055682597999976],[32.950137557999994,35.055963178000013],[32.950224462999984,35.056192851999981],[32.950307768000016,35.056380771000022],[32.950119117999975,35.056467181000016],[32.949915988999976,35.05650885],[32.949716524999985,35.056484908000016],[32.949575217000017,35.056258194000009],[32.949411712000028,35.055940581000016],[32.949344494999991,35.055841057000009],[32.949220078999986,35.055783858999973],[32.949053306999986,35.055682391000005],[32.949031654000009,35.055509406999988],[32.949057670999991,35.055416370999978],[32.948970181999982,35.055214132999993],[32.948843380000028,35.054996371000016],[32.948662205000005,35.054730869000025],[32.94867678899999,35.054608599999995],[32.948778376000007,35.054548996999984],[32.948981498000023,35.054513294999992],[32.949025086999995,35.054405950999978],[32.949000521000016,35.054250858999978],[32.949070296999992,35.054021847999991],[32.949035514999991,35.053964572999973],[32.948870184999976,35.053885770000022],[32.948670024000023,35.053828425000006],[32.948495981000008,35.053763933000027],[32.948304511000003,35.053728064999973],[32.948095652000006,35.053663556999993],[32.947939108000014,35.053455922000012],[32.947878288000027,35.053284114000007],[32.947928445999992,35.053185403999976],[32.94805248900002,35.053098093000017],[32.948157014999992,35.052976458999979],[32.948252846000003,35.052840506999985],[32.948357321999993,35.052797606000013],[32.948496587000022,35.052797666000004],[32.948783812999977,35.052812102000019],[32.948940514000014,35.052769221999995],[32.948966652000024,35.052726287999974],[32.948923193999974,35.05262606399998],[32.948693350999974,35.052434984000001],[32.948349037000014,35.052131950999978],[32.948167517999991,35.051850343000012],[32.948150903999988,35.051741715999981],[32.948185797000008,35.051620712999977],[32.948312863000012,35.051409024000009],[32.948490667999977,35.051251036999986],[32.948541509999984,35.051140712999995],[32.948581466000007,35.051039329999981],[32.948733844000003,35.050943962000019],[32.948962363000021,35.05087546499999],[32.949049462000005,35.050780067000005],[32.949009617999991,35.050702510999997],[32.948922612999979,35.050645809999992],[32.948821080000016,35.050627872999996],[32.948581724000007,35.050627771999984],[32.948469349999982,35.050547202000018],[32.948400542000002,35.050392091999981],[32.948291111000003,35.050187446999985],[32.948085253999977,35.050034080999978],[32.947983077999993,35.050039842999979],[32.947791564999989,35.050087476999977],[32.947629124999992,35.050039690000006],[32.947571163000021,35.049939458999972],[32.947590237999975,35.049825223000028],[32.947635171000002,35.049657955999976],[32.947716485000001,35.049533928000017],[32.947664288999988,35.049490960000014],[32.947525379000012,35.049432678000016],[32.947414837999986,35.049404960999993],[32.947194348999972,35.049395322000009],[32.946805580999978,35.049399923999999],[32.946480663999978,35.049366378999991],[32.946387876000017,35.049285220000002],[32.946387958000003,35.049161154999979],[32.946505790999993,35.049046114000021],[32.946538960999987,35.048946494999996],[32.946730600000024,35.048703223000018],[32.946771303999981,35.048569633],[32.946707536000019,35.048478943000021],[32.946568289000027,35.048384963999979],[32.946564851000005,35.048240720000024],[32.946614995999994,35.048020818999987],[32.946777537000003,35.047906370000021],[32.946795017999989,35.047791856000003],[32.946690612999987,35.047734549999973],[32.946522962000017,35.047721763000027],[32.946359933999986,35.047648514000002],[32.946267261000003,35.047548244999973],[32.946203405000006,35.047443261000012],[32.946075817000008,35.047347770999977],[32.945890201999987,35.047257025000022],[32.945739387999993,35.047185382999999],[32.945638877000022,35.047215445999996],[32.945614127999988,35.04734235799998],[32.945592149999982,35.047549833000005],[32.945591988999979,35.047798957999987],[32.945609260000026,35.048004149000008],[32.945533607000016,35.048338133000016],[32.945394292999993,35.048423962000015],[32.945202832000007,35.048395244999995],[32.945022995999977,35.048337903000004],[32.944819827999993,35.048461874999987],[32.944674710000015,35.048547699999972],[32.944431022000003,35.048528501000021],[32.944239498999991,35.048590445000002],[32.944175561999998,35.048752653999998],[32.944117353000024,35.049024614000018],[32.944059104000019,35.049353834999977],[32.943937091000009,35.049587592000023],[32.943728159999978,35.049649526999985],[32.943429762999983,35.049676551000005],[32.943375138000022,35.049773069000025],[32.94340990500001,35.049841082],[32.943636140000024,35.049934235000023],[32.943788386999984,35.050034512000025],[32.943857929999979,35.050163380000015],[32.944045007,35.050242199000024],[32.944318021000015,35.050300220999986],[32.944397421000019,35.050374776000012],[32.944436527999983,35.050464262999981],[32.944271080000021,35.050575128999981],[32.943888921999985,35.050660843000003],[32.943736582999975,35.050692982999976],[32.943669265999972,35.050753516999976],[32.943679841000005,35.050936313000022],[32.943666660000019,35.051118823000024],[32.943501194000021,35.051251160999982],[32.943327006999994,35.051408546000005],[32.943179032999979,35.051419212999974],[32.943057211999985,35.05136905400002],[32.943018187000007,35.051165045000005],[32.943026170999985,35.051030319000006],[32.942954554999972,35.050948617000017],[32.942879138000023,35.050857205],[32.942718281999987,35.05062092999998],[32.942548609000028,35.050545695999972],[32.942326712000011,35.05047401500002],[32.942070016999992,35.050377265000009],[32.941882874999976,35.050391492000017],[32.941793877999999,35.050518082999986],[32.941772088999983,35.050635564000004],[32.941830369000002,35.050788710000006],[32.941865093999979,35.050917561999995],[32.941804085999991,35.051032054000018],[32.941638694000005,35.051057026000024],[32.941403729000001,35.050999651999973],[32.941208924000023,35.050896060000014],[32.940986199999998,35.050762820999978],[32.940845272999979,35.050658252999995],[32.940709506000019,35.050639577000027],[32.940648538000005,35.050696807000008],[32.940658337000002,35.050787474999993],[32.940658112999984,35.051097635000019],[32.940535749999981,35.051317331000007],[32.940367782999999,35.051371865000021],[32.94017915500001,35.051431417999993],[32.940135555999973,35.051538760000028],[32.940454658000021,35.051598563000027],[32.940760465999972,35.051648638000017],[32.940904181000008,35.051849297999979],[32.940898150999999,35.052165656999989],[32.940811038999982,35.052265820999992],[32.940549751999981,35.052494734999982],[32.940236292000009,35.052652046999981],[32.94000126100002,35.052680560999988],[32.939850030000002,35.052687397999989],[32.939835013999982,35.052786877000017],[32.939812392000022,35.052936740999996],[32.939913927000021,35.053081340000006],[32.939922452000019,35.053324701000008],[32.939896136000016,35.053603832000022],[32.939878591000024,35.053789919999986],[32.939762470000005,35.053878138000016],[32.939414269999986,35.053920909999988],[32.939187940000011,35.05394942700002],[32.938950029000011,35.053944536000017],[32.938746899000023,35.053987377999988],[32.938561108999977,35.054120893000004],[32.938434475000008,35.05429737999998],[32.938179009999999,35.054483346999973],[32.937987452000016,35.054569139000023],[32.937772783000014,35.05452131200002],[32.93753493600002,35.054430528000012],[32.937453790999996,35.054306423000014],[32.937465551999992,35.054101246000016],[32.937512159999983,35.053857913000002],[32.937547070999983,35.053733867000005],[32.937576132000004,35.053671850000001],[32.937576216000025,35.053562101000011],[32.937466011000026,35.053500011999972],[32.937286114000017,35.053514233999977],[32.937129427999992,35.053528468000025],[32.936937899999975,35.053576086000021],[32.93669408400001,35.053704793999998],[32.936612830000001,35.053723838999986],[32.936537419999979,35.053690398000015],[32.936485272000027,35.053590165000003],[32.936421619999976,35.053361090999999],[32.93643332900001,35.053227488999994],[32.936346346999983,35.053151096000022],[32.936201299999993,35.053122389999999],[32.936032920000002,35.053251137000018],[32.935905150999986,35.053389449000008],[32.935783211,35.053494361999981],[32.935609057000022,35.053584931999978],[32.935440787999994,35.053570526999977],[32.935289957000009,35.053517957999986],[32.935156575999997,35.05341291000002],[32.93497679699999,35.053279206000013],[32.934791115999985,35.053269562000025],[32.934622848000004,35.053255157000024],[32.934559123999975,35.053121514999987],[32.934489632000009,35.05294492500002],[32.934350381999991,35.052925761999973],[32.934234296999989,35.05296387300001],[32.934083438000016,35.052949475999981],[32.933926859999985,35.052830098000015],[32.933706459999996,35.052701141999989],[32.933538285999987,35.052572214999998],[32.933445547000019,35.052443329000027],[32.933364357000016,35.052386022999997],[32.933196097999996,35.052362071999994],[32.933004666999977,35.052290390999985],[32.932911855999976,35.052252166000017],[32.932610316000023,35.052008643000022],[32.932128936000026,35.051717300999996],[32.931763654999997,35.051373533999993],[32.931546296000022,35.05108710899998],[32.931373364000024,35.050727000999984],[32.931148817999997,35.050510304999989],[32.931044596999982,35.05024302999999],[32.931137589999992,35.050061758000027],[32.931137664000005,35.049973165999972],[32.931137702000001,35.049928151000017],[32.930917303000001,35.049813504999975],[32.930604007999989,35.049765609000019],[32.930337149000025,35.049698652000018],[32.930221180999979,35.049603151999975],[32.930209819000027,35.049316842999986],[32.930175238999993,35.049040064999986],[32.930094370999996,35.04861056499999],[32.929723465999984,35.048085463999996],[32.929491591999977,35.047827657000028],[32.929458689000001,35.047628551999992],[32.929180152000015,35.047657018999985],[32.928971241999989,35.047685526999999],[32.928727435999974,35.047809448999999],[32.928495191000025,35.047981092999976],[32.928158585999995,35.048057240999981],[32.927752285999986,35.048209693999979],[32.927438736999989,35.048457634999977],[32.927334115000008,35.048657983999988],[32.927333886999975,35.04891565600002],[32.927264148000006,35.049039678999975],[32.926950825000006,35.049029947000008],[32.926590969000017,35.049144249999983],[32.926289069999996,35.04933493499999],[32.925627398000017,35.049544486000002],[32.925046844000008,35.049878148000005],[32.924396619999982,35.05024993699999],[32.924001782000005,35.050535991999993],[32.923467447999997,35.051070085999982],[32.923200350000002,35.051260785000011],[32.922654642999987,35.051537197000016],[32.921923203999995,35.051861203999977],[32.921226620000027,35.052137512000002],[32.920571243999973,35.052399686999991],[32.92010531699998,35.052667788999997],[32.919665470999973,35.05296453699998],[32.91929961400001,35.053254175000006],[32.919025346000012,35.053343460999997],[32.918577051,35.053375370000026],[32.918307271999993,35.053325085999973],[32.917893884000023,35.053267547000019],[32.917610937999996,35.053328194000017],[32.917632502000004,35.053420730000028],[32.917597666000006,35.053542911000022],[32.917484246000015,35.053807662999986],[32.917305551000027,35.054065212000012],[32.917144350000001,35.054236166999999],[32.917126580000001,35.054594033000001],[32.917039292000027,35.054837329000009],[32.916882251999994,35.055195099000002],[32.916899281999974,35.055567302999975],[32.916672795000011,35.055738928999972],[32.916306919000021,35.056024977999982],[32.916132522999987,35.056325474999994],[32.916062521000015,35.056683303],[32.915905561999978,35.056955180999978],[32.915835571999992,35.057298693999996],[32.915939777999995,35.057542123000019],[32.916061070000012,35.058100495000019],[32.916021538999985,35.058611423000002],[32.916015968000011,35.058863040000006],[32.916154892000009,35.059206696999979],[32.916363165000007,35.05983670400002],[32.916919808999978,35.060295169000028],[32.917035526999996,35.060638809000011],[32.91701188899998,35.061058702000025],[32.91729002400001,35.061478801000021],[32.918079123999973,35.061632029999998],[32.918374729999982,35.061755697000024],[32.91854848600002,35.062101761999998],[32.919012415999987,35.062448019999977],[32.919432857000004,35.062758459000008],[32.919519708999985,35.062961313000017],[32.919417785999997,35.063331050999977],[32.919344797000008,35.063784312999985],[32.919257426999991,35.064106343999981],[32.919053997999981,35.064416368000025],[32.918937561000007,35.064786095999978],[32.919270960999995,35.065096477999987],[32.919343106999975,35.065502120000019],[32.919226740999989,35.06580027199999],[32.918979815,35.066074479000008],[32.919052077999993,35.066360829000018],[32.919342202999985,35.066420667999978],[32.919675902999984,35.066432818999999],[32.919835399000021,35.066540287999999],[32.919762503000015,35.066898115000015],[32.919747643999983,35.067255982000006],[32.919966057000011,35.067703471000016],[32.920633144000021,35.068061785999987],[32.922518747000026,35.068731040999978],[32.923766063000016,35.069280574999993],[32.924781283000016,35.06978223599998],[32.925564400999974,35.070236029],[32.925157492999972,35.070927671999982],[32.924680469999998,35.07151980499998],[32.924399869000013,35.071759632999999],[32.923772744000019,35.072067014000027],[32.922875879000003,35.072209596999983],[32.92133484499999,35.072258710000028],[32.920359715000018,35.072301019000008],[32.919506365000018,35.072450763000006],[32.918948944000022,35.072679433000019],[32.918278074999989,35.073172852000027],[32.917958598999974,35.07361754599998],[32.917946560000019,35.073667407000016],[32.917876856000021,35.073957593999978],[32.917895352000016,35.07396875400002],[32.918411669000022,35.074089646999994],[32.918596159000003,35.074123524000015],[32.918709920000026,35.074141220999991],[32.918766122000022,35.07419824599998],[32.918799497000009,35.074270430000013],[32.91880835500001,35.074356405999993],[32.918841874999998,35.07440434099999],[32.918869319000009,35.074483444999998],[32.918827491000002,35.074586595000028],[32.918900135000001,35.074737227000014],[32.91889206899998,35.074834239999973],[32.918798304000006,35.075042548999988],[32.918820922000009,35.075071741999977],[32.918851005000022,35.075129375000017],[32.918848817000026,35.075199992000023],[32.918828680999979,35.075282897000022],[32.918838156999982,35.075348397000027],[32.918881008000028,35.075411103000022],[32.918917712999985,35.075460604],[32.918909962999976,35.075501571000018],[32.918906214000003,35.075540701000023],[32.918887674000018,35.07559734199998],[32.91887729299998,35.075631696000016],[32.918877176000024,35.075653284999987],[32.91890229400002,35.075703482999984],[32.918913761999988,35.075725471999988],[32.918907859000001,35.075753629000019],[32.918900599999972,35.075780671000018],[32.918827323000016,35.075837863000004],[32.918775916000016,35.07588636700001],[32.918769865999991,35.075940848000016],[32.918798740999989,35.076041912999983],[32.918794294999998,35.076135916999988],[32.918778810999981,35.076204646999997],[32.918710277999992,35.076298080000015],[32.918687196000008,35.076377031999982],[32.918674500999998,35.076513820000002],[32.918694839000011,35.076634242000011],[32.918709610999997,35.076708917000019],[32.91871193999998,35.076781374000007],[32.918728951999981,35.076849832999983],[32.918759845000011,35.076907016000007],[32.918844057999991,35.076979724000012],[32.918903460000024,35.077027110000017],[32.918955260000018,35.077086909000002],[32.918991510000012,35.077140067000016],[32.919011273000024,35.077193546999979],[32.919018510000001,35.077259788999982],[32.919018180000023,35.077327844000024],[32.919008227000006,35.077361826000015],[32.918980816999976,35.077415158000008],[32.918935013000009,35.077497692999998],[32.918914565000023,35.077583961000016],[32.918917894000003,35.077633363000018],[32.918927483999994,35.077678016999982],[32.918954781000025,35.077739577999978],[32.918988796000008,35.077790543999981],[32.919065535000016,35.077844571000014],[32.919154764999973,35.077896082999985],[32.919168836999972,35.077930139999978],[32.919178945999988,35.077956879999988],[32.919181490000028,35.07798212900002],[32.919180462999975,35.078010661000008],[32.919179440999983,35.078129563000005],[32.919177691000016,35.078216997000027],[32.919176102999984,35.078265928000008],[32.919171924000011,35.078394779000007],[32.919158680999999,35.078556069000001],[32.919143313000006,35.078603582000028],[32.919062493000013,35.078660024999976],[32.918932236999979,35.078717021999978],[32.918851390999976,35.078775305000022],[32.918795262000003,35.07888047900002],[32.918621508999991,35.079187944000012],[32.918602933999978,35.07925448200001],[32.918603098000006,35.079296225999997],[32.918603732000008,35.079457161999983],[32.918604856999991,35.079594722000024],[32.918663908999974,35.079611872999976],[32.91864655400002,35.079720985999984],[32.918591462999984,35.079761078999979],[32.918543587999977,35.079795916000023],[32.918474265999976,35.079914671999973],[32.918473757000015,35.080018789000007],[32.918662589000007,35.080629169000019],[32.918704419999983,35.080956507999986],[32.918882886000006,35.081468689000019],[32.918787929000018,35.081646861000024],[32.918739910999989,35.081848961999981],[32.918663089000006,35.082021240000017],[32.918361499000014,35.082281995000017],[32.918432672999984,35.082529116999979],[32.918562201999976,35.082681234000006],[32.918879593999975,35.082896447999985],[32.91892267999998,35.082967973999985],[32.918964904000006,35.083212025000023],[32.918971859999999,35.083274511000013],[32.918935318000024,35.083345769999994],[32.918786483000019,35.083443450999994],[32.918560668999987,35.083746109000003],[32.918422679999992,35.083843816000012],[32.918316780999987,35.084039776999987],[32.918268726000008,35.084250815000019],[32.91833670699998,35.084408678999978],[32.918347159999996,35.084494968000001],[32.918306878999999,35.08459299499998],[32.918038066000008,35.084806290000017],[32.917841622000026,35.085019808000027],[32.917757567000024,35.085186097000019],[32.917659581999999,35.085245265000026],[32.917471116999991,35.08530711200001],[32.917403965000005,35.085479502999988],[32.917310863000012,35.085718512000028],[32.917295222999996,35.085758661999989],[32.917264950000003,35.086029241000006],[32.917231863999973,35.086139183],[32.917144431999986,35.086254896000014],[32.916878710999981,35.086575278999987],[32.916574191999985,35.086841327999991],[32.916481189000024,35.086842612999988],[32.916258227000014,35.086828047999973],[32.915959204999979,35.086882402000015],[32.915609400999983,35.086991947999991],[32.915259804000016,35.087059954999972],[32.914636429999973,35.087178967999989],[32.914487857999973,35.087444806999997],[32.914052351000009,35.087872252000011],[32.913807265999992,35.088078962999987],[32.913595602999976,35.088334217000011],[32.91335875499999,35.088579009],[32.913264842999979,35.088851945999977],[32.913259209999978,35.089139008000018],[32.913186387999986,35.089401615999975],[32.913037864999978,35.089657089000013],[32.912851470000021,35.089908956999977],[32.912541671999975,35.090437123000015],[32.91244801900001,35.09062942700001],[32.912235593999981,35.091065613000012],[32.912327138000023,35.091276904999972],[32.912418412000022,35.091540060999989],[32.912488283000016,35.091882716999976],[32.912562433000005,35.092208088000007],[32.912732405999975,35.092727485000012],[32.912806891999992,35.092983666999999],[32.912814770000011,35.093094378999979],[32.912674819000017,35.093315282999981],[32.912429588999998,35.093549662999976],[32.912306795999996,35.093697985999995],[32.912048953999999,35.093932318999975],[32.911805979999997,35.093703237],[32.911697644000014,35.093484968999974],[32.911729294999986,35.093038895999996],[32.911992312999985,35.092614346000005],[32.911753368000007,35.092426766000017],[32.911258788999987,35.092874768999991],[32.91123461799998,35.093507649000003],[32.910746410999991,35.093516383999997],[32.910429925000017,35.094238791000009],[32.910418618999984,35.094264615999975],[32.910213071999976,35.094605074000015],[32.910056472999997,35.094634155999984],[32.909875734000025,35.094504931000017],[32.909800797000003,35.09453540200002],[32.909891605999974,35.09465523199998],[32.909804813999983,35.094842749999998],[32.909743837999997,35.094856198999992],[32.909707622999974,35.094899333000001],[32.909655265000026,35.094845651000014],[32.909318294999991,35.094950375999986],[32.909198623999998,35.094510624000009],[32.908942695999997,35.094466510000018],[32.909016049000002,35.094234060000019],[32.909058862999984,35.09409843200001],[32.909083522999993,35.093982971000003],[32.909061226999995,35.093619756999999],[32.908861761000026,35.093345096999997],[32.908698189999996,35.093120059],[32.908551246000002,35.092882653999993],[32.908014990000027,35.092584250000016],[32.907921034000026,35.092390710000018],[32.907756329999984,35.092332542000008],[32.907662287999983,35.092235725000023],[32.907615769000017,35.091732665999984],[32.907415790000016,35.091645468000024],[32.907039366999982,35.091471050999985],[32.906427340999983,35.091509264000024],[32.906144913999981,35.091470362999985],[32.906050653000023,35.09156701400002],[32.905744683000023,35.091537757000026],[32.905473845000017,35.091663310999991],[32.905603137000014,35.091808518999983],[32.905602778999992,35.092118072999995],[32.904578543000014,35.092368764000014],[32.904084495999996,35.092145903000016],[32.903766726000015,35.092135971999994],[32.903543001999992,35.092232518999992],[32.903437052000015,35.092251794999981],[32.903472679999993,35.091980949999993],[32.903332126999999,35.091856942999982],[32.903330219999987,35.091858246000015],[32.903308080999977,35.091838713000016],[32.903309153000009,35.09183681899998],[32.903308084000003,35.091835731000003],[32.903309207999996,35.091836721999982],[32.903461390000018,35.091567961999999],[32.903755809000018,35.091423109999994],[32.903850241999976,35.091181333999998],[32.903591416999973,35.091084403000025],[32.903391376000002,35.091055223000012],[32.903144318999978,35.090987300999984],[32.903074241000013,35.090532602999986],[32.903333357999998,35.090358681999987],[32.903051049999988,35.090223030000004],[32.902780463999989,35.090135749000012],[32.90236883099999,35.08991292799999],[32.902027572000009,35.089873951000015],[32.901851113000021,35.08980610399999],[32.901733375999981,35.089835031000007],[32.901497913000014,35.089902543999983],[32.901333150000028,35.08990240899999],[32.900968186,35.090008516000012],[32.900826869000014,35.090076124999996],[32.900532521000002,35.090182287999994],[32.900320695000005,35.090162774000021],[32.90006179400001,35.090152880999995],[32.899944054999992,35.090181803999997],[32.899508174000005,35.09052969999999],[32.899284534999993,35.090558536000003],[32.898636773000021,35.090925575000028],[32.898366033000002,35.090964050000025],[32.898329618999981,35.091853984000011],[32.89682312299999,35.092897909999976],[32.895299179999995,35.092854380999995],[32.89322946499999,35.09445348600002],[32.893158599000003,35.094513579000022],[32.892226595000011,35.095304075000001],[32.892457953000019,35.095552956000006],[32.892547138999987,35.095803335000028],[32.892573879999986,35.09604219900001],[32.892624855000008,35.096236982999983],[32.892437206000011,35.096276418999992],[32.892308644000025,35.096296075999987],[32.892266769000003,35.096347159000004],[32.892249188999983,35.096398302000011],[32.892227788000014,35.096531871000025],[32.892210114000022,35.096600067999987],[32.892143910000016,35.09665963499998],[32.892032545000006,35.096719124000003],[32.891928334999989,35.096730294999986],[32.891678274000014,35.096749725999985],[32.891584387000023,35.096780814999988],[32.891499169999975,35.096858786999974],[32.891297529999974,35.096915260999992],[32.891262532999974,35.096983421000004],[32.891116558000022,35.097014424000008],[32.891008768000006,35.097051170999976],[32.890959812000006,35.097130682],[32.89071713300001,35.097039253999981],[32.890595800000028,35.096987848000026],[32.890401671000006,35.096907863000013],[32.890263102999995,35.096828008999978],[32.890183400000012,35.096785205000003],[32.890106995999986,35.096785059000013],[32.890037430999996,35.096813352000026],[32.889985068999977,35.096875806000014],[32.88994302499998,35.096963847999973],[32.889879426999983,35.097225295999976],[32.889875733999986,35.097282142999973],[32.889889144999984,35.097395873999972],[32.88988542300001,35.097455575000026],[32.889822698999978,35.097509473999992],[32.889767036000023,35.097532108999985],[32.88969410499999,35.097531962999994],[32.889576286000022,35.097469219000004],[32.889540941000007,35.09740519799999],[32.889545580999993,35.09712374999998],[32.889493819999984,35.09704121499999],[32.889418697999986,35.096725471000013],[32.889419153000006,35.096617422999998],[32.889416987999994,35.096298968999974],[32.889302558999987,35.096247548000008],[32.889132495000013,35.096215947000019],[32.889160032000007,35.096281386999976],[32.889156280999998,35.096346799999992],[32.889110861999995,35.096412095999995],[32.889055094000014,35.096460327999978],[32.888943604000019,35.096539742000004],[32.888845962999994,35.096636219999994],[32.888741381999978,35.096727002000023],[32.888647569,35.096738200000004],[32.888563084999987,35.096765011999992],[32.888486293000028,35.096855859000016],[32.888409679000006,35.096906886999989],[32.8883017,35.096974922000015],[32.888259898999991,35.097006114999999],[32.888207023999996,35.097199359000001],[32.888188888999991,35.09739267499998],[32.888167651999993,35.097489301999985],[32.888136094000004,35.097563155999978],[32.888059446,35.09761987600001],[32.887927132000016,35.097699229999989],[32.887860192000005,35.097771996000006],[32.887800834000018,35.097851495999976],[32.887786618999996,35.097928221000018],[32.887768665999999,35.09807602799998],[32.887677492000023,35.098294758999998],[32.887590326999998,35.098319600000025],[32.887589272000014,35.098319652999976],[32.887479605999999,35.098350907999986],[32.887416085999973,35.098514239999986],[32.887318440999991,35.098610698000016],[32.887241959999983,35.098630457000013],[32.887265879999973,35.098730002000025],[32.887241308,35.098792499000012],[32.887244384999974,35.098892003999993],[32.887205574000006,35.099048260000018],[32.887153238999986,35.099105022000003],[32.887027418000002,35.099220090000017],[32.886888079000016,35.09931932500001],[32.886838845,35.099475573000007],[32.88680040600002,35.099532346999979],[32.886744233999991,35.099682898000026],[32.886750445000018,35.099870484999997],[32.886774278000019,35.099998425000024],[32.886850095,35.100219381999977],[32.886918772000001,35.100424121000003],[32.887001097999985,35.100688538999975],[32.887094365999985,35.100816581000004],[32.887108049999995,35.100867752999989],[32.887087018999978,35.100916018000021],[32.887034749000009,35.100961397999981],[32.88692692699999,35.100998161000007],[32.886885047000021,35.101049241999988],[32.886881451000022,35.101086179999982],[32.886901164999983,35.101181671999996],[32.886997623000013,35.101377889999981],[32.887125304999984,35.101591191000011],[32.887069638000014,35.101613825000015],[32.886920440999972,35.101576645000023]],[[33.274774881999974,34.839662501000021],[33.274778649999973,34.839662492000002],[33.274773396000001,34.839662170999986],[33.274774881999974,34.839662501000021]],[[33.030684601000019,35.050939009999979],[33.03058693600002,35.050898754000002],[33.030654676999973,35.05100619000001],[33.030684601000019,35.050939009999979]]]},"properties":{"objectid":1121954,"site_id":555596201,"site_pid":"555596201","site_type":"PA","name_eng":"Troodos UNESCO GLOBAL Geopark","name":"Troodos UNESCO GLOBAL Geopark","desig":"Γεωπάρκο UNESCO","desig_eng":"UNESCO Global Geopark","desig_type":"National","iucn_cat":"VI","int_crit":"Not Applicable","realm":"Terrestrial","rep_m_area":0,"gis_m_area":0,"rep_area":1149.8014843800001,"gis_area":1149.80149964,"no_take":"Not Applicable","no_tk_area":0,"status":"Designated","status_yr":2015,"gov_type":"Federal or national ministry or agency","verif":"State Verified","inlnd_wtrs":"Not Reported","own_type":"Not Reported","mang_auth":"Geological Department","mang_plan":"Not Reported","cons_obj":"Not Applicable","supp_info":"Not Applicable","metadataid":2013,"prnt_iso3":"CYP","iso3":"CYP","govsubtype":"Not Applicable","ownsubtype":"Not Applicable","oecm_asmt":"Not Applicable","Shape__Area":0.11346649028533869,"Shape__Length":2.7215447150698013}}]}