{
  "type": "FeatureCollection",
  "generator": "overpass-turbo",
  "copyright": "The data included in this document is from www.openstreetmap.org. The data is made available under ODbL.",
  "timestamp": "2026-08-26T20:49:52Z",
  "features": [
    {
      "type": "Feature",
      "properties": {
        "@id": "relation/14980210",
        "boundary": "protected_area",
        "leisure": "nature_reserve",
        "name:en": "Troodos National Forest Park",
        "operator": "Department of Forests",
        "protect_class": "97",
        "ref:natura2000": "5000004",
        "type": "multipolygon",
        "wikidata": "Q128410083"
      },
      "geometry": {
        "type": "MultiPolygon",
        "coordinates": [
          [
            [
              [
                32.8448346,
                34.9739064
              ],
              [
                32.8451759,
                34.974716
              ],
              [
                32.8453188,
                34.9746774
              ],
              [
                32.8453967,
                34.9748576
              ],
              [
                32.8453851,
                34.9749663
              ],
              [
                32.8454228,
                34.9751176
              ],
              [
                32.8454768,
                34.9752976
              ],
              [
                32.8455221,
                34.9754051
              ],
              [
                32.8458495,
                34.9757166
              ],
              [
                32.8458575,
                34.9759075
              ],
              [
                32.8460098,
                34.9761049
              ],
              [
                32.8461047,
                34.9761083
              ],
              [
                32.8461366,
                34.9762554
              ],
              [
                32.8457149,
                34.9761721
              ],
              [
                32.8457786,
                34.976397
              ],
              [
                32.845789,
                34.9765178
              ],
              [
                32.8456994,
                34.9768369
              ],
              [
                32.845718,
                34.9772327
              ],
              [
                32.8456987,
                34.977549
              ],
              [
                32.8456948,
                34.9777661
              ],
              [
                32.8458041,
                34.9784108
              ],
              [
                32.8458294,
                34.9785189
              ],
              [
                32.8457637,
                34.9785539
              ],
              [
                32.8456713,
                34.9785112
              ],
              [
                32.8456195,
                34.9784628
              ],
              [
                32.8454419,
                34.9784407
              ],
              [
                32.8454164,
                34.978355
              ],
              [
                32.8452269,
                34.9783347
              ],
              [
                32.8450059,
                34.9782326
              ],
              [
                32.8449859,
                34.9782179
              ],
              [
                32.8449743,
                34.9781929
              ],
              [
                32.8450038,
                34.9781334
              ],
              [
                32.8450406,
                34.9781019
              ],
              [
                32.8449818,
                34.9779749
              ],
              [
                32.8449609,
                34.9779712
              ],
              [
                32.8448074,
                34.9779892
              ],
              [
                32.8446233,
                34.9779955
              ],
              [
                32.8444398,
                34.9779033
              ],
              [
                32.8444583,
                34.9777841
              ],
              [
                32.8445161,
                34.9776287
              ],
              [
                32.844524,
                34.9775366
              ],
              [
                32.8444784,
                34.9774684
              ],
              [
                32.8442291,
                34.977413
              ],
              [
                32.8440019,
                34.9770049
              ],
              [
                32.8438565,
                34.9770625
              ],
              [
                32.8436782,
                34.9771041
              ],
              [
                32.8435643,
                34.9771052
              ],
              [
                32.8434298,
                34.9768727
              ],
              [
                32.8433434,
                34.9768829
              ],
              [
                32.843325,
                34.9769025
              ],
              [
                32.8432531,
                34.9766226
              ],
              [
                32.8430613,
                34.9764557
              ],
              [
                32.8430051,
                34.976333
              ],
              [
                32.8430016,
                34.9763043
              ],
              [
                32.843017,
                34.9761835
              ],
              [
                32.8429167,
                34.9760546
              ],
              [
                32.8427024,
                34.9759692
              ],
              [
                32.8426186,
                34.9758646
              ],
              [
                32.8425177,
                34.975837
              ],
              [
                32.8424994,
                34.9758263
              ],
              [
                32.8424812,
                34.9758066
              ],
              [
                32.8424527,
                34.9756599
              ],
              [
                32.8424904,
                34.9754787
              ],
              [
                32.8425743,
                34.9752569
              ],
              [
                32.8426497,
                34.9752285
              ],
              [
                32.8427676,
                34.9751685
              ],
              [
                32.8427898,
                34.9751459
              ],
              [
                32.8427426,
                34.975043
              ],
              [
                32.8426324,
                34.9750486
              ],
              [
                32.8425242,
                34.9750225
              ],
              [
                32.8423579,
                34.9748949
              ],
              [
                32.8423848,
                34.9746864
              ],
              [
                32.8422895,
                34.9746009
              ],
              [
                32.8423106,
                34.9745018
              ],
              [
                32.8423165,
                34.9744338
              ],
              [
                32.8423631,
                34.9743131
              ],
              [
                32.8423871,
                34.974292
              ],
              [
                32.842549,
                34.9742216
              ],
              [
                32.8426928,
                34.974124
              ],
              [
                32.8427698,
                34.974153
              ],
              [
                32.8428358,
                34.9741593
              ],
              [
                32.8429222,
                34.974146
              ],
              [
                32.8430989,
                34.9740727
              ],
              [
                32.8433175,
                34.9740448
              ],
              [
                32.8433343,
                34.9739912
              ],
              [
                32.8436238,
                34.9737778
              ],
              [
                32.8438627,
                34.9737469
              ],
              [
                32.8440105,
                34.9736893
              ],
              [
                32.844162,
                34.9737375
              ],
              [
                32.8443461,
                34.9737848
              ],
              [
                32.8444206,
                34.9738792
              ],
              [
                32.8448346,
                34.9739064
              ]
            ]
          ],
          [
            [
              [
                32.875968,
                34.8900442
              ],
              [
                32.8761162,
                34.8900369
              ],
              [
                32.8762054,
                34.8899827
              ],
              [
                32.8762764,
                34.8899199
              ],
              [
                32.8763258,
                34.889863
              ],
              [
                32.8763701,
                34.889773
              ],
              [
                32.8767067,
                34.8895891
              ],
              [
                32.8779524,
                34.8895795
              ],
              [
                32.8785481,
                34.8895613
              ],
              [
                32.8794745,
                34.8895457
              ],
              [
                32.8800884,
                34.8895101
              ],
              [
                32.8808176,
                34.8889681
              ],
              [
                32.8813696,
                34.8891442
              ],
              [
                32.881668,
                34.8892332
              ],
              [
                32.8822733,
                34.8893272
              ],
              [
                32.8832288,
                34.8900434
              ],
              [
                32.8832968,
                34.8901569
              ],
              [
                32.884269,
                34.8907987
              ],
              [
                32.8850592,
                34.8912945
              ],
              [
                32.8854218,
                34.8907658
              ],
              [
                32.8855326,
                34.8907637
              ],
              [
                32.8856198,
                34.8907424
              ],
              [
                32.8856821,
                34.8907064
              ],
              [
                32.8857423,
                34.8906569
              ],
              [
                32.8857941,
                34.8905519
              ],
              [
                32.8858085,
                34.8904683
              ],
              [
                32.88585,
                34.890365
              ],
              [
                32.886077,
                34.8900708
              ],
              [
                32.8861057,
                34.8900523
              ],
              [
                32.8865367,
                34.890041
              ],
              [
                32.8868608,
                34.8900767
              ],
              [
                32.88685,
                34.8902306
              ],
              [
                32.8874732,
                34.8903204
              ],
              [
                32.8874724,
                34.8903909
              ],
              [
                32.8897541,
                34.8903754
              ],
              [
                32.8860772,
                34.8879641
              ],
              [
                32.8848816,
                34.8869141
              ],
              [
                32.8854362,
                34.8854549
              ],
              [
                32.8874097,
                34.8864093
              ],
              [
                32.8906197,
                34.8845358
              ],
              [
                32.8922768,
                34.8803402
              ],
              [
                32.8920216,
                34.8799236
              ],
              [
                32.8933183,
                34.8789245
              ],
              [
                32.8948695,
                34.8777184
              ],
              [
                32.897167,
                34.8786037
              ],
              [
                32.8986261,
                34.8798723
              ],
              [
                32.8989032,
                34.8796549
              ],
              [
                32.9005336,
                34.8784118
              ],
              [
                32.9024482,
                34.8769696
              ],
              [
                32.902617,
                34.8769288
              ],
              [
                32.9032898,
                34.876819
              ],
              [
                32.9037429,
                34.8766101
              ],
              [
                32.904868,
                34.8767763
              ],
              [
                32.9055513,
                34.8769138
              ],
              [
                32.9068497,
                34.8769024
              ],
              [
                32.9071369,
                34.8769322
              ],
              [
                32.9072896,
                34.8770492
              ],
              [
                32.9072965,
                34.8771236
              ],
              [
                32.907273,
                34.8771519
              ],
              [
                32.9072744,
                34.8772404
              ],
              [
                32.9072916,
                34.8772906
              ],
              [
                32.907313,
                34.8774474
              ],
              [
                32.9073154,
                34.8775133
              ],
              [
                32.9072944,
                34.8775673
              ],
              [
                32.9072393,
                34.8776342
              ],
              [
                32.9071851,
                34.8776772
              ],
              [
                32.9066381,
                34.8779912
              ],
              [
                32.9064575,
                34.8780596
              ],
              [
                32.9062951,
                34.8780647
              ],
              [
                32.9062362,
                34.8780861
              ],
              [
                32.9062063,
                34.8781083
              ],
              [
                32.9060104,
                34.8784166
              ],
              [
                32.9059688,
                34.8784603
              ],
              [
                32.9058956,
                34.8785048
              ],
              [
                32.9057874,
                34.8785368
              ],
              [
                32.905498,
                34.8785731
              ],
              [
                32.9053887,
                34.8785928
              ],
              [
                32.9053065,
                34.8786188
              ],
              [
                32.9052143,
                34.8786648
              ],
              [
                32.9051428,
                34.8787137
              ],
              [
                32.9050706,
                34.8787973
              ],
              [
                32.9050136,
                34.8788719
              ],
              [
                32.9049581,
                34.8789668
              ],
              [
                32.9049526,
                34.879003
              ],
              [
                32.9049722,
                34.8790612
              ],
              [
                32.9050089,
                34.8791147
              ],
              [
                32.9051853,
                34.8793581
              ],
              [
                32.9053602,
                34.8795709
              ],
              [
                32.9054223,
                34.8796387
              ],
              [
                32.9056219,
                34.8798317
              ],
              [
                32.9060093,
                34.8802689
              ],
              [
                32.9063339,
                34.880601
              ],
              [
                32.9064002,
                34.8806954
              ],
              [
                32.90644,
                34.880734
              ],
              [
                32.9066854,
                34.8807987
              ],
              [
                32.9067776,
                34.8808298
              ],
              [
                32.9068558,
                34.8808884
              ],
              [
                32.9069394,
                34.8809638
              ],
              [
                32.9069662,
                34.8810199
              ],
              [
                32.9071001,
                34.881209
              ],
              [
                32.9071557,
                34.881324
              ],
              [
                32.9071524,
                34.8813936
              ],
              [
                32.907105,
                34.8815759
              ],
              [
                32.9068356,
                34.8820602
              ],
              [
                32.906833,
                34.8821102
              ],
              [
                32.9074271,
                34.8815595
              ],
              [
                32.9073001,
                34.8811035
              ],
              [
                32.9071101,
                34.880941
              ],
              [
                32.9068375,
                34.8806628
              ],
              [
                32.90674,
                34.8803004
              ],
              [
                32.9066995,
                34.880218
              ],
              [
                32.9065868,
                34.8800931
              ],
              [
                32.9065459,
                34.8799896
              ],
              [
                32.9064445,
                34.8797969
              ],
              [
                32.9062877,
                34.8794492
              ],
              [
                32.9061354,
                34.879069
              ],
              [
                32.9063844,
                34.8788823
              ],
              [
                32.9066767,
                34.8787834
              ],
              [
                32.9069598,
                34.8787379
              ],
              [
                32.9073947,
                34.8786524
              ],
              [
                32.9077245,
                34.878653
              ],
              [
                32.9083459,
                34.8788594
              ],
              [
                32.9085152,
                34.8786885
              ],
              [
                32.9086339,
                34.8785437
              ],
              [
                32.9088286,
                34.8782779
              ],
              [
                32.9091047,
                34.8779508
              ],
              [
                32.9091561,
                34.8777611
              ],
              [
                32.9091919,
                34.8777149
              ],
              [
                32.9093047,
                34.8776257
              ],
              [
                32.9095424,
                34.8775372
              ],
              [
                32.9099647,
                34.8775375
              ],
              [
                32.9102884,
                34.8773783
              ],
              [
                32.9103472,
                34.8772806
              ],
              [
                32.9103939,
                34.8772871
              ],
              [
                32.9113301,
                34.8773571
              ],
              [
                32.912986,
                34.8774958
              ],
              [
                32.9160638,
                34.8777444
              ],
              [
                32.9173382,
                34.8760363
              ],
              [
                32.9179941,
                34.8751431
              ],
              [
                32.9199996,
                34.8769492
              ],
              [
                32.9204111,
                34.8773556
              ],
              [
                32.920749,
                34.8776452
              ],
              [
                32.9210452,
                34.8776873
              ],
              [
                32.9226743,
                34.8778996
              ],
              [
                32.923311,
                34.877993
              ],
              [
                32.9246612,
                34.8796777
              ],
              [
                32.924964,
                34.880059
              ],
              [
                32.9251012,
                34.8802464
              ],
              [
                32.9252591,
                34.880359
              ],
              [
                32.9255504,
                34.8805356
              ],
              [
                32.9262471,
                34.8809753
              ],
              [
                32.9263662,
                34.8823373
              ],
              [
                32.9249912,
                34.8859177
              ],
              [
                32.9260258,
                34.8905607
              ],
              [
                32.9270049,
                34.8911584
              ],
              [
                32.9277361,
                34.8915789
              ],
              [
                32.9293576,
                34.8925727
              ],
              [
                32.9300775,
                34.8921706
              ],
              [
                32.930527,
                34.8922164
              ],
              [
                32.9305882,
                34.8924886
              ],
              [
                32.930563,
                34.8925012
              ],
              [
                32.9305394,
                34.8925305
              ],
              [
                32.9303537,
                34.8928149
              ],
              [
                32.9302734,
                34.8929666
              ],
              [
                32.9301965,
                34.8930775
              ],
              [
                32.9301652,
                34.8931796
              ],
              [
                32.9301439,
                34.8932926
              ],
              [
                32.9300135,
                34.8933156
              ],
              [
                32.9300575,
                34.8936157
              ],
              [
                32.930446,
                34.894305
              ],
              [
                32.9306426,
                34.894306
              ],
              [
                32.9307703,
                34.8944366
              ],
              [
                32.9307832,
                34.8944706
              ],
              [
                32.9307859,
                34.894504
              ],
              [
                32.9307744,
                34.8945373
              ],
              [
                32.9307733,
                34.894656
              ],
              [
                32.9307463,
                34.8947304
              ],
              [
                32.9305769,
                34.8948929
              ],
              [
                32.9305321,
                34.8949187
              ],
              [
                32.9303419,
                34.89492
              ],
              [
                32.9302689,
                34.894944
              ],
              [
                32.9302444,
                34.894963
              ],
              [
                32.9300827,
                34.8951634
              ],
              [
                32.9299828,
                34.8952443
              ],
              [
                32.9299553,
                34.8952617
              ],
              [
                32.9299046,
                34.8952796
              ],
              [
                32.9296845,
                34.8953401
              ],
              [
                32.9296145,
                34.8953561
              ],
              [
                32.9294586,
                34.8953717
              ],
              [
                32.9293867,
                34.8953838
              ],
              [
                32.929143,
                34.8954759
              ],
              [
                32.9290891,
                34.8955134
              ],
              [
                32.9289919,
                34.8956339
              ],
              [
                32.9287009,
                34.8955137
              ],
              [
                32.9283744,
                34.8958987
              ],
              [
                32.9281052,
                34.8959047
              ],
              [
                32.9275998,
                34.8969224
              ],
              [
                32.926866,
                34.8969685
              ],
              [
                32.9254077,
                34.8970453
              ],
              [
                32.9245446,
                34.897084
              ],
              [
                32.9251352,
                34.8983468
              ],
              [
                32.9303582,
                34.8991581
              ],
              [
                32.9304097,
                34.8991783
              ],
              [
                32.9307924,
                34.899402
              ],
              [
                32.9313174,
                34.8997245
              ],
              [
                32.9321308,
                34.8997832
              ],
              [
                32.9347991,
                34.9000001
              ],
              [
                32.9352391,
                34.9014387
              ],
              [
                32.9370796,
                34.9011063
              ],
              [
                32.936254,
                34.9019076
              ],
              [
                32.9359374,
                34.901999
              ],
              [
                32.9359799,
                34.9022197
              ],
              [
                32.9363303,
                34.9024317
              ],
              [
                32.9366951,
                34.9026678
              ],
              [
                32.9382818,
                34.9017849
              ],
              [
                32.9394106,
                34.9011693
              ],
              [
                32.9415814,
                34.903185
              ],
              [
                32.9417328,
                34.9042871
              ],
              [
                32.9418739,
                34.9053974
              ],
              [
                32.9419671,
                34.9059501
              ],
              [
                32.9421135,
                34.9094231
              ],
              [
                32.9409222,
                34.910639
              ],
              [
                32.9407601,
                34.9120802
              ],
              [
                32.9391993,
                34.9139152
              ],
              [
                32.9364815,
                34.912646
              ],
              [
                32.9347281,
                34.9104478
              ],
              [
                32.9340794,
                34.9101832
              ],
              [
                32.9327753,
                34.9096767
              ],
              [
                32.9309441,
                34.9084887
              ],
              [
                32.9308402,
                34.9082998
              ],
              [
                32.9306904,
                34.9086143
              ],
              [
                32.9304337,
                34.908436
              ],
              [
                32.9299727,
                34.9086484
              ],
              [
                32.9296322,
                34.9087537
              ],
              [
                32.9286347,
                34.9090994
              ],
              [
                32.9286727,
                34.9091507
              ],
              [
                32.9287018,
                34.9092023
              ],
              [
                32.928654,
                34.9092506
              ],
              [
                32.9293847,
                34.9098032
              ],
              [
                32.9301743,
                34.9102434
              ],
              [
                32.930677,
                34.9104021
              ],
              [
                32.9304711,
                34.910424
              ],
              [
                32.9303505,
                34.9104479
              ],
              [
                32.9302368,
                34.9104815
              ],
              [
                32.9296795,
                34.9110573
              ],
              [
                32.9298652,
                34.9114048
              ],
              [
                32.9296152,
                34.9122667
              ],
              [
                32.9294852,
                34.9126654
              ],
              [
                32.9280358,
                34.9141245
              ],
              [
                32.9290428,
                34.9149309
              ],
              [
                32.9297921,
                34.9155237
              ],
              [
                32.9305431,
                34.9154792
              ],
              [
                32.9319231,
                34.915385
              ],
              [
                32.9312903,
                34.9166356
              ],
              [
                32.9308775,
                34.9176307
              ],
              [
                32.9313148,
                34.9189467
              ],
              [
                32.9315003,
                34.9194344
              ],
              [
                32.930616,
                34.9202896
              ],
              [
                32.9305863,
                34.9203121
              ],
              [
                32.9305546,
                34.9203239
              ],
              [
                32.9304375,
                34.9204033
              ],
              [
                32.9304419,
                34.920403
              ],
              [
                32.930005,
                34.9208
              ],
              [
                32.9288802,
                34.9205931
              ],
              [
                32.9277715,
                34.9212982
              ],
              [
                32.92713,
                34.9220784
              ],
              [
                32.9302507,
                34.9220624
              ],
              [
                32.9321175,
                34.9224368
              ],
              [
                32.9331254,
                34.9234168
              ],
              [
                32.9327674,
                34.9243464
              ],
              [
                32.9350533,
                34.9243389
              ],
              [
                32.934827,
                34.9249097
              ],
              [
                32.9346324,
                34.9255817
              ],
              [
                32.9345133,
                34.92596
              ],
              [
                32.9344774,
                34.9262406
              ],
              [
                32.9344812,
                34.9263939
              ],
              [
                32.9345048,
                34.9266093
              ],
              [
                32.9346152,
                34.9273532
              ],
              [
                32.9346428,
                34.9275163
              ],
              [
                32.9347178,
                34.9277839
              ],
              [
                32.9347613,
                34.9279111
              ],
              [
                32.9348028,
                34.9279936
              ],
              [
                32.9346207,
                34.9290904
              ],
              [
                32.9345552,
                34.929485
              ],
              [
                32.9331054,
                34.9305628
              ],
              [
                32.9319777,
                34.93111
              ],
              [
                32.9336665,
                34.9323377
              ],
              [
                32.9330005,
                34.9325454
              ],
              [
                32.9322873,
                34.9325121
              ],
              [
                32.931362,
                34.9344375
              ],
              [
                32.9308095,
                34.9354889
              ],
              [
                32.929863,
                34.9376518
              ],
              [
                32.9341281,
                34.9373943
              ],
              [
                32.9330999,
                34.9386601
              ],
              [
                32.932789,
                34.9388575
              ],
              [
                32.9323694,
                34.9386071
              ],
              [
                32.9319807,
                34.9384894
              ],
              [
                32.9316681,
                34.9384187
              ],
              [
                32.931625,
                34.9382839
              ],
              [
                32.9310749,
                34.9384246
              ],
              [
                32.9311472,
                34.938571
              ],
              [
                32.9309596,
                34.9389648
              ],
              [
                32.9311949,
                34.9391922
              ],
              [
                32.9313421,
                34.9391771
              ],
              [
                32.9313284,
                34.9392359
              ],
              [
                32.9302137,
                34.9399845
              ],
              [
                32.9306332,
                34.9401225
              ],
              [
                32.9300605,
                34.9409354
              ],
              [
                32.9306417,
                34.9407626
              ],
              [
                32.9310491,
                34.9406658
              ],
              [
                32.9311713,
                34.9406003
              ],
              [
                32.9312696,
                34.9403533
              ],
              [
                32.9312842,
                34.9403025
              ],
              [
                32.9314235,
                34.9400903
              ],
              [
                32.931499,
                34.9399493
              ],
              [
                32.9315521,
                34.9398454
              ],
              [
                32.9315981,
                34.9397196
              ],
              [
                32.9316316,
                34.9396457
              ],
              [
                32.931668,
                34.9396034
              ],
              [
                32.9318438,
                34.9394804
              ],
              [
                32.9319109,
                34.9394391
              ],
              [
                32.9319555,
                34.9393991
              ],
              [
                32.9319845,
                34.9393577
              ],
              [
                32.9323287,
                34.9396128
              ],
              [
                32.9317341,
                34.9403519
              ],
              [
                32.9316996,
                34.9403756
              ],
              [
                32.9316751,
                34.9404124
              ],
              [
                32.931577,
                34.9405241
              ],
              [
                32.9314573,
                34.940647
              ],
              [
                32.9313035,
                34.9408207
              ],
              [
                32.9312152,
                34.9410251
              ],
              [
                32.9310762,
                34.941183
              ],
              [
                32.9309776,
                34.9413134
              ],
              [
                32.9306938,
                34.9416339
              ],
              [
                32.9303678,
                34.9420475
              ],
              [
                32.9302652,
                34.9422085
              ],
              [
                32.9303901,
                34.9424217
              ],
              [
                32.9303975,
                34.9426179
              ],
              [
                32.9303949,
                34.9426344
              ],
              [
                32.9303638,
                34.9426627
              ],
              [
                32.9303095,
                34.9426904
              ],
              [
                32.9302311,
                34.9427115
              ],
              [
                32.9301619,
                34.9427221
              ],
              [
                32.92997,
                34.9427146
              ],
              [
                32.9298841,
                34.9427151
              ],
              [
                32.9298291,
                34.9427087
              ],
              [
                32.9297368,
                34.9426835
              ],
              [
                32.9296577,
                34.9426674
              ],
              [
                32.929514,
                34.94266
              ],
              [
                32.9294235,
                34.9426646
              ],
              [
                32.9293216,
                34.9426776
              ],
              [
                32.9292198,
                34.9426954
              ],
              [
                32.929114,
                34.9427424
              ],
              [
                32.9290581,
                34.9427777
              ],
              [
                32.928973,
                34.9428571
              ],
              [
                32.92881,
                34.9430802
              ],
              [
                32.928819,
                34.9431856
              ],
              [
                32.9288116,
                34.9432279
              ],
              [
                32.9287839,
                34.9432673
              ],
              [
                32.9287594,
                34.9432936
              ],
              [
                32.9287166,
                34.9433237
              ],
              [
                32.9286717,
                34.9433346
              ],
              [
                32.9286516,
                34.9433361
              ],
              [
                32.9285978,
                34.9434281
              ],
              [
                32.9285065,
                34.9435518
              ],
              [
                32.9282942,
                34.9439201
              ],
              [
                32.9282282,
                34.9440375
              ],
              [
                32.9282168,
                34.9441051
              ],
              [
                32.9281795,
                34.9441588
              ],
              [
                32.9281081,
                34.9442307
              ],
              [
                32.9280604,
                34.9442855
              ],
              [
                32.9279747,
                34.9444239
              ],
              [
                32.9277066,
                34.9446493
              ],
              [
                32.9274928,
                34.9448077
              ],
              [
                32.9273047,
                34.9449208
              ],
              [
                32.9271778,
                34.944981
              ],
              [
                32.9269224,
                34.9451284
              ],
              [
                32.9265862,
                34.9452665
              ],
              [
                32.9264067,
                34.9453556
              ],
              [
                32.9263236,
                34.9454009
              ],
              [
                32.9262397,
                34.9454565
              ],
              [
                32.926161,
                34.9455411
              ],
              [
                32.9260339,
                34.9457466
              ],
              [
                32.9259995,
                34.9458733
              ],
              [
                32.9259946,
                34.9459615
              ],
              [
                32.9259993,
                34.9460172
              ],
              [
                32.9260375,
                34.9461249
              ],
              [
                32.9261002,
                34.9462381
              ],
              [
                32.9261554,
                34.9463273
              ],
              [
                32.9262274,
                34.9464191
              ],
              [
                32.9262746,
                34.9464582
              ],
              [
                32.9263971,
                34.9465283
              ],
              [
                32.9265784,
                34.9465788
              ],
              [
                32.926715,
                34.9465895
              ],
              [
                32.9269351,
                34.9465944
              ],
              [
                32.9270524,
                34.9465708
              ],
              [
                32.9271748,
                34.9465373
              ],
              [
                32.9273476,
                34.9464647
              ],
              [
                32.9275883,
                34.9463389
              ],
              [
                32.9276957,
                34.9462744
              ],
              [
                32.9278266,
                34.9462042
              ],
              [
                32.9281525,
                34.9460455
              ],
              [
                32.9284065,
                34.945953
              ],
              [
                32.9285968,
                34.9459009
              ],
              [
                32.9287231,
                34.9458703
              ],
              [
                32.9288737,
                34.945864
              ],
              [
                32.9290994,
                34.9458988
              ],
              [
                32.9293197,
                34.9459838
              ],
              [
                32.9294726,
                34.9460782
              ],
              [
                32.9295817,
                34.9461655
              ],
              [
                32.9296586,
                34.9462443
              ],
              [
                32.9297158,
                34.9463237
              ],
              [
                32.9297639,
                34.9464264
              ],
              [
                32.9297998,
                34.946532
              ],
              [
                32.9298166,
                34.9466345
              ],
              [
                32.9298161,
                34.9467183
              ],
              [
                32.9297877,
                34.9468348
              ],
              [
                32.9297665,
                34.9468899
              ],
              [
                32.9297518,
                34.946944
              ],
              [
                32.9297165,
                34.9469822
              ],
              [
                32.9297035,
                34.9470304
              ],
              [
                32.9296491,
                34.9471195
              ],
              [
                32.9295588,
                34.9473441
              ],
              [
                32.9294756,
                34.9475144
              ],
              [
                32.9293437,
                34.9478239
              ],
              [
                32.9292337,
                34.9479893
              ],
              [
                32.9291489,
                34.9481386
              ],
              [
                32.9289857,
                34.9483856
              ],
              [
                32.9288938,
                34.9485047
              ],
              [
                32.9287343,
                34.9486959
              ],
              [
                32.9286311,
                34.9487959
              ],
              [
                32.9285036,
                34.9489063
              ],
              [
                32.9283382,
                34.9490352
              ],
              [
                32.9283232,
                34.949052
              ],
              [
                32.9282366,
                34.9491135
              ],
              [
                32.928131,
                34.9491783
              ],
              [
                32.9280302,
                34.9492498
              ],
              [
                32.9279035,
                34.9493566
              ],
              [
                32.9278229,
                34.9494131
              ],
              [
                32.9274039,
                34.9496199
              ],
              [
                32.9264828,
                34.9500291
              ],
              [
                32.9261096,
                34.9502347
              ],
              [
                32.9258843,
                34.9504332
              ],
              [
                32.925654,
                34.9507363
              ],
              [
                32.9255847,
                34.9509819
              ],
              [
                32.9255714,
                34.9511871
              ],
              [
                32.9255721,
                34.9513353
              ],
              [
                32.9256115,
                34.9515137
              ],
              [
                32.9256816,
                34.9516963
              ],
              [
                32.925786,
                34.9518492
              ],
              [
                32.9260348,
                34.9520793
              ],
              [
                32.9263216,
                34.9522627
              ],
              [
                32.9266042,
                34.9523843
              ],
              [
                32.926625,
                34.9523979
              ],
              [
                32.9268525,
                34.9524671
              ],
              [
                32.9269412,
                34.9524977
              ],
              [
                32.9270451,
                34.9525403
              ],
              [
                32.9274591,
                34.9526874
              ],
              [
                32.9275959,
                34.9527463
              ],
              [
                32.9278329,
                34.9528738
              ],
              [
                32.9280431,
                34.9530456
              ],
              [
                32.928147,
                34.9531597
              ],
              [
                32.9283023,
                34.9533891
              ],
              [
                32.9283866,
                34.9536211
              ],
              [
                32.9284307,
                34.9537896
              ],
              [
                32.9284354,
                34.9539713
              ],
              [
                32.928395,
                34.9542073
              ],
              [
                32.9282985,
                34.9544249
              ],
              [
                32.9281709,
                34.9546347
              ],
              [
                32.9280074,
                34.9548168
              ],
              [
                32.9277874,
                34.9549913
              ],
              [
                32.9274982,
                34.955171
              ],
              [
                32.9252629,
                34.9563163
              ],
              [
                32.9249777,
                34.9564495
              ],
              [
                32.924905,
                34.9565002
              ],
              [
                32.9234218,
                34.9572616
              ],
              [
                32.9231688,
                34.9573994
              ],
              [
                32.9228715,
                34.957629
              ],
              [
                32.9226254,
                34.9579051
              ],
              [
                32.9224326,
                34.958202
              ],
              [
                32.9223521,
                34.9583721
              ],
              [
                32.9222857,
                34.9585736
              ],
              [
                32.9222489,
                34.9587722
              ],
              [
                32.9222437,
                34.958971
              ],
              [
                32.9222645,
                34.9591457
              ],
              [
                32.9222988,
                34.9593159
              ],
              [
                32.9223562,
                34.9594752
              ],
              [
                32.9224727,
                34.9597297
              ],
              [
                32.9225918,
                34.9599279
              ],
              [
                32.9227483,
                34.960113
              ],
              [
                32.9229764,
                34.9603088
              ],
              [
                32.9231962,
                34.960465
              ],
              [
                32.9237858,
                34.960783
              ],
              [
                32.9241361,
                34.960893
              ],
              [
                32.9250245,
                34.9612388
              ],
              [
                32.9252126,
                34.9613396
              ],
              [
                32.9254492,
                34.9614513
              ],
              [
                32.9256716,
                34.9615702
              ],
              [
                32.925894,
                34.9617198
              ],
              [
                32.9260179,
                34.9618309
              ],
              [
                32.9261914,
                34.962
              ],
              [
                32.9263641,
                34.9622066
              ],
              [
                32.9264656,
                34.9623708
              ],
              [
                32.9265264,
                34.9625191
              ],
              [
                32.9265515,
                34.962621
              ],
              [
                32.9265724,
                34.9628084
              ],
              [
                32.926566,
                34.9629665
              ],
              [
                32.9265229,
                34.9632198
              ],
              [
                32.9264791,
                34.963369
              ],
              [
                32.9264131,
                34.9635484
              ],
              [
                32.9263609,
                34.9636558
              ],
              [
                32.9261577,
                34.9638947
              ],
              [
                32.9260908,
                34.9639609
              ],
              [
                32.9257565,
                34.9642225
              ],
              [
                32.9256299,
                34.9642971
              ],
              [
                32.9252646,
                34.964446
              ],
              [
                32.9249977,
                34.9645346
              ],
              [
                32.9247134,
                34.9646059
              ],
              [
                32.9245035,
                34.9646489
              ],
              [
                32.923871,
                34.964811
              ],
              [
                32.9235584,
                34.9649198
              ],
              [
                32.9234073,
                34.9649933
              ],
              [
                32.923337,
                34.9650401
              ],
              [
                32.9232386,
                34.9650975
              ],
              [
                32.9230773,
                34.9652107
              ],
              [
                32.9229501,
                34.965313
              ],
              [
                32.9228127,
                34.9654425
              ],
              [
                32.9226328,
                34.9656843
              ],
              [
                32.9223361,
                34.9661365
              ],
              [
                32.9222231,
                34.9662949
              ],
              [
                32.9221031,
                34.9664763
              ],
              [
                32.9218705,
                34.9667266
              ],
              [
                32.9217507,
                34.9668388
              ],
              [
                32.9214868,
                34.9670429
              ],
              [
                32.9212648,
                34.9671433
              ],
              [
                32.9211879,
                34.9671846
              ],
              [
                32.9210941,
                34.9672444
              ],
              [
                32.920839,
                34.9673683
              ],
              [
                32.9202744,
                34.9676714
              ],
              [
                32.9196573,
                34.9679867
              ],
              [
                32.9195807,
                34.9680307
              ],
              [
                32.9196141,
                34.9679358
              ],
              [
                32.9196125,
                34.9676885
              ],
              [
                32.9188677,
                34.9676231
              ],
              [
                32.9189602,
                34.9672363
              ],
              [
                32.918871,
                34.9669398
              ],
              [
                32.9187435,
                34.9669277
              ],
              [
                32.9186361,
                34.9668877
              ],
              [
                32.9183138,
                34.9667398
              ],
              [
                32.9180059,
                34.9665522
              ],
              [
                32.9179044,
                34.9664562
              ],
              [
                32.917845,
                34.966428
              ],
              [
                32.9174155,
                34.9661887
              ],
              [
                32.9172492,
                34.9660086
              ],
              [
                32.9171758,
                34.9659664
              ],
              [
                32.9169919,
                34.9659145
              ],
              [
                32.9167129,
                34.9656011
              ],
              [
                32.9166452,
                34.9655402
              ],
              [
                32.9158587,
                34.9650114
              ],
              [
                32.9156116,
                34.9648558
              ],
              [
                32.9155067,
                34.9654455
              ],
              [
                32.9154602,
                34.9656926
              ],
              [
                32.9154109,
                34.9659256
              ],
              [
                32.9146012,
                34.9668537
              ],
              [
                32.9145466,
                34.9669225
              ],
              [
                32.9138212,
                34.9677691
              ],
              [
                32.9147161,
                34.9682611
              ],
              [
                32.9157015,
                34.9687929
              ],
              [
                32.9158652,
                34.9688917
              ],
              [
                32.9160631,
                34.9691966
              ],
              [
                32.9163628,
                34.9696375
              ],
              [
                32.9164755,
                34.9698089
              ],
              [
                32.9164851,
                34.9698328
              ],
              [
                32.9165319,
                34.9698923
              ],
              [
                32.9167271,
                34.9701731
              ],
              [
                32.9168563,
                34.97012
              ],
              [
                32.9169312,
                34.9702422
              ],
              [
                32.9170891,
                34.9703579
              ],
              [
                32.9170819,
                34.970399
              ],
              [
                32.9171093,
                34.9704503
              ],
              [
                32.9171493,
                34.9704835
              ],
              [
                32.9172487,
                34.9705334
              ],
              [
                32.9172003,
                34.9707288
              ],
              [
                32.9171837,
                34.9708159
              ],
              [
                32.9171638,
                34.9708118
              ],
              [
                32.9168994,
                34.9709428
              ],
              [
                32.9166938,
                34.971037
              ],
              [
                32.9165568,
                34.9711089
              ],
              [
                32.915192,
                34.971762
              ],
              [
                32.91423,
                34.9727751
              ],
              [
                32.913638,
                34.9734057
              ],
              [
                32.9135363,
                34.9736137
              ],
              [
                32.9135635,
                34.9737175
              ],
              [
                32.9130767,
                34.9742045
              ],
              [
                32.912713,
                34.9745883
              ],
              [
                32.9122763,
                34.9750353
              ],
              [
                32.9121783,
                34.9750067
              ],
              [
                32.9120707,
                34.974966
              ],
              [
                32.9118711,
                34.9748976
              ],
              [
                32.9110468,
                34.9743318
              ],
              [
                32.9106873,
                34.9741032
              ],
              [
                32.9106443,
                34.9740836
              ],
              [
                32.9104883,
                34.9739226
              ],
              [
                32.9097766,
                34.9731668
              ],
              [
                32.9088061,
                34.9740178
              ],
              [
                32.9090011,
                34.9734345
              ],
              [
                32.9086475,
                34.9731961
              ],
              [
                32.9085634,
                34.9731668
              ],
              [
                32.9083422,
                34.9731112
              ],
              [
                32.9082149,
                34.9730947
              ],
              [
                32.9082724,
                34.9733562
              ],
              [
                32.9082489,
                34.9737369
              ],
              [
                32.9082635,
                34.9739483
              ],
              [
                32.9082294,
                34.9741127
              ],
              [
                32.9081321,
                34.974364
              ],
              [
                32.9080274,
                34.9745298
              ],
              [
                32.9078317,
                34.9748664
              ],
              [
                32.9075028,
                34.9751847
              ],
              [
                32.9074516,
                34.9752474
              ],
              [
                32.9066165,
                34.9760642
              ],
              [
                32.9062422,
                34.9764436
              ],
              [
                32.9054816,
                34.9758302
              ],
              [
                32.9051843,
                34.9755982
              ],
              [
                32.9045519,
                34.9750716
              ],
              [
                32.9038494,
                34.9752122
              ],
              [
                32.9023982,
                34.9755157
              ],
              [
                32.9020574,
                34.9761166
              ],
              [
                32.9019897,
                34.9762451
              ],
              [
                32.9018996,
                34.9763987
              ],
              [
                32.9018798,
                34.97644
              ],
              [
                32.9014496,
                34.9772062
              ],
              [
                32.9012844,
                34.9772036
              ],
              [
                32.8995651,
                34.9773134
              ],
              [
                32.8979687,
                34.9770278
              ],
              [
                32.8977396,
                34.9769804
              ],
              [
                32.8975055,
                34.976941
              ],
              [
                32.8973774,
                34.9769264
              ],
              [
                32.8964979,
                34.976765
              ],
              [
                32.8961899,
                34.9767153
              ],
              [
                32.8961143,
                34.9766957
              ],
              [
                32.8957933,
                34.9766347
              ],
              [
                32.895744,
                34.9766285
              ],
              [
                32.8955273,
                34.9765851
              ],
              [
                32.8950592,
                34.9765023
              ],
              [
                32.8945481,
                34.9767399
              ],
              [
                32.8940927,
                34.9769761
              ],
              [
                32.893864,
                34.9770807
              ],
              [
                32.8929498,
                34.9775586
              ],
              [
                32.8928451,
                34.9780072
              ],
              [
                32.8926668,
                34.9784365
              ],
              [
                32.8926508,
                34.9787744
              ],
              [
                32.8925825,
                34.9792952
              ],
              [
                32.8925666,
                34.9796143
              ],
              [
                32.8925374,
                34.979748
              ],
              [
                32.8925429,
                34.979795
              ],
              [
                32.8922234,
                34.979815
              ],
              [
                32.8913503,
                34.9798419
              ],
              [
                32.8906063,
                34.9798774
              ],
              [
                32.8906985,
                34.9796806
              ],
              [
                32.8907305,
                34.9795704
              ],
              [
                32.8907224,
                34.9794788
              ],
              [
                32.8906632,
                34.9793542
              ],
              [
                32.890561,
                34.979267
              ],
              [
                32.8904528,
                34.9792338
              ],
              [
                32.8902052,
                34.9791367
              ],
              [
                32.8900801,
                34.9790635
              ],
              [
                32.8898735,
                34.9789244
              ],
              [
                32.889725,
                34.9788088
              ],
              [
                32.8896484,
                34.9787217
              ],
              [
                32.8895661,
                34.9786463
              ],
              [
                32.8894219,
                34.9784135
              ],
              [
                32.8893969,
                34.9782984
              ],
              [
                32.8893897,
                34.978236
              ],
              [
                32.8893986,
                34.9781765
              ],
              [
                32.889512,
                34.9780864
              ],
              [
                32.8896078,
                34.9779518
              ],
              [
                32.8897742,
                34.9775874
              ],
              [
                32.889839,
                34.9774705
              ],
              [
                32.8899449,
                34.9772172
              ],
              [
                32.8899755,
                34.9770983
              ],
              [
                32.8899894,
                34.9769705
              ],
              [
                32.8899869,
                34.9769085
              ],
              [
                32.8899348,
                34.976743
              ],
              [
                32.889783,
                34.9764245
              ],
              [
                32.8897391,
                34.9762831
              ],
              [
                32.889738,
                34.9762395
              ],
              [
                32.8897549,
                34.9761971
              ],
              [
                32.8898517,
                34.976093
              ],
              [
                32.8898757,
                34.9760299
              ],
              [
                32.8898762,
                34.9759369
              ],
              [
                32.8898434,
                34.9755373
              ],
              [
                32.889777,
                34.9754246
              ],
              [
                32.8897202,
                34.9753601
              ],
              [
                32.8896618,
                34.9753174
              ],
              [
                32.8893906,
                34.9751649
              ],
              [
                32.8893194,
                34.9751043
              ],
              [
                32.8891468,
                34.9748564
              ],
              [
                32.8889076,
                34.974448
              ],
              [
                32.8888415,
                34.9742894
              ],
              [
                32.8888376,
                34.9742228
              ],
              [
                32.8889073,
                34.9741308
              ],
              [
                32.8889037,
                34.9740312
              ],
              [
                32.8888237,
                34.973265
              ],
              [
                32.8887888,
                34.9730507
              ],
              [
                32.888616,
                34.9733018
              ],
              [
                32.8883261,
                34.9736845
              ],
              [
                32.8879815,
                34.9741544
              ],
              [
                32.8879184,
                34.9742152
              ],
              [
                32.8877068,
                34.9744995
              ],
              [
                32.8876573,
                34.974598
              ],
              [
                32.8874546,
                34.9748711
              ],
              [
                32.8874302,
                34.9749108
              ],
              [
                32.886525,
                34.9761256
              ],
              [
                32.8869402,
                34.9761368
              ],
              [
                32.8875109,
                34.9763806
              ],
              [
                32.887176,
                34.9771179
              ],
              [
                32.8871514,
                34.9771959
              ],
              [
                32.8869182,
                34.9777212
              ],
              [
                32.8859385,
                34.9777633
              ],
              [
                32.8853572,
                34.9780611
              ],
              [
                32.8852238,
                34.9781508
              ],
              [
                32.8850698,
                34.978238
              ],
              [
                32.8849981,
                34.9782672
              ],
              [
                32.8849025,
                34.9783235
              ],
              [
                32.8848308,
                34.9783581
              ],
              [
                32.8846168,
                34.9784745
              ],
              [
                32.8839732,
                34.9788467
              ],
              [
                32.8833329,
                34.9792007
              ],
              [
                32.8835502,
                34.9791622
              ],
              [
                32.8849023,
                34.9788662
              ],
              [
                32.885247,
                34.9787977
              ],
              [
                32.8854026,
                34.9789094
              ],
              [
                32.885751,
                34.9791242
              ],
              [
                32.8842448,
                34.980031
              ],
              [
                32.8832618,
                34.9806324
              ],
              [
                32.8832002,
                34.9806646
              ],
              [
                32.8841875,
                34.9813288
              ],
              [
                32.8851713,
                34.9820065
              ],
              [
                32.8854319,
                34.9821771
              ],
              [
                32.8855926,
                34.9822885
              ],
              [
                32.8856852,
                34.9823581
              ],
              [
                32.8870941,
                34.9830208
              ],
              [
                32.8875667,
                34.9832502
              ],
              [
                32.888121,
                34.9835108
              ],
              [
                32.8882932,
                34.9835843
              ],
              [
                32.8884346,
                34.9836595
              ],
              [
                32.8887393,
                34.9838082
              ],
              [
                32.8891169,
                34.9839862
              ],
              [
                32.8888117,
                34.9843605
              ],
              [
                32.8887355,
                34.984546
              ],
              [
                32.8886907,
                34.9846333
              ],
              [
                32.8880213,
                34.9843795
              ],
              [
                32.8875726,
                34.9846567
              ],
              [
                32.8869462,
                34.9850626
              ],
              [
                32.8867286,
                34.9851931
              ],
              [
                32.8862177,
                34.9858275
              ],
              [
                32.8861314,
                34.9859398
              ],
              [
                32.8855353,
                34.9856297
              ],
              [
                32.8854117,
                34.9855619
              ],
              [
                32.8852924,
                34.9855123
              ],
              [
                32.8847471,
                34.9852279
              ],
              [
                32.8838506,
                34.9847893
              ],
              [
                32.8833273,
                34.9845214
              ],
              [
                32.8832721,
                34.9845085
              ],
              [
                32.8829762,
                34.9843635
              ],
              [
                32.8828725,
                34.9843012
              ],
              [
                32.8826229,
                34.9841801
              ],
              [
                32.8824242,
                34.9840755
              ],
              [
                32.8815875,
                34.9836517
              ],
              [
                32.8812444,
                34.9840567
              ],
              [
                32.8811842,
                34.9841421
              ],
              [
                32.8811808,
                34.9841821
              ],
              [
                32.8811464,
                34.9841766
              ],
              [
                32.8811241,
                34.9842002
              ],
              [
                32.8801758,
                34.9853121
              ],
              [
                32.8799713,
                34.9855662
              ],
              [
                32.8797218,
                34.9858459
              ],
              [
                32.8793742,
                34.986271
              ],
              [
                32.8792406,
                34.9864272
              ],
              [
                32.8791515,
                34.9865216
              ],
              [
                32.8788173,
                34.9869358
              ],
              [
                32.8789523,
                34.9873553
              ],
              [
                32.8791002,
                34.9878496
              ],
              [
                32.879109,
                34.987866
              ],
              [
                32.8794076,
                34.9888028
              ],
              [
                32.8795619,
                34.9893033
              ],
              [
                32.8797579,
                34.9899053
              ],
              [
                32.879819,
                34.9900713
              ],
              [
                32.8792303,
                34.9899022
              ],
              [
                32.8789579,
                34.9897876
              ],
              [
                32.8785966,
                34.9897536
              ],
              [
                32.8783057,
                34.9897544
              ],
              [
                32.8780966,
                34.9897292
              ],
              [
                32.8779445,
                34.989677
              ],
              [
                32.8777816,
                34.9896273
              ],
              [
                32.8776696,
                34.9895264
              ],
              [
                32.8774564,
                34.9894676
              ],
              [
                32.8770211,
                34.9894214
              ],
              [
                32.8767302,
                34.9891849
              ],
              [
                32.8765831,
                34.9890048
              ],
              [
                32.8765512,
                34.9888084
              ],
              [
                32.8764599,
                34.9886396
              ],
              [
                32.876433,
                34.9885296
              ],
              [
                32.8764546,
                34.9884174
              ],
              [
                32.8764444,
                34.9881962
              ],
              [
                32.876334,
                34.988054
              ],
              [
                32.8762283,
                34.9879637
              ],
              [
                32.8760242,
                34.987772
              ],
              [
                32.8758902,
                34.9876554
              ],
              [
                32.875785,
                34.9875948
              ],
              [
                32.8755062,
                34.9875737
              ],
              [
                32.8750085,
                34.9874856
              ],
              [
                32.8747725,
                34.987415
              ],
              [
                32.8746487,
                34.9874011
              ],
              [
                32.8744249,
                34.9873234
              ],
              [
                32.8740053,
                34.9872516
              ],
              [
                32.8737235,
                34.9871861
              ],
              [
                32.8735335,
                34.9870788
              ],
              [
                32.8731384,
                34.9868412
              ],
              [
                32.8727635,
                34.986748
              ],
              [
                32.8724802,
                34.9866667
              ],
              [
                32.8723052,
                34.9865785
              ],
              [
                32.8720823,
                34.9865728
              ],
              [
                32.8718908,
                34.9866062
              ],
              [
                32.8715726,
                34.9866816
              ],
              [
                32.8712423,
                34.9867542
              ],
              [
                32.8710119,
                34.9867798
              ],
              [
                32.8707713,
                34.9867223
              ],
              [
                32.8692857,
                34.9869207
              ],
              [
                32.8688602,
                34.9870666
              ],
              [
                32.8682927,
                34.9872316
              ],
              [
                32.86816,
                34.9873621
              ],
              [
                32.8680079,
                34.9875369
              ],
              [
                32.8678213,
                34.9876732
              ],
              [
                32.8675135,
                34.9877519
              ],
              [
                32.8672521,
                34.9879331
              ],
              [
                32.8670978,
                34.9880553
              ],
              [
                32.8669405,
                34.9881724
              ],
              [
                32.8668474,
                34.9883081
              ],
              [
                32.8668193,
                34.988474
              ],
              [
                32.8667131,
                34.9886005
              ],
              [
                32.8665836,
                34.9887158
              ],
              [
                32.8664373,
                34.9888143
              ],
              [
                32.866352,
                34.9888632
              ],
              [
                32.8662682,
                34.9889306
              ],
              [
                32.8660713,
                34.9889836
              ],
              [
                32.8655821,
                34.9890999
              ],
              [
                32.8653575,
                34.9890961
              ],
              [
                32.865082,
                34.9890272
              ],
              [
                32.8649273,
                34.9889591
              ],
              [
                32.8648147,
                34.9889742
              ],
              [
                32.8646147,
                34.9890201
              ],
              [
                32.8644742,
                34.9890648
              ],
              [
                32.8643049,
                34.9891283
              ],
              [
                32.8640697,
                34.9891635
              ],
              [
                32.8637785,
                34.9892129
              ],
              [
                32.8636344,
                34.9892577
              ],
              [
                32.8635492,
                34.9893428
              ],
              [
                32.863418,
                34.9893574
              ],
              [
                32.8632454,
                34.9893572
              ],
              [
                32.8630664,
                34.9893331
              ],
              [
                32.862942,
                34.989326
              ],
              [
                32.8627279,
                34.9893383
              ],
              [
                32.8626323,
                34.9893508
              ],
              [
                32.8625481,
                34.9893916
              ],
              [
                32.8625465,
                34.989502
              ],
              [
                32.8624209,
                34.9895862
              ],
              [
                32.8622936,
                34.9896177
              ],
              [
                32.8621936,
                34.9896162
              ],
              [
                32.8619606,
                34.9895869
              ],
              [
                32.8618278,
                34.9895341
              ],
              [
                32.8615587,
                34.9894876
              ],
              [
                32.861378,
                34.9894222
              ],
              [
                32.8611257,
                34.989359
              ],
              [
                32.8609016,
                34.9894097
              ],
              [
                32.860601,
                34.9894394
              ],
              [
                32.8604604,
                34.9894034
              ],
              [
                32.8603025,
                34.989392
              ],
              [
                32.8601476,
                34.9893522
              ],
              [
                32.8598686,
                34.9893399
              ],
              [
                32.8596175,
                34.9893463
              ],
              [
                32.8594977,
                34.9893421
              ],
              [
                32.8593111,
                34.9893508
              ],
              [
                32.8591458,
                34.9893406
              ],
              [
                32.8588915,
                34.989255
              ],
              [
                32.8586785,
                34.9891659
              ],
              [
                32.8585649,
                34.9891414
              ],
              [
                32.8584847,
                34.9891402
              ],
              [
                32.8583504,
                34.9891237
              ],
              [
                32.8582521,
                34.9890751
              ],
              [
                32.8581703,
                34.988996
              ],
              [
                32.8580857,
                34.9889652
              ],
              [
                32.857967,
                34.9889131
              ],
              [
                32.857995,
                34.988814
              ],
              [
                32.8579708,
                34.9886551
              ],
              [
                32.8580504,
                34.988225
              ],
              [
                32.8580578,
                34.9879296
              ],
              [
                32.8580457,
                34.9876755
              ],
              [
                32.8580585,
                34.9874532
              ],
              [
                32.8581178,
                34.9872057
              ],
              [
                32.8581992,
                34.9871504
              ],
              [
                32.8583058,
                34.9870587
              ],
              [
                32.8583256,
                34.9869603
              ],
              [
                32.8582736,
                34.9868342
              ],
              [
                32.8578006,
                34.9865858
              ],
              [
                32.8577256,
                34.9864032
              ],
              [
                32.85773,
                34.986217
              ],
              [
                32.8577909,
                34.9855789
              ],
              [
                32.8577875,
                34.9852654
              ],
              [
                32.8577744,
                34.9849032
              ],
              [
                32.8577791,
                34.9846673
              ],
              [
                32.857923,
                34.984246
              ],
              [
                32.8583383,
                34.9838591
              ],
              [
                32.8585962,
                34.9830577
              ],
              [
                32.8586554,
                34.9827911
              ],
              [
                32.8583202,
                34.9826201
              ],
              [
                32.8581551,
                34.9825461
              ],
              [
                32.8580571,
                34.9825068
              ],
              [
                32.8579872,
                34.9824306
              ],
              [
                32.8579315,
                34.9822462
              ],
              [
                32.8578757,
                34.9821262
              ],
              [
                32.8578212,
                34.9819924
              ],
              [
                32.8577966,
                34.9818079
              ],
              [
                32.8578119,
                34.9815989
              ],
              [
                32.857907,
                34.9813409
              ],
              [
                32.857962,
                34.9811524
              ],
              [
                32.8579474,
                34.9809885
              ],
              [
                32.8579028,
                34.9808532
              ],
              [
                32.8578084,
                34.9807711
              ],
              [
                32.8577088,
                34.9807341
              ],
              [
                32.8575595,
                34.9807217
              ],
              [
                32.857445,
                34.9807297
              ],
              [
                32.8573254,
                34.9807501
              ],
              [
                32.8572308,
                34.9807541
              ],
              [
                32.8571213,
                34.9807375
              ],
              [
                32.8570168,
                34.9806923
              ],
              [
                32.8569522,
                34.9806226
              ],
              [
                32.8569126,
                34.9805283
              ],
              [
                32.8568828,
                34.9804422
              ],
              [
                32.8568232,
                34.9803561
              ],
              [
                32.8567437,
                34.9802904
              ],
              [
                32.8566243,
                34.9802329
              ],
              [
                32.8562461,
                34.9801054
              ],
              [
                32.8561417,
                34.9800356
              ],
              [
                32.8560621,
                34.9799536
              ],
              [
                32.8560076,
                34.9798552
              ],
              [
                32.855948,
                34.979769
              ],
              [
                32.8558634,
                34.9796993
              ],
              [
                32.855749,
                34.9796459
              ],
              [
                32.8556097,
                34.9796088
              ],
              [
                32.8554753,
                34.9795841
              ],
              [
                32.8553459,
                34.9795388
              ],
              [
                32.8552564,
                34.9794977
              ],
              [
                32.8551619,
                34.9794075
              ],
              [
                32.8551023,
                34.9793254
              ],
              [
                32.8550527,
                34.9792024
              ],
              [
                32.855038,
                34.9791123
              ],
              [
                32.8550332,
                34.9789893
              ],
              [
                32.8550732,
                34.9788787
              ],
              [
                32.8551281,
                34.9787968
              ],
              [
                32.8552129,
                34.9787355
              ],
              [
                32.8553673,
                34.9786783
              ],
              [
                32.8555566,
                34.9786293
              ],
              [
                32.8557807,
                34.9785845
              ],
              [
                32.855975,
                34.978552
              ],
              [
                32.8563584,
                34.9785114
              ],
              [
                32.8564929,
                34.978487
              ],
              [
                32.8566224,
                34.9784421
              ],
              [
                32.8567022,
                34.9784053
              ],
              [
                32.856767,
                34.9783521
              ],
              [
                32.8568119,
                34.9782825
              ],
              [
                32.8568471,
                34.9781104
              ],
              [
                32.8568174,
                34.977971
              ],
              [
                32.8567678,
                34.977889
              ],
              [
                32.8566982,
                34.9777988
              ],
              [
                32.8566088,
                34.9777085
              ],
              [
                32.8564164,
                34.9775346
              ],
              [
                32.8562917,
                34.9778322
              ],
              [
                32.8561789,
                34.9781149
              ],
              [
                32.8557871,
                34.9780565
              ],
              [
                32.8557115,
                34.9780381
              ],
              [
                32.855025,
                34.9780945
              ],
              [
                32.8553262,
                34.9774384
              ],
              [
                32.8554513,
                34.9773992
              ],
              [
                32.8554581,
                34.977404
              ],
              [
                32.8555007,
                34.9773837
              ],
              [
                32.8557525,
                34.9773047
              ],
              [
                32.8559425,
                34.9769598
              ],
              [
                32.8555463,
                34.9769387
              ],
              [
                32.8555025,
                34.9769213
              ],
              [
                32.8553204,
                34.9764967
              ],
              [
                32.854706,
                34.9750245
              ],
              [
                32.8541784,
                34.9746836
              ],
              [
                32.852776,
                34.9738098
              ],
              [
                32.8523121,
                34.9735156
              ],
              [
                32.8513972,
                34.9733959
              ],
              [
                32.8516074,
                34.9728827
              ],
              [
                32.8512237,
                34.9728486
              ],
              [
                32.8512776,
                34.9726853
              ],
              [
                32.8511704,
                34.9726444
              ],
              [
                32.8511212,
                34.9726339
              ],
              [
                32.8510366,
                34.9727843
              ],
              [
                32.8505106,
                34.9729239
              ],
              [
                32.8506387,
                34.9732931
              ],
              [
                32.8484296,
                34.9730031
              ],
              [
                32.8508847,
                34.9742856
              ],
              [
                32.8501883,
                34.9750539
              ],
              [
                32.8500519,
                34.9749587
              ],
              [
                32.8495683,
                34.9754758
              ],
              [
                32.8494232,
                34.9753681
              ],
              [
                32.8491588,
                34.9756256
              ],
              [
                32.8479757,
                34.9746261
              ],
              [
                32.8473652,
                34.9740992
              ],
              [
                32.8472708,
                34.9746429
              ],
              [
                32.8469274,
                34.9746641
              ],
              [
                32.8469256,
                34.9749754
              ],
              [
                32.846721,
                34.9749895
              ],
              [
                32.8465422,
                34.9749647
              ],
              [
                32.8461058,
                34.9749601
              ],
              [
                32.8459234,
                34.9749293
              ],
              [
                32.8456738,
                34.9748246
              ],
              [
                32.8460036,
                34.9739978
              ],
              [
                32.8448346,
                34.9739064
              ],
              [
                32.8451437,
                34.9735652
              ],
              [
                32.8451916,
                34.9735152
              ],
              [
                32.8453786,
                34.9733201
              ],
              [
                32.8455867,
                34.9727728
              ],
              [
                32.845678,
                34.9725435
              ],
              [
                32.8457849,
                34.9722263
              ],
              [
                32.8467021,
                34.971892
              ],
              [
                32.8473311,
                34.9717368
              ],
              [
                32.8478378,
                34.9710397
              ],
              [
                32.8476927,
                34.9708918
              ],
              [
                32.8468193,
                34.9705441
              ],
              [
                32.8461187,
                34.9702599
              ],
              [
                32.8456504,
                34.9700804
              ],
              [
                32.8440141,
                34.969421
              ],
              [
                32.8435232,
                34.9685894
              ],
              [
                32.8428033,
                34.9673505
              ],
              [
                32.842527,
                34.9668673
              ],
              [
                32.8415492,
                34.9669405
              ],
              [
                32.8394082,
                34.9670287
              ],
              [
                32.8416707,
                34.9654641
              ],
              [
                32.842074,
                34.9652024
              ],
              [
                32.8422763,
                34.9650692
              ],
              [
                32.8423124,
                34.965042
              ],
              [
                32.8421764,
                34.9647267
              ],
              [
                32.8419863,
                34.9643538
              ],
              [
                32.8417443,
                34.9637366
              ],
              [
                32.8415579,
                34.9632004
              ],
              [
                32.8410883,
                34.9620473
              ],
              [
                32.8407337,
                34.9620628
              ],
              [
                32.8407313,
                34.9618866
              ],
              [
                32.8407599,
                34.9618134
              ],
              [
                32.8410963,
                34.9614689
              ],
              [
                32.8410167,
                34.961414
              ],
              [
                32.8411223,
                34.9613443
              ],
              [
                32.841185,
                34.9612861
              ],
              [
                32.8412566,
                34.9611986
              ],
              [
                32.8412237,
                34.9611716
              ],
              [
                32.8412206,
                34.9611613
              ],
              [
                32.8412366,
                34.9611576
              ],
              [
                32.8412009,
                34.9611129
              ],
              [
                32.8411611,
                34.9610828
              ],
              [
                32.8410767,
                34.9610735
              ],
              [
                32.8410275,
                34.9610385
              ],
              [
                32.8410169,
                34.9609511
              ],
              [
                32.841011,
                34.9609382
              ],
              [
                32.8410166,
                34.9608989
              ],
              [
                32.8409412,
                34.9608794
              ],
              [
                32.8408444,
                34.960864
              ],
              [
                32.8407655,
                34.9607797
              ],
              [
                32.8407611,
                34.9607626
              ],
              [
                32.840731,
                34.9607434
              ],
              [
                32.8407196,
                34.9607256
              ],
              [
                32.8406944,
                34.9606495
              ],
              [
                32.8407569,
                34.9606046
              ],
              [
                32.8409383,
                34.9605508
              ],
              [
                32.8410195,
                34.9604978
              ],
              [
                32.8410284,
                34.9604759
              ],
              [
                32.8410599,
                34.9602685
              ],
              [
                32.8410442,
                34.9602709
              ],
              [
                32.8409911,
                34.9602679
              ],
              [
                32.8409539,
                34.9602499
              ],
              [
                32.8408921,
                34.9602329
              ],
              [
                32.8408713,
                34.9602128
              ],
              [
                32.8408818,
                34.9602002
              ],
              [
                32.8408828,
                34.9601909
              ],
              [
                32.8408405,
                34.9601066
              ],
              [
                32.8407466,
                34.9601248
              ],
              [
                32.8407206,
                34.9600926
              ],
              [
                32.8406472,
                34.9600961
              ],
              [
                32.8406528,
                34.9600495
              ],
              [
                32.8405991,
                34.9600612
              ],
              [
                32.8403732,
                34.9601248
              ],
              [
                32.8402121,
                34.9601104
              ],
              [
                32.840081,
                34.9601339
              ],
              [
                32.8400487,
                34.9601107
              ],
              [
                32.8400365,
                34.9600832
              ],
              [
                32.8400753,
                34.9601047
              ],
              [
                32.8400997,
                34.9600704
              ],
              [
                32.8401122,
                34.9600381
              ],
              [
                32.8402203,
                34.9599597
              ],
              [
                32.8402653,
                34.9599353
              ],
              [
                32.840202,
                34.9598376
              ],
              [
                32.8398517,
                34.9595333
              ],
              [
                32.8396885,
                34.9594357
              ],
              [
                32.8396723,
                34.9594199
              ],
              [
                32.839567,
                34.9592853
              ],
              [
                32.8395019,
                34.9591628
              ],
              [
                32.8394754,
                34.9591214
              ],
              [
                32.8391928,
                34.9587656
              ],
              [
                32.8390843,
                34.9586053
              ],
              [
                32.8390367,
                34.9585509
              ],
              [
                32.8386939,
                34.9583154
              ],
              [
                32.8383418,
                34.9580804
              ],
              [
                32.8381525,
                34.9579433
              ],
              [
                32.837387,
                34.9584735
              ],
              [
                32.8376036,
                34.9587833
              ],
              [
                32.8372986,
                34.9589882
              ],
              [
                32.8375731,
                34.9590759
              ],
              [
                32.8376889,
                34.9591015
              ],
              [
                32.8381764,
                34.9592451
              ],
              [
                32.8382073,
                34.9592168
              ],
              [
                32.8384784,
                34.9595194
              ],
              [
                32.8385011,
                34.9595268
              ],
              [
                32.8385157,
                34.9595063
              ],
              [
                32.8386628,
                34.9595843
              ],
              [
                32.8386806,
                34.9595871
              ],
              [
                32.8386679,
                34.9596041
              ],
              [
                32.8387191,
                34.9596372
              ],
              [
                32.8387554,
                34.9596533
              ],
              [
                32.8387644,
                34.9597069
              ],
              [
                32.8387906,
                34.9597452
              ],
              [
                32.8389209,
                34.9598085
              ],
              [
                32.8389743,
                34.9598509
              ],
              [
                32.8389875,
                34.9598954
              ],
              [
                32.8394834,
                34.9601712
              ],
              [
                32.8395883,
                34.960266
              ],
              [
                32.8396314,
                34.9603418
              ],
              [
                32.8396684,
                34.9603664
              ],
              [
                32.8397698,
                34.960698
              ],
              [
                32.8396098,
                34.9610244
              ],
              [
                32.8395857,
                34.9610788
              ],
              [
                32.8395879,
                34.9610987
              ],
              [
                32.8394411,
                34.9611796
              ],
              [
                32.8392815,
                34.9614068
              ],
              [
                32.8390568,
                34.9616426
              ],
              [
                32.839067,
                34.9617169
              ],
              [
                32.8389005,
                34.9619518
              ],
              [
                32.8388751,
                34.9619755
              ],
              [
                32.838836,
                34.9620685
              ],
              [
                32.8388183,
                34.9621464
              ],
              [
                32.8375047,
                34.9622037
              ],
              [
                32.8374896,
                34.9621932
              ],
              [
                32.836802,
                34.9614233
              ],
              [
                32.8367278,
                34.9614824
              ],
              [
                32.8366693,
                34.9615691
              ],
              [
                32.8366626,
                34.9616069
              ],
              [
                32.8359441,
                34.961722
              ],
              [
                32.8359012,
                34.9617607
              ],
              [
                32.8358652,
                34.9617832
              ],
              [
                32.8358317,
                34.9617967
              ],
              [
                32.8355323,
                34.9618836
              ],
              [
                32.8353831,
                34.9620047
              ],
              [
                32.8352939,
                34.9619562
              ],
              [
                32.8349937,
                34.9618778
              ],
              [
                32.8345433,
                34.9615028
              ],
              [
                32.8347861,
                34.9612971
              ],
              [
                32.8350536,
                34.9612096
              ],
              [
                32.8351803,
                34.9606557
              ],
              [
                32.8353052,
                34.9598729
              ],
              [
                32.8336827,
                34.9594365
              ],
              [
                32.8330571,
                34.9592805
              ],
              [
                32.8327741,
                34.9592059
              ],
              [
                32.8326395,
                34.9591644
              ],
              [
                32.8310327,
                34.9580966
              ],
              [
                32.830999,
                34.9581391
              ],
              [
                32.8309566,
                34.9581754
              ],
              [
                32.8309136,
                34.9582673
              ],
              [
                32.8308703,
                34.9582949
              ],
              [
                32.8305112,
                34.9584071
              ],
              [
                32.8303825,
                34.9583988
              ],
              [
                32.830288,
                34.9583623
              ],
              [
                32.8300623,
                34.958247
              ],
              [
                32.8298641,
                34.9581137
              ],
              [
                32.8297866,
                34.9580672
              ],
              [
                32.8295079,
                34.9581353
              ],
              [
                32.8294481,
                34.9582034
              ],
              [
                32.8294292,
                34.9582188
              ],
              [
                32.8294489,
                34.9582561
              ],
              [
                32.8294693,
                34.958281
              ],
              [
                32.8295783,
                34.9584002
              ],
              [
                32.8295962,
                34.9584162
              ],
              [
                32.8296198,
                34.9584275
              ],
              [
                32.8296301,
                34.9584911
              ],
              [
                32.8296635,
                34.9585229
              ],
              [
                32.8297013,
                34.9586102
              ],
              [
                32.8296859,
                34.9586371
              ],
              [
                32.8297086,
                34.9586688
              ],
              [
                32.8297123,
                34.9587424
              ],
              [
                32.8297094,
                34.9587882
              ],
              [
                32.8296841,
                34.9588468
              ],
              [
                32.8297055,
                34.959016
              ],
              [
                32.8296796,
                34.9590542
              ],
              [
                32.8296808,
                34.9590981
              ],
              [
                32.8296985,
                34.9591301
              ],
              [
                32.8297197,
                34.9591538
              ],
              [
                32.8298486,
                34.9592724
              ],
              [
                32.8298488,
                34.9593723
              ],
              [
                32.8298634,
                34.959402
              ],
              [
                32.8298644,
                34.959467
              ],
              [
                32.8298899,
                34.9594665
              ],
              [
                32.8298994,
                34.9595246
              ],
              [
                32.8298613,
                34.9595826
              ],
              [
                32.8298523,
                34.9596083
              ],
              [
                32.8298571,
                34.9596104
              ],
              [
                32.8298489,
                34.9596461
              ],
              [
                32.8297596,
                34.9598073
              ],
              [
                32.8297691,
                34.9598485
              ],
              [
                32.8297688,
                34.9598738
              ],
              [
                32.8297482,
                34.9599483
              ],
              [
                32.8297563,
                34.959994
              ],
              [
                32.8297418,
                34.960013
              ],
              [
                32.8297235,
                34.9600221
              ],
              [
                32.8296839,
                34.9600683
              ],
              [
                32.8296625,
                34.960105
              ],
              [
                32.8296537,
                34.9601546
              ],
              [
                32.8296089,
                34.9601744
              ],
              [
                32.829588,
                34.9602066
              ],
              [
                32.8295798,
                34.9602359
              ],
              [
                32.8295649,
                34.960252
              ],
              [
                32.8295551,
                34.9602762
              ],
              [
                32.8295319,
                34.9603031
              ],
              [
                32.8294792,
                34.9603993
              ],
              [
                32.8294161,
                34.9604297
              ],
              [
                32.8293239,
                34.9605026
              ],
              [
                32.8292883,
                34.9604623
              ],
              [
                32.8292552,
                34.9605127
              ],
              [
                32.8292415,
                34.9605459
              ],
              [
                32.8292267,
                34.9605654
              ],
              [
                32.829242,
                34.9606134
              ],
              [
                32.8292381,
                34.9606436
              ],
              [
                32.8292213,
                34.9606869
              ],
              [
                32.8291978,
                34.960718
              ],
              [
                32.8290985,
                34.9606734
              ],
              [
                32.8290778,
                34.9606675
              ],
              [
                32.8290639,
                34.9606714
              ],
              [
                32.8289956,
                34.9607137
              ],
              [
                32.8288857,
                34.9607153
              ],
              [
                32.8288485,
                34.960707
              ],
              [
                32.8288208,
                34.9607181
              ],
              [
                32.8287305,
                34.9607176
              ],
              [
                32.8287227,
                34.9606361
              ],
              [
                32.8287008,
                34.9605592
              ],
              [
                32.8285007,
                34.9606054
              ],
              [
                32.8284854,
                34.9605549
              ],
              [
                32.828481,
                34.9605103
              ],
              [
                32.8284621,
                34.960473
              ],
              [
                32.8284535,
                34.9604153
              ],
              [
                32.8284402,
                34.9603932
              ],
              [
                32.8283747,
                34.9602083
              ],
              [
                32.8282275,
                34.9601804
              ],
              [
                32.8281986,
                34.9601108
              ],
              [
                32.8281978,
                34.9600641
              ],
              [
                32.8281653,
                34.9599955
              ],
              [
                32.8281557,
                34.9599437
              ],
              [
                32.8281,
                34.9597311
              ],
              [
                32.8281054,
                34.9596801
              ],
              [
                32.8280988,
                34.95963
              ],
              [
                32.8278437,
                34.9594281
              ],
              [
                32.8276936,
                34.9590251
              ],
              [
                32.8276868,
                34.9590157
              ],
              [
                32.8276985,
                34.9590072
              ],
              [
                32.8276359,
                34.9585683
              ],
              [
                32.8276216,
                34.9585378
              ],
              [
                32.8275179,
                34.9583783
              ],
              [
                32.8274979,
                34.9582907
              ],
              [
                32.8274477,
                34.9580036
              ],
              [
                32.8269632,
                34.9573112
              ],
              [
                32.8267842,
                34.9570836
              ],
              [
                32.8266241,
                34.9568968
              ],
              [
                32.8265879,
                34.9568592
              ],
              [
                32.8263931,
                34.956728
              ],
              [
                32.8263015,
                34.956673
              ],
              [
                32.8260921,
                34.9564556
              ],
              [
                32.8263303,
                34.9563441
              ],
              [
                32.8261435,
                34.9561972
              ],
              [
                32.8259933,
                34.9561083
              ],
              [
                32.8258078,
                34.9559593
              ],
              [
                32.8258084,
                34.9558532
              ],
              [
                32.8259924,
                34.9556226
              ],
              [
                32.8259217,
                34.9554762
              ],
              [
                32.8258732,
                34.9554144
              ],
              [
                32.8260468,
                34.9553378
              ],
              [
                32.8262526,
                34.9552231
              ],
              [
                32.8264097,
                34.9550788
              ],
              [
                32.8265421,
                34.9549784
              ],
              [
                32.8266635,
                34.9547518
              ],
              [
                32.8267566,
                34.954652
              ],
              [
                32.8268168,
                34.9546202
              ],
              [
                32.8269614,
                34.9545807
              ],
              [
                32.827205,
                34.9545376
              ],
              [
                32.8279272,
                34.9541842
              ],
              [
                32.8283331,
                34.9540186
              ],
              [
                32.8280641,
                34.9528253
              ],
              [
                32.8279724,
                34.9524391
              ],
              [
                32.827713,
                34.9524242
              ],
              [
                32.8265389,
                34.9523304
              ],
              [
                32.8265429,
                34.9522151
              ],
              [
                32.8252301,
                34.9521258
              ],
              [
                32.8252015,
                34.9522328
              ],
              [
                32.8239207,
                34.952141
              ],
              [
                32.8234029,
                34.952109
              ],
              [
                32.8231248,
                34.9514164
              ],
              [
                32.8228778,
                34.9507706
              ],
              [
                32.8251184,
                34.950635
              ],
              [
                32.8257887,
                34.9505912
              ],
              [
                32.8263711,
                34.9504071
              ],
              [
                32.8285937,
                34.9496782
              ],
              [
                32.828827,
                34.9495976
              ],
              [
                32.8294261,
                34.9498537
              ],
              [
                32.8292829,
                34.9507379
              ],
              [
                32.8301507,
                34.9508251
              ],
              [
                32.8320119,
                34.9508358
              ],
              [
                32.8321129,
                34.9506455
              ],
              [
                32.8323834,
                34.9501856
              ],
              [
                32.8324556,
                34.950083
              ],
              [
                32.8326191,
                34.949891
              ],
              [
                32.8327694,
                34.9497398
              ],
              [
                32.8330449,
                34.9497064
              ],
              [
                32.8355344,
                34.9493647
              ],
              [
                32.8363335,
                34.9491469
              ],
              [
                32.8363707,
                34.9491592
              ],
              [
                32.8364395,
                34.9491409
              ],
              [
                32.8364543,
                34.9491413
              ],
              [
                32.8364483,
                34.9491684
              ],
              [
                32.8364751,
                34.9491901
              ],
              [
                32.8364793,
                34.9491978
              ],
              [
                32.8365194,
                34.9493079
              ],
              [
                32.8365695,
                34.9493468
              ],
              [
                32.8365908,
                34.9493917
              ],
              [
                32.8366417,
                34.9494489
              ],
              [
                32.837043,
                34.9494576
              ],
              [
                32.8376287,
                34.9498683
              ],
              [
                32.8379364,
                34.9496152
              ],
              [
                32.838348,
                34.9497186
              ],
              [
                32.8388331,
                34.9493527
              ],
              [
                32.8387827,
                34.9489369
              ],
              [
                32.8393741,
                34.9488809
              ],
              [
                32.8391187,
                34.9483927
              ],
              [
                32.8385397,
                34.9478826
              ],
              [
                32.8381672,
                34.9477459
              ],
              [
                32.8373119,
                34.9479249
              ],
              [
                32.8372686,
                34.9480307
              ],
              [
                32.8368074,
                34.9479256
              ],
              [
                32.8369714,
                34.947547
              ],
              [
                32.8371438,
                34.9471763
              ],
              [
                32.8373258,
                34.9467597
              ],
              [
                32.8380084,
                34.9472244
              ],
              [
                32.8382849,
                34.946964
              ],
              [
                32.8389767,
                34.9462758
              ],
              [
                32.8394215,
                34.9463825
              ],
              [
                32.8396551,
                34.946591
              ],
              [
                32.8398955,
                34.9462254
              ],
              [
                32.839962,
                34.9464777
              ],
              [
                32.8406978,
                34.9468774
              ],
              [
                32.8412352,
                34.9466381
              ],
              [
                32.841793,
                34.946346
              ],
              [
                32.8421485,
                34.9461263
              ],
              [
                32.8422233,
                34.9460936
              ],
              [
                32.8425694,
                34.945885
              ],
              [
                32.8423387,
                34.9456593
              ],
              [
                32.842138,
                34.9454341
              ],
              [
                32.8420943,
                34.9454497
              ],
              [
                32.8418476,
                34.9455946
              ],
              [
                32.8416926,
                34.9456603
              ],
              [
                32.8414821,
                34.94572
              ],
              [
                32.8412155,
                34.9457745
              ],
              [
                32.8404001,
                34.9457186
              ],
              [
                32.8403089,
                34.9457011
              ],
              [
                32.8402225,
                34.9456542
              ],
              [
                32.8401462,
                34.9456076
              ],
              [
                32.8400541,
                34.9455952
              ],
              [
                32.8396486,
                34.945579
              ],
              [
                32.8395203,
                34.9455492
              ],
              [
                32.8390528,
                34.9453957
              ],
              [
                32.8389241,
                34.9453614
              ],
              [
                32.8388547,
                34.945356
              ],
              [
                32.8388164,
                34.9453431
              ],
              [
                32.8386615,
                34.9453427
              ],
              [
                32.8386348,
                34.9453374
              ],
              [
                32.8385789,
                34.9453171
              ],
              [
                32.8385442,
                34.9453359
              ],
              [
                32.838525,
                34.9453362
              ],
              [
                32.8384149,
                34.9452986
              ],
              [
                32.8383969,
                34.9452993
              ],
              [
                32.8383426,
                34.9453169
              ],
              [
                32.8383214,
                34.945339
              ],
              [
                32.8382994,
                34.9453528
              ],
              [
                32.8382826,
                34.945359
              ],
              [
                32.8382511,
                34.9453606
              ],
              [
                32.8381777,
                34.94534
              ],
              [
                32.8380737,
                34.9452514
              ],
              [
                32.838027,
                34.945249
              ],
              [
                32.8380121,
                34.9452223
              ],
              [
                32.8381645,
                34.9448794
              ],
              [
                32.8382506,
                34.9447088
              ],
              [
                32.8386916,
                34.9436967
              ],
              [
                32.8388428,
                34.9421698
              ],
              [
                32.8388357,
                34.9420989
              ],
              [
                32.8388314,
                34.9419304
              ],
              [
                32.8388514,
                34.9416581
              ],
              [
                32.8385835,
                34.9410673
              ],
              [
                32.8384915,
                34.9409587
              ],
              [
                32.8382049,
                34.9406464
              ],
              [
                32.8384519,
                34.9404795
              ],
              [
                32.8384858,
                34.9404463
              ],
              [
                32.8384913,
                34.9403658
              ],
              [
                32.8385108,
                34.9402077
              ],
              [
                32.8385279,
                34.9401551
              ],
              [
                32.8386349,
                34.9400181
              ],
              [
                32.8386935,
                34.9397907
              ],
              [
                32.8389723,
                34.93966
              ],
              [
                32.8391194,
                34.9395829
              ],
              [
                32.8392091,
                34.9395419
              ],
              [
                32.8393206,
                34.9395242
              ],
              [
                32.8395509,
                34.9395905
              ],
              [
                32.8397512,
                34.9396384
              ],
              [
                32.840162,
                34.9397025
              ],
              [
                32.8403404,
                34.9397462
              ],
              [
                32.8403992,
                34.9397659
              ],
              [
                32.8406047,
                34.9395044
              ],
              [
                32.8396875,
                34.9392913
              ],
              [
                32.839843,
                34.9392072
              ],
              [
                32.8407009,
                34.9388817
              ],
              [
                32.8410907,
                34.9384975
              ],
              [
                32.8411451,
                34.9384658
              ],
              [
                32.8416181,
                34.9382248
              ],
              [
                32.8418303,
                34.9382422
              ],
              [
                32.8418566,
                34.9380592
              ],
              [
                32.842094,
                34.9381031
              ],
              [
                32.8422424,
                34.938118
              ],
              [
                32.842425,
                34.9376876
              ],
              [
                32.8419088,
                34.9374821
              ],
              [
                32.8417709,
                34.9374399
              ],
              [
                32.8410153,
                34.9372608
              ],
              [
                32.840911,
                34.9375212
              ],
              [
                32.8404085,
                34.9372931
              ],
              [
                32.840248,
                34.9371742
              ],
              [
                32.8399188,
                34.9372686
              ],
              [
                32.8390824,
                34.9363753
              ],
              [
                32.8386229,
                34.9358204
              ],
              [
                32.8383996,
                34.9355371
              ],
              [
                32.8379686,
                34.9350338
              ],
              [
                32.8383188,
                34.9350851
              ],
              [
                32.8383823,
                34.9345955
              ],
              [
                32.8382396,
                34.9345075
              ],
              [
                32.8388835,
                34.9342994
              ],
              [
                32.8396172,
                34.9342209
              ],
              [
                32.8398585,
                34.9338667
              ],
              [
                32.8397243,
                34.9337579
              ],
              [
                32.839231,
                34.9334091
              ],
              [
                32.8390042,
                34.9335747
              ],
              [
                32.8385573,
                34.9333482
              ],
              [
                32.8380282,
                34.9337846
              ],
              [
                32.8379574,
                34.9338365
              ],
              [
                32.8376046,
                34.933769
              ],
              [
                32.8375385,
                34.9335523
              ],
              [
                32.8373323,
                34.9330797
              ],
              [
                32.8376384,
                34.9325953
              ],
              [
                32.8379006,
                34.9321162
              ],
              [
                32.8375365,
                34.9321397
              ],
              [
                32.8372903,
                34.9321749
              ],
              [
                32.8366323,
                34.932336
              ],
              [
                32.8349682,
                34.9328067
              ],
              [
                32.833589,
                34.9330801
              ],
              [
                32.8324182,
                34.9332129
              ],
              [
                32.8316818,
                34.9329519
              ],
              [
                32.8305859,
                34.9319207
              ],
              [
                32.829522,
                34.9318596
              ],
              [
                32.8270152,
                34.9317039
              ],
              [
                32.82637,
                34.9296949
              ],
              [
                32.8251737,
                34.9285605
              ],
              [
                32.8248051,
                34.9282288
              ],
              [
                32.8245544,
                34.9279839
              ],
              [
                32.8237331,
                34.9280939
              ],
              [
                32.8217107,
                34.9283788
              ],
              [
                32.8201898,
                34.9285875
              ],
              [
                32.8197901,
                34.929494
              ],
              [
                32.818816,
                34.928976
              ],
              [
                32.8160541,
                34.9300353
              ],
              [
                32.8158233,
                34.930127
              ],
              [
                32.8153409,
                34.9296321
              ],
              [
                32.8152829,
                34.9289145
              ],
              [
                32.8159731,
                34.9283626
              ],
              [
                32.8160037,
                34.9283241
              ],
              [
                32.8160156,
                34.9282791
              ],
              [
                32.8160132,
                34.9282527
              ],
              [
                32.8160052,
                34.9282294
              ],
              [
                32.8159698,
                34.9281737
              ],
              [
                32.8158085,
                34.9280669
              ],
              [
                32.8157389,
                34.928036
              ],
              [
                32.8156118,
                34.9277895
              ],
              [
                32.8153687,
                34.9272831
              ],
              [
                32.8156545,
                34.927099
              ],
              [
                32.8157169,
                34.9271041
              ],
              [
                32.8159488,
                34.9269492
              ],
              [
                32.8160049,
                34.9268773
              ],
              [
                32.8160357,
                34.9268236
              ],
              [
                32.8161709,
                34.9267212
              ],
              [
                32.8163251,
                34.9266402
              ],
              [
                32.8164023,
                34.9266255
              ],
              [
                32.8166185,
                34.9266299
              ],
              [
                32.8166802,
                34.9266498
              ],
              [
                32.8167648,
                34.9266328
              ],
              [
                32.8170324,
                34.9266262
              ],
              [
                32.8172979,
                34.9267425
              ],
              [
                32.8177067,
                34.9269087
              ],
              [
                32.81775,
                34.9269303
              ],
              [
                32.8177896,
                34.9269401
              ],
              [
                32.8180299,
                34.9270396
              ],
              [
                32.8182709,
                34.9267677
              ],
              [
                32.81884,
                34.926105
              ],
              [
                32.818971,
                34.9261721
              ],
              [
                32.8190549,
                34.9262307
              ],
              [
                32.819154,
                34.9259671
              ],
              [
                32.8192964,
                34.9255348
              ],
              [
                32.8190927,
                34.9255201
              ],
              [
                32.8190261,
                34.9255245
              ],
              [
                32.8190134,
                34.9255253
              ],
              [
                32.8189224,
                34.9255416
              ],
              [
                32.8187377,
                34.925556
              ],
              [
                32.8186196,
                34.9257443
              ],
              [
                32.8184595,
                34.9257381
              ],
              [
                32.8183664,
                34.9258099
              ],
              [
                32.8181541,
                34.9258243
              ],
              [
                32.8179824,
                34.9258
              ],
              [
                32.8175722,
                34.9257038
              ],
              [
                32.8175974,
                34.9256555
              ],
              [
                32.8177612,
                34.9256007
              ],
              [
                32.8177764,
                34.9255676
              ],
              [
                32.8177781,
                34.9255458
              ],
              [
                32.8177715,
                34.925518
              ],
              [
                32.8177585,
                34.9254966
              ],
              [
                32.8176928,
                34.9254811
              ],
              [
                32.8176154,
                34.9254696
              ],
              [
                32.8176796,
                34.9254435
              ],
              [
                32.8176803,
                34.9254296
              ],
              [
                32.817673,
                34.9254171
              ],
              [
                32.8175518,
                34.9254097
              ],
              [
                32.8176362,
                34.9253809
              ],
              [
                32.8176371,
                34.925365
              ],
              [
                32.8175761,
                34.925278
              ],
              [
                32.8174983,
                34.9252225
              ],
              [
                32.8173944,
                34.9251305
              ],
              [
                32.8173047,
                34.9249303
              ],
              [
                32.8172852,
                34.9248026
              ],
              [
                32.8172838,
                34.9247259
              ],
              [
                32.8172303,
                34.9246508
              ],
              [
                32.8171715,
                34.92462
              ],
              [
                32.8170219,
                34.9245653
              ],
              [
                32.8169601,
                34.9244873
              ],
              [
                32.8168833,
                34.9243691
              ],
              [
                32.8168718,
                34.9243191
              ],
              [
                32.8169076,
                34.9242443
              ],
              [
                32.8170586,
                34.9240784
              ],
              [
                32.8172436,
                34.9238461
              ],
              [
                32.8174139,
                34.9235498
              ],
              [
                32.817557,
                34.9236073
              ],
              [
                32.8183509,
                34.9237757
              ],
              [
                32.8191067,
                34.9236095
              ],
              [
                32.8192087,
                34.9237362
              ],
              [
                32.8186915,
                34.9240129
              ],
              [
                32.8190212,
                34.9243695
              ],
              [
                32.8195605,
                34.9240595
              ],
              [
                32.8200752,
                34.923927
              ],
              [
                32.8198717,
                34.9235311
              ],
              [
                32.82004,
                34.9235093
              ],
              [
                32.8202964,
                34.923459
              ],
              [
                32.8203774,
                34.9234399
              ],
              [
                32.8208513,
                34.9233558
              ],
              [
                32.8209225,
                34.9235825
              ],
              [
                32.820912,
                34.9236349
              ],
              [
                32.8209245,
                34.9236691
              ],
              [
                32.8209574,
                34.9236935
              ],
              [
                32.820977,
                34.9237559
              ],
              [
                32.8212184,
                34.9239498
              ],
              [
                32.8217676,
                34.924482
              ],
              [
                32.8212199,
                34.9245033
              ],
              [
                32.8216406,
                34.9248832
              ],
              [
                32.8216534,
                34.9248833
              ],
              [
                32.8217205,
                34.9249252
              ],
              [
                32.8217339,
                34.9249668
              ],
              [
                32.8220256,
                34.9252272
              ],
              [
                32.8220927,
                34.9252319
              ],
              [
                32.8221354,
                34.925257
              ],
              [
                32.8223764,
                34.9250127
              ],
              [
                32.8219249,
                34.9244945
              ],
              [
                32.8222228,
                34.9243215
              ],
              [
                32.822429,
                34.9242072
              ],
              [
                32.8224205,
                34.9245055
              ],
              [
                32.8225374,
                34.9249625
              ],
              [
                32.8225735,
                34.9251208
              ],
              [
                32.8226412,
                34.9252928
              ],
              [
                32.8228301,
                34.9254684
              ],
              [
                32.8231644,
                34.9257615
              ],
              [
                32.823415,
                34.9259929
              ],
              [
                32.8238246,
                34.9263621
              ],
              [
                32.8241992,
                34.9266926
              ],
              [
                32.824849,
                34.9267812
              ],
              [
                32.8249938,
                34.9268096
              ],
              [
                32.8260173,
                34.9269497
              ],
              [
                32.8266907,
                34.9270356
              ],
              [
                32.8280375,
                34.9272159
              ],
              [
                32.8297395,
                34.9257443
              ],
              [
                32.8301034,
                34.9254369
              ],
              [
                32.8299985,
                34.9241576
              ],
              [
                32.8299029,
                34.9228608
              ],
              [
                32.83147,
                34.923966
              ],
              [
                32.8329666,
                34.9238748
              ],
              [
                32.8330285,
                34.9237904
              ],
              [
                32.8335207,
                34.9231749
              ],
              [
                32.8334846,
                34.9227224
              ],
              [
                32.8324601,
                34.9218955
              ],
              [
                32.8321552,
                34.9218943
              ],
              [
                32.8311429,
                34.9218625
              ],
              [
                32.8299408,
                34.9211501
              ],
              [
                32.8298064,
                34.9210829
              ],
              [
                32.8296058,
                34.9210716
              ],
              [
                32.8290235,
                34.9210557
              ],
              [
                32.828442,
                34.9210498
              ],
              [
                32.8277138,
                34.9211245
              ],
              [
                32.8276329,
                34.9211214
              ],
              [
                32.82705,
                34.9211357
              ],
              [
                32.8266627,
                34.9210953
              ],
              [
                32.8265583,
                34.9210977
              ],
              [
                32.8264739,
                34.9211112
              ],
              [
                32.8263791,
                34.9211392
              ],
              [
                32.826322,
                34.9211606
              ],
              [
                32.8262443,
                34.9211991
              ],
              [
                32.8259842,
                34.9213063
              ],
              [
                32.8257986,
                34.9213527
              ],
              [
                32.8256098,
                34.9213825
              ],
              [
                32.8254345,
                34.9213873
              ],
              [
                32.8253367,
                34.9214119
              ],
              [
                32.8252497,
                34.9214421
              ],
              [
                32.8251618,
                34.9214958
              ],
              [
                32.8250351,
                34.9215633
              ],
              [
                32.824991,
                34.921602
              ],
              [
                32.8248758,
                34.9217181
              ],
              [
                32.8248284,
                34.9217554
              ],
              [
                32.8246426,
                34.921842
              ],
              [
                32.8245444,
                34.9218664
              ],
              [
                32.8244048,
                34.9218785
              ],
              [
                32.824302,
                34.9218781
              ],
              [
                32.8240479,
                34.9218341
              ],
              [
                32.8239571,
                34.921806
              ],
              [
                32.8237089,
                34.9216093
              ],
              [
                32.823585,
                34.9214936
              ],
              [
                32.8234474,
                34.9214029
              ],
              [
                32.8233179,
                34.9213607
              ],
              [
                32.8231934,
                34.9213367
              ],
              [
                32.823131,
                34.9213322
              ],
              [
                32.8230839,
                34.9213362
              ],
              [
                32.8230079,
                34.9213581
              ],
              [
                32.8228863,
                34.9214103
              ],
              [
                32.8227933,
                34.9214738
              ],
              [
                32.8226278,
                34.9215342
              ],
              [
                32.8225112,
                34.9215961
              ],
              [
                32.8224808,
                34.9216085
              ],
              [
                32.8223519,
                34.9217564
              ],
              [
                32.822218,
                34.9218946
              ],
              [
                32.8221882,
                34.9219336
              ],
              [
                32.8221332,
                34.9219859
              ],
              [
                32.8220384,
                34.9220632
              ],
              [
                32.8217406,
                34.9222715
              ],
              [
                32.8216186,
                34.9223904
              ],
              [
                32.8215217,
                34.9225384
              ],
              [
                32.8214232,
                34.9226671
              ],
              [
                32.8212928,
                34.9227776
              ],
              [
                32.8211694,
                34.9228423
              ],
              [
                32.8210428,
                34.9228889
              ],
              [
                32.8207685,
                34.9228309
              ],
              [
                32.8204437,
                34.9227824
              ],
              [
                32.8203033,
                34.9225946
              ],
              [
                32.8204704,
                34.9219791
              ],
              [
                32.820515,
                34.9218433
              ],
              [
                32.8169872,
                34.9224186
              ],
              [
                32.8170872,
                34.9217544
              ],
              [
                32.8171758,
                34.9210235
              ],
              [
                32.8172675,
                34.9203495
              ],
              [
                32.8158909,
                34.9201866
              ],
              [
                32.8150567,
                34.9215594
              ],
              [
                32.8148497,
                34.9217889
              ],
              [
                32.8143407,
                34.9223696
              ],
              [
                32.813818,
                34.921517
              ],
              [
                32.8127276,
                34.919803
              ],
              [
                32.8118604,
                34.9206519
              ],
              [
                32.8119378,
                34.9207515
              ],
              [
                32.8119644,
                34.9208113
              ],
              [
                32.8119625,
                34.9208487
              ],
              [
                32.8118688,
                34.9210065
              ],
              [
                32.8118362,
                34.9211146
              ],
              [
                32.811861,
                34.9211785
              ],
              [
                32.811983,
                34.9213456
              ],
              [
                32.8119958,
                34.9214622
              ],
              [
                32.8119868,
                34.9215454
              ],
              [
                32.8119527,
                34.9216202
              ],
              [
                32.8119034,
                34.921688
              ],
              [
                32.8117695,
                34.9218137
              ],
              [
                32.8116932,
                34.9219035
              ],
              [
                32.8116351,
                34.922031
              ],
              [
                32.8115652,
                34.9221597
              ],
              [
                32.811397,
                34.9223991
              ],
              [
                32.8113324,
                34.9224807
              ],
              [
                32.8111996,
                34.9227091
              ],
              [
                32.8111419,
                34.9229815
              ],
              [
                32.811054,
                34.9230325
              ],
              [
                32.8109879,
                34.9230974
              ],
              [
                32.810928,
                34.9232498
              ],
              [
                32.8108619,
                34.9233092
              ],
              [
                32.8108094,
                34.9233492
              ],
              [
                32.8106491,
                34.9233943
              ],
              [
                32.8105256,
                34.9234674
              ],
              [
                32.8104037,
                34.9235668
              ],
              [
                32.8102974,
                34.9235986
              ],
              [
                32.8102631,
                34.9235883
              ],
              [
                32.8102157,
                34.9235827
              ],
              [
                32.8101735,
                34.9235854
              ],
              [
                32.8101319,
                34.9235956
              ],
              [
                32.8100968,
                34.9236113
              ],
              [
                32.8100257,
                34.9236637
              ],
              [
                32.8099784,
                34.923676
              ],
              [
                32.8098388,
                34.9236449
              ],
              [
                32.8095256,
                34.9236019
              ],
              [
                32.8093489,
                34.9235707
              ],
              [
                32.8093224,
                34.9234887
              ],
              [
                32.8092758,
                34.9233969
              ],
              [
                32.8091838,
                34.9232855
              ],
              [
                32.8091067,
                34.9232228
              ],
              [
                32.8089035,
                34.9231095
              ],
              [
                32.8087827,
                34.9230313
              ],
              [
                32.808692,
                34.9229824
              ],
              [
                32.8086028,
                34.9229723
              ],
              [
                32.8084977,
                34.9229828
              ],
              [
                32.8084674,
                34.9229762
              ],
              [
                32.8084299,
                34.922943
              ],
              [
                32.8084183,
                34.9229154
              ],
              [
                32.8084185,
                34.9228879
              ],
              [
                32.8084799,
                34.9227634
              ],
              [
                32.8084794,
                34.9227526
              ],
              [
                32.8084095,
                34.9226177
              ],
              [
                32.8084133,
                34.9225428
              ],
              [
                32.8084353,
                34.9225193
              ],
              [
                32.8087116,
                34.9225246
              ],
              [
                32.8086854,
                34.9224038
              ],
              [
                32.808686,
                34.9223108
              ],
              [
                32.8087593,
                34.9221723
              ],
              [
                32.8088423,
                34.9220992
              ],
              [
                32.8088957,
                34.9221854
              ],
              [
                32.808922,
                34.9220148
              ],
              [
                32.8089748,
                34.9219207
              ],
              [
                32.8090428,
                34.9218363
              ],
              [
                32.8094667,
                34.9211138
              ],
              [
                32.8095879,
                34.9210179
              ],
              [
                32.8098261,
                34.9207615
              ],
              [
                32.8100404,
                34.9206104
              ],
              [
                32.8102215,
                34.9204669
              ],
              [
                32.8107445,
                34.9200902
              ],
              [
                32.8108158,
                34.9199934
              ],
              [
                32.8108468,
                34.9198163
              ],
              [
                32.8108766,
                34.9197571
              ],
              [
                32.8109244,
                34.9197059
              ],
              [
                32.8109706,
                34.9196485
              ],
              [
                32.8110901,
                34.9196642
              ],
              [
                32.8115769,
                34.9193124
              ],
              [
                32.8117735,
                34.9191637
              ],
              [
                32.812004,
                34.9189976
              ],
              [
                32.8122713,
                34.918813
              ],
              [
                32.8125182,
                34.9186364
              ],
              [
                32.8126042,
                34.9186243
              ],
              [
                32.8132269,
                34.9185988
              ],
              [
                32.8137887,
                34.918582
              ],
              [
                32.8138251,
                34.9186931
              ],
              [
                32.8139088,
                34.9187795
              ],
              [
                32.8139471,
                34.9188615
              ],
              [
                32.8139332,
                34.9189225
              ],
              [
                32.8137484,
                34.9191202
              ],
              [
                32.8139479,
                34.9191391
              ],
              [
                32.814423,
                34.919141
              ],
              [
                32.814668,
                34.9193002
              ],
              [
                32.8149127,
                34.9192318
              ],
              [
                32.8159066,
                34.9189944
              ],
              [
                32.8161489,
                34.9189511
              ],
              [
                32.8159102,
                34.9188373
              ],
              [
                32.8150609,
                34.9185345
              ],
              [
                32.8154659,
                34.9184224
              ],
              [
                32.8158868,
                34.9183228
              ],
              [
                32.8160643,
                34.9182922
              ],
              [
                32.8164552,
                34.9182043
              ],
              [
                32.8175466,
                34.9179411
              ],
              [
                32.818159,
                34.9175107
              ],
              [
                32.8187825,
                34.9170209
              ],
              [
                32.8191321,
                34.9167598
              ],
              [
                32.8193269,
                34.9165913
              ],
              [
                32.8196856,
                34.9163264
              ],
              [
                32.8200616,
                34.9159866
              ],
              [
                32.8205056,
                34.9155555
              ],
              [
                32.8210161,
                34.915069
              ],
              [
                32.8212373,
                34.9148896
              ],
              [
                32.8213256,
                34.9147818
              ],
              [
                32.8232459,
                34.9136628
              ],
              [
                32.8233474,
                34.9135939
              ],
              [
                32.8231855,
                34.9130493
              ],
              [
                32.8233551,
                34.9122951
              ],
              [
                32.8236468,
                34.9119605
              ],
              [
                32.8230468,
                34.9120191
              ],
              [
                32.8228514,
                34.9120267
              ],
              [
                32.8224098,
                34.9120637
              ],
              [
                32.8219912,
                34.9122119
              ],
              [
                32.821919,
                34.9121792
              ],
              [
                32.821791,
                34.9121584
              ],
              [
                32.8216498,
                34.9121051
              ],
              [
                32.8215272,
                34.9120744
              ],
              [
                32.8211517,
                34.9120337
              ],
              [
                32.8207612,
                34.9119766
              ],
              [
                32.8206249,
                34.9119455
              ],
              [
                32.8206572,
                34.9119095
              ],
              [
                32.8207772,
                34.9118406
              ],
              [
                32.8212175,
                34.9114428
              ],
              [
                32.82138,
                34.911313
              ],
              [
                32.8203584,
                34.9108815
              ],
              [
                32.8199047,
                34.9112654
              ],
              [
                32.8192361,
                34.9109574
              ],
              [
                32.8200202,
                34.9104333
              ],
              [
                32.8206804,
                34.9100059
              ],
              [
                32.8205223,
                34.9097812
              ],
              [
                32.8203127,
                34.9095333
              ],
              [
                32.8202755,
                34.9095064
              ],
              [
                32.8203512,
                34.9092747
              ],
              [
                32.8206068,
                34.9087845
              ],
              [
                32.8199964,
                34.9088903
              ],
              [
                32.8196986,
                34.9085616
              ],
              [
                32.8193214,
                34.9085434
              ],
              [
                32.818506,
                34.9077242
              ],
              [
                32.8186177,
                34.9073611
              ],
              [
                32.8192112,
                34.9055539
              ],
              [
                32.8192728,
                34.9053229
              ],
              [
                32.819682,
                34.9051333
              ],
              [
                32.8204624,
                34.9047813
              ],
              [
                32.822228,
                34.9039026
              ],
              [
                32.822861,
                34.9036023
              ],
              [
                32.823152,
                34.9038952
              ],
              [
                32.8232812,
                34.9040368
              ],
              [
                32.8236007,
                34.9039838
              ],
              [
                32.8237458,
                34.9036712
              ],
              [
                32.8237179,
                34.9033809
              ],
              [
                32.8237169,
                34.9032724
              ],
              [
                32.8241646,
                34.9036837
              ],
              [
                32.8247555,
                34.9042387
              ],
              [
                32.824942,
                34.904417
              ],
              [
                32.8251195,
                34.9045947
              ],
              [
                32.8265791,
                34.9046602
              ],
              [
                32.8266023,
                34.9047708
              ],
              [
                32.826642,
                34.9048625
              ],
              [
                32.826744,
                34.9050188
              ],
              [
                32.8268298,
                34.9051188
              ],
              [
                32.8269355,
                34.9051972
              ],
              [
                32.8270594,
                34.9052628
              ],
              [
                32.8271759,
                34.9053154
              ],
              [
                32.8269717,
                34.9053708
              ],
              [
                32.8273501,
                34.9056798
              ],
              [
                32.8276619,
                34.9055083
              ],
              [
                32.8267691,
                34.9046759
              ],
              [
                32.8274046,
                34.9047713
              ],
              [
                32.8282712,
                34.9049085
              ],
              [
                32.8286115,
                34.9049668
              ],
              [
                32.8291368,
                34.9047879
              ],
              [
                32.8294329,
                34.9046718
              ],
              [
                32.8301192,
                34.9043912
              ],
              [
                32.8309252,
                34.904069
              ],
              [
                32.8318052,
                34.9037237
              ],
              [
                32.8325112,
                34.9036092
              ],
              [
                32.8326577,
                34.9035969
              ],
              [
                32.8338306,
                34.9034219
              ],
              [
                32.8341979,
                34.9033739
              ],
              [
                32.835658,
                34.9036162
              ],
              [
                32.8357278,
                34.9036064
              ],
              [
                32.8365114,
                34.903604
              ],
              [
                32.8392536,
                34.903572
              ],
              [
                32.8402147,
                34.9032418
              ],
              [
                32.8405119,
                34.9031317
              ],
              [
                32.8414397,
                34.902813
              ],
              [
                32.8438312,
                34.9019444
              ],
              [
                32.8436958,
                34.9017031
              ],
              [
                32.8436711,
                34.9016743
              ],
              [
                32.8432884,
                34.9010316
              ],
              [
                32.8447618,
                34.8999363
              ],
              [
                32.8446787,
                34.8998889
              ],
              [
                32.844613,
                34.8998744
              ],
              [
                32.8444393,
                34.8997923
              ],
              [
                32.8444163,
                34.8997643
              ],
              [
                32.8463536,
                34.8979993
              ],
              [
                32.843341,
                34.8958552
              ],
              [
                32.8470944,
                34.8957914
              ],
              [
                32.8467098,
                34.8947716
              ],
              [
                32.8466291,
                34.8937639
              ],
              [
                32.8478002,
                34.89338
              ],
              [
                32.8478328,
                34.8935921
              ],
              [
                32.8478651,
                34.8937636
              ],
              [
                32.8479214,
                34.8939385
              ],
              [
                32.8480837,
                34.8942089
              ],
              [
                32.8484052,
                34.893571
              ],
              [
                32.8496722,
                34.8927316
              ],
              [
                32.8500161,
                34.8924918
              ],
              [
                32.8504843,
                34.8928483
              ],
              [
                32.8507968,
                34.8930691
              ],
              [
                32.8522826,
                34.8941447
              ],
              [
                32.8539136,
                34.8923714
              ],
              [
                32.8546703,
                34.8922205
              ],
              [
                32.8554589,
                34.8920412
              ],
              [
                32.8560435,
                34.8926745
              ],
              [
                32.8566999,
                34.8934041
              ],
              [
                32.8570975,
                34.893838
              ],
              [
                32.8572886,
                34.8928007
              ],
              [
                32.8575058,
                34.8928065
              ],
              [
                32.8576226,
                34.8921205
              ],
              [
                32.8574171,
                34.8920776
              ],
              [
                32.8575244,
                34.8914845
              ],
              [
                32.8577594,
                34.8903112
              ],
              [
                32.8579063,
                34.8899727
              ],
              [
                32.8600151,
                34.8904249
              ],
              [
                32.8607241,
                34.8906726
              ],
              [
                32.8606152,
                34.8910705
              ],
              [
                32.8611187,
                34.8912347
              ],
              [
                32.861169,
                34.8909922
              ],
              [
                32.8612559,
                34.890852
              ],
              [
                32.8622685,
                34.8911483
              ],
              [
                32.8618599,
                34.8923323
              ],
              [
                32.8638061,
                34.8919484
              ],
              [
                32.8640377,
                34.8927623
              ],
              [
                32.8640474,
                34.8929594
              ],
              [
                32.863781,
                34.8930087
              ],
              [
                32.8637412,
                34.893004
              ],
              [
                32.863482,
                34.8930637
              ],
              [
                32.8633155,
                34.8931267
              ],
              [
                32.8632422,
                34.893166
              ],
              [
                32.8631753,
                34.8932327
              ],
              [
                32.8631536,
                34.8932774
              ],
              [
                32.8631408,
                34.8934994
              ],
              [
                32.8631453,
                34.8935759
              ],
              [
                32.863202,
                34.893767
              ],
              [
                32.8632457,
                34.8938473
              ],
              [
                32.8634822,
                34.8942114
              ],
              [
                32.8635144,
                34.8942717
              ],
              [
                32.8635338,
                34.894355
              ],
              [
                32.8635231,
                34.8944047
              ],
              [
                32.8634692,
                34.8945048
              ],
              [
                32.8636154,
                34.8946625
              ],
              [
                32.863851,
                34.8948638
              ],
              [
                32.8640151,
                34.8949716
              ],
              [
                32.864015,
                34.8951352
              ],
              [
                32.8640478,
                34.8952072
              ],
              [
                32.8641097,
                34.8952736
              ],
              [
                32.8641805,
                34.8953221
              ],
              [
                32.8641705,
                34.8953394
              ],
              [
                32.8641209,
                34.8953523
              ],
              [
                32.8640205,
                34.8954523
              ],
              [
                32.8638503,
                34.8957256
              ],
              [
                32.8639256,
                34.8957682
              ],
              [
                32.8638591,
                34.8958539
              ],
              [
                32.8637836,
                34.8958961
              ],
              [
                32.8636973,
                34.8959996
              ],
              [
                32.8636043,
                34.8961983
              ],
              [
                32.863584,
                34.8962601
              ],
              [
                32.8635697,
                34.8964044
              ],
              [
                32.8635517,
                34.896498
              ],
              [
                32.863481,
                34.8965107
              ],
              [
                32.863452,
                34.8965471
              ],
              [
                32.8632973,
                34.8966197
              ],
              [
                32.8632708,
                34.8966863
              ],
              [
                32.8632365,
                34.8967249
              ],
              [
                32.8632206,
                34.8967615
              ],
              [
                32.8631865,
                34.8967979
              ],
              [
                32.8631706,
                34.8968323
              ],
              [
                32.8631546,
                34.8968882
              ],
              [
                32.8631722,
                34.8970152
              ],
              [
                32.8631572,
                34.8970642
              ],
              [
                32.8628565,
                34.8969493
              ],
              [
                32.8628058,
                34.8970663
              ],
              [
                32.8628757,
                34.8972204
              ],
              [
                32.8630232,
                34.8975017
              ],
              [
                32.8633907,
                34.8973964
              ],
              [
                32.863409,
                34.8973876
              ],
              [
                32.8657689,
                34.8970787
              ],
              [
                32.8661664,
                34.8966919
              ],
              [
                32.8664825,
                34.8963684
              ],
              [
                32.8684477,
                34.8956669
              ],
              [
                32.8685739,
                34.8957079
              ],
              [
                32.8686292,
                34.8957307
              ],
              [
                32.8687271,
                34.8957432
              ],
              [
                32.8688728,
                34.8957413
              ],
              [
                32.8690211,
                34.895727
              ],
              [
                32.8690286,
                34.8957477
              ],
              [
                32.8690787,
                34.8958326
              ],
              [
                32.8691138,
                34.8958596
              ],
              [
                32.8691697,
                34.8958894
              ],
              [
                32.8692282,
                34.8958884
              ],
              [
                32.8692881,
                34.8958584
              ],
              [
                32.8693363,
                34.8957985
              ],
              [
                32.8695687,
                34.895426
              ],
              [
                32.8696089,
                34.8953245
              ],
              [
                32.86968,
                34.8952102
              ],
              [
                32.8697008,
                34.8951478
              ],
              [
                32.8696942,
                34.8949954
              ],
              [
                32.8696978,
                34.8949099
              ],
              [
                32.8696648,
                34.8948363
              ],
              [
                32.8694917,
                34.8946589
              ],
              [
                32.8691592,
                34.8943785
              ],
              [
                32.8690812,
                34.8943198
              ],
              [
                32.8690449,
                34.8942541
              ],
              [
                32.8690381,
                34.8941926
              ],
              [
                32.869059,
                34.8941141
              ],
              [
                32.8690939,
                34.8940098
              ],
              [
                32.8691166,
                34.8938992
              ],
              [
                32.8694565,
                34.8939293
              ],
              [
                32.8698183,
                34.8939796
              ],
              [
                32.8713399,
                34.8937648
              ],
              [
                32.8717508,
                34.8932009
              ],
              [
                32.8721528,
                34.89264
              ],
              [
                32.8723714,
                34.8923653
              ],
              [
                32.8731025,
                34.8913931
              ],
              [
                32.8733742,
                34.8912666
              ],
              [
                32.8740572,
                34.8909851
              ],
              [
                32.8743501,
                34.8908814
              ],
              [
                32.8745429,
                34.8907711
              ],
              [
                32.8753457,
                34.8903326
              ],
              [
                32.8754123,
                34.8902477
              ],
              [
                32.8754688,
                34.8901661
              ],
              [
                32.8755618,
                34.890114
              ],
              [
                32.8756639,
                34.8900912
              ],
              [
                32.8758259,
                34.8900745
              ],
              [
                32.875968,
                34.8900442
              ]
            ]
          ]
        ]
      },
      "id": "relation/14980210"
    }
  ]
}
