{
  "type": "FeatureCollection",
  "generator": "overpass-turbo",
  "copyright": "The data included in this document is from www.openstreetmap.org. The data is made available under ODbL.",
  "timestamp": "2026-08-25T23:31:35Z",
  "features": [
    {
      "type": "Feature",
      "properties": {
        "@id": "relation/14999129",
        "leisure": "nature_reserve",
        "name:en": "Macheiras National Forest Park",
        "operator": "Department of Forests",
        "type": "multipolygon"
      },
      "geometry": {
        "type": "MultiPolygon",
        "coordinates": [
          [
            [
              [
                33.2859681,
                34.9579518
              ],
              [
                33.2864912,
                34.9590904
              ],
              [
                33.2879598,
                34.9611201
              ],
              [
                33.2899451,
                34.961864
              ],
              [
                33.2897463,
                34.96355
              ],
              [
                33.2877975,
                34.9645523
              ],
              [
                33.286282,
                34.9654867
              ],
              [
                33.2847962,
                34.9643599
              ],
              [
                33.2817094,
                34.9642733
              ],
              [
                33.282055,
                34.9629036
              ],
              [
                33.2835509,
                34.9602401
              ],
              [
                33.2815597,
                34.9584713
              ],
              [
                33.2814896,
                34.9581832
              ],
              [
                33.2781644,
                34.9604969
              ],
              [
                33.2777083,
                34.9599376
              ],
              [
                33.2754868,
                34.9580664
              ],
              [
                33.27527,
                34.9577724
              ],
              [
                33.2740585,
                34.9561297
              ],
              [
                33.2737358,
                34.955684
              ],
              [
                33.2736406,
                34.9554238
              ],
              [
                33.2741887,
                34.9546023
              ],
              [
                33.2725104,
                34.9531876
              ],
              [
                33.2724271,
                34.9517341
              ],
              [
                33.2731116,
                34.9509795
              ],
              [
                33.273772,
                34.9498632
              ],
              [
                33.2752718,
                34.9502141
              ],
              [
                33.2779293,
                34.950028
              ],
              [
                33.2804754,
                34.9495492
              ],
              [
                33.2839798,
                34.9503499
              ],
              [
                33.2846719,
                34.9512881
              ],
              [
                33.2827283,
                34.9523604
              ],
              [
                33.2821755,
                34.95239
              ],
              [
                33.2817135,
                34.9519887
              ],
              [
                33.2809845,
                34.9523024
              ],
              [
                33.2795989,
                34.9525451
              ],
              [
                33.281736,
                34.9547996
              ],
              [
                33.2823652,
                34.9560202
              ],
              [
                33.2844598,
                34.9557344
              ],
              [
                33.2838463,
                34.9549182
              ],
              [
                33.2831988,
                34.9544188
              ],
              [
                33.2848461,
                34.9539499
              ],
              [
                33.2871731,
                34.9545588
              ],
              [
                33.2887887,
                34.955585
              ],
              [
                33.2888728,
                34.9556468
              ],
              [
                33.2903825,
                34.9566131
              ],
              [
                33.2859681,
                34.9579518
              ]
            ],
            [
              [
                33.2761818,
                34.9562054
              ],
              [
                33.2775588,
                34.9571024
              ],
              [
                33.2777306,
                34.9531969
              ],
              [
                33.2766927,
                34.9534391
              ],
              [
                33.2761818,
                34.9562054
              ]
            ]
          ],
          [
            [
              [
                33.2482775,
                34.907232
              ],
              [
                33.2489244,
                34.907052
              ],
              [
                33.2496521,
                34.9063331
              ],
              [
                33.2517175,
                34.904269
              ],
              [
                33.2522699,
                34.9040649
              ],
              [
                33.2528342,
                34.9038641
              ],
              [
                33.2534474,
                34.9026513
              ],
              [
                33.2495703,
                34.9022306
              ],
              [
                33.2526416,
                34.8993379
              ],
              [
                33.2537707,
                34.8982671
              ],
              [
                33.2529266,
                34.8981612
              ],
              [
                33.2522384,
                34.8980916
              ],
              [
                33.2512864,
                34.897745
              ],
              [
                33.2501109,
                34.8966862
              ],
              [
                33.2471791,
                34.8954352
              ],
              [
                33.2459224,
                34.8958136
              ],
              [
                33.2449499,
                34.896113
              ],
              [
                33.2451134,
                34.8920254
              ],
              [
                33.2451926,
                34.892081
              ],
              [
                33.2454027,
                34.892174
              ],
              [
                33.2454693,
                34.8921994
              ],
              [
                33.2455052,
                34.8922185
              ],
              [
                33.2455257,
                34.8922375
              ],
              [
                33.2455257,
                34.8922607
              ],
              [
                33.2454077,
                34.8923451
              ],
              [
                33.2453684,
                34.8923951
              ],
              [
                33.2453497,
                34.8924318
              ],
              [
                33.2453362,
                34.8924751
              ],
              [
                33.2453313,
                34.8925146
              ],
              [
                33.2453331,
                34.8925543
              ],
              [
                33.2453383,
                34.8925817
              ],
              [
                33.2455276,
                34.8930232
              ],
              [
                33.2455761,
                34.8932598
              ],
              [
                33.2455863,
                34.8933359
              ],
              [
                33.2455862,
                34.8934056
              ],
              [
                33.2455631,
                34.89349
              ],
              [
                33.2455579,
                34.8935619
              ],
              [
                33.2455629,
                34.8936506
              ],
              [
                33.2455911,
                34.8937604
              ],
              [
                33.2456496,
                34.8939117
              ],
              [
                33.2456685,
                34.8939489
              ],
              [
                33.2457089,
                34.8940029
              ],
              [
                33.2457611,
                34.8940495
              ],
              [
                33.2458112,
                34.8940809
              ],
              [
                33.2458731,
                34.8941078
              ],
              [
                33.2459193,
                34.8941212
              ],
              [
                33.2460496,
                34.8941472
              ],
              [
                33.2464854,
                34.8941348
              ],
              [
                33.2468213,
                34.8941202
              ],
              [
                33.2468853,
                34.8941498
              ],
              [
                33.2474098,
                34.8946095
              ],
              [
                33.2479611,
                34.8947582
              ],
              [
                33.2485299,
                34.8948937
              ],
              [
                33.2494218,
                34.8952403
              ],
              [
                33.2506467,
                34.8944926
              ],
              [
                33.2512307,
                34.894783
              ],
              [
                33.2517386,
                34.8950767
              ],
              [
                33.25707,
                34.8921982
              ],
              [
                33.2624393,
                34.8919896
              ],
              [
                33.2627104,
                34.8936974
              ],
              [
                33.2627418,
                34.8940185
              ],
              [
                33.2631314,
                34.8941385
              ],
              [
                33.2632951,
                34.8942176
              ],
              [
                33.2634015,
                34.8942807
              ],
              [
                33.263595,
                34.894493
              ],
              [
                33.263675,
                34.894681
              ],
              [
                33.2637329,
                34.8948376
              ],
              [
                33.2637908,
                34.8949546
              ],
              [
                33.2638927,
                34.8951047
              ],
              [
                33.2639727,
                34.8951904
              ],
              [
                33.2641327,
                34.8953091
              ],
              [
                33.2642547,
                34.8953784
              ],
              [
                33.2644087,
                34.8954065
              ],
              [
                33.2646347,
                34.8954363
              ],
              [
                33.2647328,
                34.8954544
              ],
              [
                33.2648688,
                34.8954858
              ],
              [
                33.2649474,
                34.8955274
              ],
              [
                33.2650789,
                34.8956504
              ],
              [
                33.2651252,
                34.8957049
              ],
              [
                33.2651604,
                34.8957731
              ],
              [
                33.2651824,
                34.8958985
              ],
              [
                33.265211,
                34.895953
              ],
              [
                33.2652518,
                34.8959875
              ],
              [
                33.2653069,
                34.8960266
              ],
              [
                33.2653698,
                34.8960612
              ],
              [
                33.2654602,
                34.8960766
              ],
              [
                33.265566,
                34.8960867
              ],
              [
                33.265781,
                34.8960749
              ],
              [
                33.2658494,
                34.8960804
              ],
              [
                33.2659012,
                34.8961004
              ],
              [
                33.2659817,
                34.8961168
              ],
              [
                33.2659872,
                34.8961995
              ],
              [
                33.2660202,
                34.8963094
              ],
              [
                33.2660267,
                34.8963694
              ],
              [
                33.2660565,
                34.8964185
              ],
              [
                33.2660763,
                34.8965039
              ],
              [
                33.2661215,
                34.8965693
              ],
              [
                33.2661556,
                34.8966338
              ],
              [
                33.2662041,
                34.8966947
              ],
              [
                33.2662449,
                34.8967383
              ],
              [
                33.2662801,
                34.8967601
              ],
              [
                33.2663606,
                34.8967756
              ],
              [
                33.2664389,
                34.8967838
              ],
              [
                33.2666175,
                34.8967775
              ],
              [
                33.2667498,
                34.896783
              ],
              [
                33.2668226,
                34.8967931
              ],
              [
                33.2668854,
                34.8968158
              ],
              [
                33.2669428,
                34.8968494
              ],
              [
                33.2670133,
                34.8969367
              ],
              [
                33.2670377,
                34.8969808
              ],
              [
                33.2656249,
                34.8974561
              ],
              [
                33.2655856,
                34.8974589
              ],
              [
                33.2655832,
                34.8975002
              ],
              [
                33.2655753,
                34.897519
              ],
              [
                33.2655208,
                34.8975897
              ],
              [
                33.2654475,
                34.8976686
              ],
              [
                33.2653512,
                34.8977493
              ],
              [
                33.2652796,
                34.8977924
              ],
              [
                33.2650899,
                34.8978631
              ],
              [
                33.2648618,
                34.8979247
              ],
              [
                33.264667,
                34.8980561
              ],
              [
                33.2645771,
                34.8981218
              ],
              [
                33.2645121,
                34.8981464
              ],
              [
                33.2644622,
                34.8981464
              ],
              [
                33.2643873,
                34.8981258
              ],
              [
                33.2641427,
                34.8980189
              ],
              [
                33.2638981,
                34.8980147
              ],
              [
                33.2637583,
                34.8980475
              ],
              [
                33.2637843,
                34.8980978
              ],
              [
                33.2639443,
                34.898151
              ],
              [
                33.2640881,
                34.8982091
              ],
              [
                33.2642214,
                34.8982758
              ],
              [
                33.2642682,
                34.8983154
              ],
              [
                33.264352,
                34.8984437
              ],
              [
                33.2644147,
                34.8985254
              ],
              [
                33.2644486,
                34.8985556
              ],
              [
                33.2645035,
                34.8985921
              ],
              [
                33.2645531,
                34.8986072
              ],
              [
                33.2646734,
                34.8986202
              ],
              [
                33.2647952,
                34.8986146
              ],
              [
                33.2649719,
                34.8985799
              ],
              [
                33.2652222,
                34.8984336
              ],
              [
                33.2652519,
                34.8984193
              ],
              [
                33.2652817,
                34.8984136
              ],
              [
                33.2653131,
                34.898418
              ],
              [
                33.2656987,
                34.8985373
              ],
              [
                33.2657371,
                34.8985403
              ],
              [
                33.2658752,
                34.8985349
              ],
              [
                33.2660335,
                34.898505
              ],
              [
                33.2660685,
                34.8985037
              ],
              [
                33.2661279,
                34.8985024
              ],
              [
                33.2662012,
                34.8985199
              ],
              [
                33.2667356,
                34.8987526
              ],
              [
                33.2667722,
                34.8987844
              ],
              [
                33.2668694,
                34.8989429
              ],
              [
                33.2668971,
                34.8989949
              ],
              [
                33.2669882,
                34.8990907
              ],
              [
                33.2670092,
                34.8991241
              ],
              [
                33.2669629,
                34.8991001
              ],
              [
                33.2661905,
                34.8993027
              ],
              [
                33.2649768,
                34.8993004
              ],
              [
                33.2644045,
                34.8992933
              ],
              [
                33.2629371,
                34.8991419
              ],
              [
                33.2629769,
                34.8995661
              ],
              [
                33.263039,
                34.9003988
              ],
              [
                33.2631324,
                34.9018458
              ],
              [
                33.2641368,
                34.9029702
              ],
              [
                33.2651698,
                34.9051622
              ],
              [
                33.2656367,
                34.9061833
              ],
              [
                33.2654913,
                34.9082119
              ],
              [
                33.2654471,
                34.9087346
              ],
              [
                33.2654181,
                34.909195
              ],
              [
                33.2653256,
                34.9104142
              ],
              [
                33.2653838,
                34.9104141
              ],
              [
                33.265485,
                34.9106615
              ],
              [
                33.2658447,
                34.9112136
              ],
              [
                33.2656917,
                34.911869
              ],
              [
                33.2659147,
                34.9124768
              ],
              [
                33.2660368,
                34.9123703
              ],
              [
                33.2664532,
                34.9120608
              ],
              [
                33.2665997,
                34.9119764
              ],
              [
                33.2670561,
                34.9122099
              ],
              [
                33.2679419,
                34.9126476
              ],
              [
                33.2679515,
                34.9128567
              ],
              [
                33.2677501,
                34.9130044
              ],
              [
                33.2676437,
                34.9132245
              ],
              [
                33.2675766,
                34.9133371
              ],
              [
                33.2676522,
                34.9134266
              ],
              [
                33.2675141,
                34.9136377
              ],
              [
                33.2679203,
                34.9141767
              ],
              [
                33.2684549,
                34.914005
              ],
              [
                33.268111,
                34.9135303
              ],
              [
                33.2680159,
                34.913465
              ],
              [
                33.2682284,
                34.9131011
              ],
              [
                33.2682054,
                34.9128377
              ],
              [
                33.2700106,
                34.9125713
              ],
              [
                33.2704277,
                34.9121443
              ],
              [
                33.2707347,
                34.9118437
              ],
              [
                33.2709299,
                34.9114743
              ],
              [
                33.2710367,
                34.911304
              ],
              [
                33.2723605,
                34.9116035
              ],
              [
                33.2729573,
                34.9117493
              ],
              [
                33.2731841,
                34.9116107
              ],
              [
                33.2734527,
                34.9114322
              ],
              [
                33.2736709,
                34.9117056
              ],
              [
                33.2736292,
                34.9118086
              ],
              [
                33.2737559,
                34.9119268
              ],
              [
                33.2735855,
                34.9120168
              ],
              [
                33.2735088,
                34.9120709
              ],
              [
                33.2735292,
                34.9123384
              ],
              [
                33.2735371,
                34.9129761
              ],
              [
                33.2755164,
                34.9137487
              ],
              [
                33.2761343,
                34.9138606
              ],
              [
                33.2761521,
                34.9139565
              ],
              [
                33.2761665,
                34.9141439
              ],
              [
                33.2761382,
                34.9142093
              ],
              [
                33.2760683,
                34.9142759
              ],
              [
                33.2760039,
                34.9144023
              ],
              [
                33.2759545,
                34.9144135
              ],
              [
                33.2761244,
                34.9145309
              ],
              [
                33.2764247,
                34.9147564
              ],
              [
                33.2765524,
                34.9147252
              ],
              [
                33.2767278,
                34.914635
              ],
              [
                33.276869,
                34.9145504
              ],
              [
                33.2769931,
                34.9146765
              ],
              [
                33.2771118,
                34.9144332
              ],
              [
                33.2769321,
                34.9143021
              ],
              [
                33.2768993,
                34.9141746
              ],
              [
                33.2769993,
                34.9141577
              ],
              [
                33.2769227,
                34.9138902
              ],
              [
                33.2769831,
                34.9138231
              ],
              [
                33.2771952,
                34.913986
              ],
              [
                33.2773326,
                34.9139552
              ],
              [
                33.2773845,
                34.9142106
              ],
              [
                33.2774926,
                34.9143083
              ],
              [
                33.2776694,
                34.9143392
              ],
              [
                33.2784578,
                34.9145365
              ],
              [
                33.2785597,
                34.9145194
              ],
              [
                33.2785556,
                34.9144525
              ],
              [
                33.2787262,
                34.9144269
              ],
              [
                33.2787532,
                34.9145023
              ],
              [
                33.2788302,
                34.9144937
              ],
              [
                33.278903,
                34.9143807
              ],
              [
                33.2796518,
                34.9147733
              ],
              [
                33.279993,
                34.9148231
              ],
              [
                33.2802125,
                34.9147238
              ],
              [
                33.2802603,
                34.914866
              ],
              [
                33.2803247,
                34.9149689
              ],
              [
                33.2803351,
                34.9150083
              ],
              [
                33.2802893,
                34.9150939
              ],
              [
                33.2802081,
                34.9151573
              ],
              [
                33.2801416,
                34.9151573
              ],
              [
                33.2799211,
                34.9150784
              ],
              [
                33.2798566,
                34.9150955
              ],
              [
                33.2798358,
                34.9151109
              ],
              [
                33.2797713,
                34.915075
              ],
              [
                33.2795757,
                34.915104
              ],
              [
                33.279611,
                34.9152171
              ],
              [
                33.2795569,
                34.9152514
              ],
              [
                33.2796317,
                34.9155616
              ],
              [
                33.2796899,
                34.915613
              ],
              [
                33.2795255,
                34.9157792
              ],
              [
                33.2795109,
                34.9158752
              ],
              [
                33.2794672,
                34.9158683
              ],
              [
                33.2793214,
                34.9162041
              ],
              [
                33.2791425,
                34.9162092
              ],
              [
                33.2792506,
                34.9164731
              ],
              [
                33.2796395,
                34.91678
              ],
              [
                33.2795791,
                34.9168554
              ],
              [
                33.2799369,
                34.917092
              ],
              [
                33.2802404,
                34.9175445
              ],
              [
                33.2801779,
                34.917822
              ],
              [
                33.2794476,
                34.9177107
              ],
              [
                33.2791003,
                34.917611
              ],
              [
                33.2782555,
                34.9178266
              ],
              [
                33.2783594,
                34.9182276
              ],
              [
                33.2778329,
                34.9184845
              ],
              [
                33.2776019,
                34.9186061
              ],
              [
                33.276948,
                34.9201448
              ],
              [
                33.2782335,
                34.9206079
              ],
              [
                33.2782134,
                34.9212848
              ],
              [
                33.2778349,
                34.9213238
              ],
              [
                33.2771779,
                34.9213844
              ],
              [
                33.2768896,
                34.9213101
              ],
              [
                33.2772213,
                34.9207549
              ],
              [
                33.2770964,
                34.9207137
              ],
              [
                33.2766526,
                34.9200521
              ],
              [
                33.2763343,
                34.9199766
              ],
              [
                33.274728,
                34.9201732
              ],
              [
                33.2745591,
                34.9200073
              ],
              [
                33.2742222,
                34.9196359
              ],
              [
                33.2739949,
                34.9194937
              ],
              [
                33.2745001,
                34.919387
              ],
              [
                33.2746365,
                34.9190445
              ],
              [
                33.2756743,
                34.9190236
              ],
              [
                33.2755787,
                34.9188023
              ],
              [
                33.2751445,
                34.9188446
              ],
              [
                33.2752182,
                34.9185597
              ],
              [
                33.2748725,
                34.9181079
              ],
              [
                33.2750041,
                34.9179321
              ],
              [
                33.2747107,
                34.9177532
              ],
              [
                33.2745151,
                34.9176531
              ],
              [
                33.2744808,
                34.9175696
              ],
              [
                33.2744247,
                34.9174895
              ],
              [
                33.2744138,
                34.9174455
              ],
              [
                33.2744494,
                34.9173924
              ],
              [
                33.2745125,
                34.9173417
              ],
              [
                33.2745591,
                34.9173169
              ],
              [
                33.2746399,
                34.9173135
              ],
              [
                33.274729,
                34.9173372
              ],
              [
                33.2749495,
                34.9174219
              ],
              [
                33.2750057,
                34.9174276
              ],
              [
                33.2750358,
                34.9173859
              ],
              [
                33.2750455,
                34.9172696
              ],
              [
                33.275025,
                34.917194
              ],
              [
                33.2750113,
                34.9170924
              ],
              [
                33.2749635,
                34.9169163
              ],
              [
                33.2753779,
                34.9171649
              ],
              [
                33.275348,
                34.9169424
              ],
              [
                33.2755904,
                34.9166369
              ],
              [
                33.2753501,
                34.9164176
              ],
              [
                33.2756707,
                34.9164448
              ],
              [
                33.2758269,
                34.9164212
              ],
              [
                33.2759365,
                34.9163727
              ],
              [
                33.2759831,
                34.9163298
              ],
              [
                33.2760229,
                34.9162768
              ],
              [
                33.2760215,
                34.916226
              ],
              [
                33.2758695,
                34.916007
              ],
              [
                33.2756929,
                34.9158738
              ],
              [
                33.2755874,
                34.9158399
              ],
              [
                33.2755189,
                34.9158365
              ],
              [
                33.2754312,
                34.9158207
              ],
              [
                33.2753723,
                34.9157924
              ],
              [
                33.2752819,
                34.9156852
              ],
              [
                33.2751656,
                34.9154719
              ],
              [
                33.2751094,
                34.9153906
              ],
              [
                33.2750151,
                34.9152971
              ],
              [
                33.2757107,
                34.9153592
              ],
              [
                33.2756565,
                34.9150976
              ],
              [
                33.2759929,
                34.9150375
              ],
              [
                33.2761645,
                34.9147033
              ],
              [
                33.2760664,
                34.9146865
              ],
              [
                33.2759659,
                34.9146554
              ],
              [
                33.2758494,
                34.9146396
              ],
              [
                33.2757535,
                34.9146351
              ],
              [
                33.2756479,
                34.9146523
              ],
              [
                33.2753765,
                34.9147337
              ],
              [
                33.2752635,
                34.9147442
              ],
              [
                33.2750779,
                34.9147299
              ],
              [
                33.2749612,
                34.9147384
              ],
              [
                33.2749284,
                34.914753
              ],
              [
                33.2749034,
                34.9147705
              ],
              [
                33.2748874,
                34.9147904
              ],
              [
                33.2748655,
                34.9148316
              ],
              [
                33.2748254,
                34.9149767
              ],
              [
                33.2748189,
                34.9150688
              ],
              [
                33.2748325,
                34.9151751
              ],
              [
                33.2748853,
                34.9152774
              ],
              [
                33.2746895,
                34.9152877
              ],
              [
                33.2748442,
                34.9154568
              ],
              [
                33.2747785,
                34.9155784
              ],
              [
                33.2747613,
                34.9156156
              ],
              [
                33.2747619,
                34.9156247
              ],
              [
                33.2747693,
                34.9156317
              ],
              [
                33.2747973,
                34.915643
              ],
              [
                33.2749688,
                34.9156964
              ],
              [
                33.2750195,
                34.9157235
              ],
              [
                33.27508,
                34.9157742
              ],
              [
                33.2751312,
                34.9158265
              ],
              [
                33.2751907,
                34.9159267
              ],
              [
                33.2752262,
                34.9160531
              ],
              [
                33.2752112,
                34.9160915
              ],
              [
                33.2748178,
                34.9163915
              ],
              [
                33.2746708,
                34.9164282
              ],
              [
                33.2744928,
                34.9164193
              ],
              [
                33.2742782,
                34.9170056
              ],
              [
                33.2745678,
                34.9171052
              ],
              [
                33.2745615,
                34.9171261
              ],
              [
                33.2743144,
                34.9173217
              ],
              [
                33.274173,
                34.9172422
              ],
              [
                33.2737548,
                34.9174239
              ],
              [
                33.2735555,
                34.9173144
              ],
              [
                33.2733432,
                34.9173814
              ],
              [
                33.2731589,
                34.9172948
              ],
              [
                33.2730216,
                34.9174246
              ],
              [
                33.2729016,
                34.9173433
              ],
              [
                33.2727676,
                34.9172682
              ],
              [
                33.2726133,
                34.9171392
              ],
              [
                33.2724954,
                34.9170853
              ],
              [
                33.272459,
                34.9170279
              ],
              [
                33.2724719,
                34.9169193
              ],
              [
                33.2725224,
                34.916673
              ],
              [
                33.2724464,
                34.9165228
              ],
              [
                33.2723694,
                34.9162985
              ],
              [
                33.2724015,
                34.9163074
              ],
              [
                33.2725152,
                34.9160937
              ],
              [
                33.2724693,
                34.9157079
              ],
              [
                33.2723535,
                34.915782
              ],
              [
                33.2719867,
                34.9161668
              ],
              [
                33.272051,
                34.9161916
              ],
              [
                33.2711327,
                34.9165948
              ],
              [
                33.2709462,
                34.9164923
              ],
              [
                33.2708305,
                34.9163845
              ],
              [
                33.270672,
                34.9161514
              ],
              [
                33.2706056,
                34.916086
              ],
              [
                33.2703811,
                34.9158237
              ],
              [
                33.2698672,
                34.9151656
              ],
              [
                33.2699887,
                34.9149803
              ],
              [
                33.2703918,
                34.914976
              ],
              [
                33.2702215,
                34.9147349
              ],
              [
                33.2700983,
                34.9145759
              ],
              [
                33.2694124,
                34.9142349
              ],
              [
                33.2689534,
                34.9146046
              ],
              [
                33.2686415,
                34.9144995
              ],
              [
                33.268215,
                34.9143907
              ],
              [
                33.2677542,
                34.914183
              ],
              [
                33.2674477,
                34.914106
              ],
              [
                33.267287,
                34.9138169
              ],
              [
                33.2668205,
                34.9137445
              ],
              [
                33.266919,
                34.9139984
              ],
              [
                33.2669775,
                34.9140205
              ],
              [
                33.2670347,
                34.9140767
              ],
              [
                33.26707,
                34.9141299
              ],
              [
                33.2671004,
                34.9142363
              ],
              [
                33.2671122,
                34.9143222
              ],
              [
                33.2669376,
                34.9144739
              ],
              [
                33.2669961,
                34.9145876
              ],
              [
                33.2671107,
                34.9148601
              ],
              [
                33.2667907,
                34.9151224
              ],
              [
                33.266831,
                34.9151807
              ],
              [
                33.2666601,
                34.9152269
              ],
              [
                33.2663109,
                34.9153383
              ],
              [
                33.2662336,
                34.9151347
              ],
              [
                33.2662654,
                34.9149942
              ],
              [
                33.2661704,
                34.914956
              ],
              [
                33.2660753,
                34.9150002
              ],
              [
                33.2660169,
                34.9148637
              ],
              [
                33.2658635,
                34.914695
              ],
              [
                33.2657978,
                34.9146067
              ],
              [
                33.2657198,
                34.9145625
              ],
              [
                33.265676,
                34.9144801
              ],
              [
                33.2655639,
                34.9144942
              ],
              [
                33.265571,
                34.9149417
              ],
              [
                33.2657049,
                34.9150161
              ],
              [
                33.2658267,
                34.9151325
              ],
              [
                33.2656244,
                34.9151646
              ],
              [
                33.2654124,
                34.9152709
              ],
              [
                33.2652905,
                34.9152487
              ],
              [
                33.2651735,
                34.9154253
              ],
              [
                33.2652928,
                34.9154695
              ],
              [
                33.2657193,
                34.9153573
              ],
              [
                33.2657412,
                34.9154536
              ],
              [
                33.2658019,
                34.9158952
              ],
              [
                33.2661161,
                34.91608
              ],
              [
                33.2656379,
                34.9161665
              ],
              [
                33.2652424,
                34.9162276
              ],
              [
                33.265063,
                34.9161572
              ],
              [
                33.2649295,
                34.9160246
              ],
              [
                33.2648866,
                34.9160952
              ],
              [
                33.2644368,
                34.9160891
              ],
              [
                33.2644869,
                34.9159657
              ],
              [
                33.2643632,
                34.9158833
              ],
              [
                33.2643632,
                34.9158676
              ],
              [
                33.2644346,
                34.9158088
              ],
              [
                33.2643086,
                34.9156402
              ],
              [
                33.2644419,
                34.9155971
              ],
              [
                33.2642754,
                34.9154226
              ],
              [
                33.2642469,
                34.9154069
              ],
              [
                33.2638661,
                34.9153754
              ],
              [
                33.2636091,
                34.9154399
              ],
              [
                33.2634805,
                34.9156183
              ],
              [
                33.2634756,
                34.9158417
              ],
              [
                33.2633946,
                34.9159554
              ],
              [
                33.2634184,
                34.9159711
              ],
              [
                33.2634707,
                34.9160534
              ],
              [
                33.2635039,
                34.916126
              ],
              [
                33.26353,
                34.9162318
              ],
              [
                33.2635871,
                34.9163299
              ],
              [
                33.2638608,
                34.9162379
              ],
              [
                33.2641085,
                34.9160302
              ],
              [
                33.2642964,
                34.9161949
              ],
              [
                33.2644629,
                34.9162381
              ],
              [
                33.2645413,
                34.9164224
              ],
              [
                33.2647032,
                34.9164186
              ],
              [
                33.2647555,
                34.9164499
              ],
              [
                33.2641984,
                34.9169025
              ],
              [
                33.2638699,
                34.9169514
              ],
              [
                33.2638866,
                34.9169769
              ],
              [
                33.2639603,
                34.9170475
              ],
              [
                33.2640478,
                34.9172322
              ],
              [
                33.264211,
                34.9172292
              ],
              [
                33.2646261,
                34.9187801
              ],
              [
                33.2645344,
                34.9188555
              ],
              [
                33.2645362,
                34.9188933
              ],
              [
                33.2644354,
                34.9189838
              ],
              [
                33.2644554,
                34.9191333
              ],
              [
                33.2642355,
                34.9191332
              ],
              [
                33.2641877,
                34.9192238
              ],
              [
                33.2641877,
                34.9192525
              ],
              [
                33.2641528,
                34.919331
              ],
              [
                33.2641747,
                34.9195243
              ],
              [
                33.2641967,
                34.9196134
              ],
              [
                33.2643672,
                34.9195681
              ],
              [
                33.2643892,
                34.9195047
              ],
              [
                33.2650322,
                34.9194004
              ],
              [
                33.2656402,
                34.9193103
              ],
              [
                33.2658171,
                34.918901
              ],
              [
                33.2658628,
                34.9188179
              ],
              [
                33.265976,
                34.9188578
              ],
              [
                33.2661629,
                34.9189439
              ],
              [
                33.2662974,
                34.9190249
              ],
              [
                33.2665001,
                34.9191326
              ],
              [
                33.2665599,
                34.9191516
              ],
              [
                33.2666442,
                34.9191692
              ],
              [
                33.2668136,
                34.9191782
              ],
              [
                33.2668484,
                34.9191832
              ],
              [
                33.2668786,
                34.9191956
              ],
              [
                33.2669495,
                34.9192524
              ],
              [
                33.2669963,
                34.9193
              ],
              [
                33.2670205,
                34.9193112
              ],
              [
                33.2672818,
                34.9193058
              ],
              [
                33.2673075,
                34.9193129
              ],
              [
                33.2673322,
                34.9193286
              ],
              [
                33.267341,
                34.9193432
              ],
              [
                33.2673421,
                34.9193684
              ],
              [
                33.2673379,
                34.919388
              ],
              [
                33.2673028,
                34.9194492
              ],
              [
                33.2672902,
                34.9194815
              ],
              [
                33.267286,
                34.919512
              ],
              [
                33.2672893,
                34.919536
              ],
              [
                33.26737,
                34.9196654
              ],
              [
                33.2674096,
                34.9197024
              ],
              [
                33.2674642,
                34.9197265
              ],
              [
                33.2674864,
                34.919748
              ],
              [
                33.2674792,
                34.9197872
              ],
              [
                33.2674474,
                34.9198264
              ],
              [
                33.2674412,
                34.919853
              ],
              [
                33.2674418,
                34.9198827
              ],
              [
                33.2674485,
                34.9198953
              ],
              [
                33.2674773,
                34.9199124
              ],
              [
                33.2675307,
                34.9199157
              ],
              [
                33.2675235,
                34.9199353
              ],
              [
                33.2673342,
                34.9200885
              ],
              [
                33.2668995,
                34.9200505
              ],
              [
                33.266931,
                34.9202174
              ],
              [
                33.2667964,
                34.9201535
              ],
              [
                33.2666523,
                34.9202578
              ],
              [
                33.2665723,
                34.9202988
              ],
              [
                33.2665002,
                34.9203285
              ],
              [
                33.2663069,
                34.9203803
              ],
              [
                33.2656364,
                34.9201067
              ],
              [
                33.2652649,
                34.9202089
              ],
              [
                33.2652578,
                34.9202344
              ],
              [
                33.265215,
                34.9202331
              ],
              [
                33.2652257,
                34.920351
              ],
              [
                33.2656734,
                34.920337
              ],
              [
                33.2655917,
                34.9206056
              ],
              [
                33.2655418,
                34.9206213
              ],
              [
                33.2654507,
                34.9206982
              ],
              [
                33.2653679,
                34.920783
              ],
              [
                33.2652883,
                34.9208005
              ],
              [
                33.264863,
                34.9207263
              ],
              [
                33.2641077,
                34.9208751
              ],
              [
                33.2642458,
                34.9216257
              ],
              [
                33.2638907,
                34.921533
              ],
              [
                33.2637706,
                34.9227125
              ],
              [
                33.2641704,
                34.9227349
              ],
              [
                33.2642829,
                34.9229482
              ],
              [
                33.2645289,
                34.9235018
              ],
              [
                33.2644411,
                34.9236693
              ],
              [
                33.2643706,
                34.9238244
              ],
              [
                33.2643311,
                34.9239792
              ],
              [
                33.2640435,
                34.9239436
              ],
              [
                33.263869,
                34.9239448
              ],
              [
                33.2637135,
                34.9237883
              ],
              [
                33.2624929,
                34.9238693
              ],
              [
                33.2626203,
                34.9242235
              ],
              [
                33.2613525,
                34.9246435
              ],
              [
                33.2608807,
                34.9245848
              ],
              [
                33.2605259,
                34.9245525
              ],
              [
                33.2600117,
                34.9251344
              ],
              [
                33.2600395,
                34.9251726
              ],
              [
                33.2599564,
                34.9251693
              ],
              [
                33.2597054,
                34.9251333
              ],
              [
                33.2595346,
                34.9251221
              ],
              [
                33.2593789,
                34.9251163
              ],
              [
                33.2593269,
                34.9251299
              ],
              [
                33.2590217,
                34.9248095
              ],
              [
                33.2584628,
                34.924846
              ],
              [
                33.258149,
                34.9244251
              ],
              [
                33.257557,
                34.9245303
              ],
              [
                33.2573783,
                34.9246321
              ],
              [
                33.2572054,
                34.9250408
              ],
              [
                33.2571711,
                34.9250363
              ],
              [
                33.2571429,
                34.9250471
              ],
              [
                33.2570914,
                34.925089
              ],
              [
                33.2570514,
                34.9251527
              ],
              [
                33.2570275,
                34.9254115
              ],
              [
                33.257017,
                34.9254225
              ],
              [
                33.2570035,
                34.9254235
              ],
              [
                33.2569921,
                34.9254207
              ],
              [
                33.2569248,
                34.9253829
              ],
              [
                33.256857,
                34.9253272
              ],
              [
                33.2568256,
                34.9252621
              ],
              [
                33.2567827,
                34.9252132
              ],
              [
                33.2566686,
                34.9251005
              ],
              [
                33.256604,
                34.9250624
              ],
              [
                33.2562908,
                34.9249046
              ],
              [
                33.2561763,
                34.9249441
              ],
              [
                33.2561491,
                34.9249382
              ],
              [
                33.256019,
                34.9247434
              ],
              [
                33.2560276,
                34.9243459
              ],
              [
                33.2561018,
                34.9241735
              ],
              [
                33.2566046,
                34.9245462
              ],
              [
                33.2567027,
                34.9244935
              ],
              [
                33.256801,
                34.9243721
              ],
              [
                33.2568783,
                34.9240351
              ],
              [
                33.2573625,
                34.9238543
              ],
              [
                33.2574483,
                34.9234347
              ],
              [
                33.2574656,
                34.9234264
              ],
              [
                33.2575878,
                34.9232712
              ],
              [
                33.2576377,
                34.9232232
              ],
              [
                33.2576807,
                34.9231918
              ],
              [
                33.2577464,
                34.9231752
              ],
              [
                33.2579839,
                34.9231571
              ],
              [
                33.2580722,
                34.9231462
              ],
              [
                33.2584816,
                34.9231283
              ],
              [
                33.2585869,
                34.9231146
              ],
              [
                33.2588223,
                34.923047
              ],
              [
                33.259185,
                34.9229245
              ],
              [
                33.2594422,
                34.9228049
              ],
              [
                33.2597247,
                34.9226813
              ],
              [
                33.2599595,
                34.9226153
              ],
              [
                33.2592749,
                34.9216085
              ],
              [
                33.2588701,
                34.9216763
              ],
              [
                33.2585569,
                34.9211505
              ],
              [
                33.2585202,
                34.9208461
              ],
              [
                33.2584767,
                34.9206315
              ],
              [
                33.2581302,
                34.9207382
              ],
              [
                33.2581507,
                34.9209122
              ],
              [
                33.2579998,
                34.9210267
              ],
              [
                33.2582232,
                34.9212196
              ],
              [
                33.2576935,
                34.9213836
              ],
              [
                33.2574265,
                34.921268
              ],
              [
                33.257315,
                34.9213634
              ],
              [
                33.2570776,
                34.9214287
              ],
              [
                33.2567496,
                34.9215062
              ],
              [
                33.2567202,
                34.9214989
              ],
              [
                33.2567088,
                34.9213162
              ],
              [
                33.256367,
                34.9212259
              ],
              [
                33.256258,
                34.9213357
              ],
              [
                33.2562969,
                34.9214014
              ],
              [
                33.2560047,
                34.9215538
              ],
              [
                33.2556473,
                34.921638
              ],
              [
                33.2556301,
                34.9217215
              ],
              [
                33.2555217,
                34.9220615
              ],
              [
                33.2557161,
                34.9223716
              ],
              [
                33.2560965,
                34.9224891
              ],
              [
                33.2567781,
                34.9227844
              ],
              [
                33.2569206,
                34.9227817
              ],
              [
                33.257126,
                34.9230559
              ],
              [
                33.255708,
                34.923335
              ],
              [
                33.2551676,
                34.9229334
              ],
              [
                33.2541001,
                34.9225041
              ],
              [
                33.2540619,
                34.9224763
              ],
              [
                33.2538627,
                34.9223921
              ],
              [
                33.253739,
                34.9222396
              ],
              [
                33.2532936,
                34.9222836
              ],
              [
                33.2530555,
                34.9223032
              ],
              [
                33.2530457,
                34.9222931
              ],
              [
                33.2530458,
                34.9222553
              ],
              [
                33.2530699,
                34.9222256
              ],
              [
                33.2530775,
                34.9221246
              ],
              [
                33.2531973,
                34.9220075
              ],
              [
                33.2531304,
                34.9219454
              ],
              [
                33.2531606,
                34.9219128
              ],
              [
                33.25323,
                34.9219136
              ],
              [
                33.25323,
                34.9218185
              ],
              [
                33.2534451,
                34.9217486
              ],
              [
                33.2533777,
                34.9216309
              ],
              [
                33.2533922,
                34.9216185
              ],
              [
                33.2534908,
                34.9216464
              ],
              [
                33.2535213,
                34.9216393
              ],
              [
                33.2535328,
                34.9216105
              ],
              [
                33.2534893,
                34.9215225
              ],
              [
                33.253573,
                34.9215141
              ],
              [
                33.2539156,
                34.9215489
              ],
              [
                33.2539276,
                34.9215416
              ],
              [
                33.2540587,
                34.9210353
              ],
              [
                33.2541245,
                34.92103
              ],
              [
                33.2541917,
                34.9210607
              ],
              [
                33.2542684,
                34.9210781
              ],
              [
                33.2543616,
                34.9210649
              ],
              [
                33.2545514,
                34.9209681
              ],
              [
                33.2545493,
                34.9209549
              ],
              [
                33.2542517,
                34.9208834
              ],
              [
                33.2543936,
                34.9207263
              ],
              [
                33.2546305,
                34.9206077
              ],
              [
                33.254761,
                34.9206077
              ],
              [
                33.254805,
                34.920599
              ],
              [
                33.2547034,
                34.9204977
              ],
              [
                33.2546823,
                34.9202914
              ],
              [
                33.2547765,
                34.9201977
              ],
              [
                33.2547781,
                34.9200327
              ],
              [
                33.2549542,
                34.9199803
              ],
              [
                33.2550406,
                34.9200916
              ],
              [
                33.2549161,
                34.9201766
              ],
              [
                33.2549054,
                34.9203141
              ],
              [
                33.2548659,
                34.9203203
              ],
              [
                33.2548826,
                34.9203841
              ],
              [
                33.2551983,
                34.9203292
              ],
              [
                33.2551876,
                34.9204067
              ],
              [
                33.255353,
                34.920408
              ],
              [
                33.2553637,
                34.9203518
              ],
              [
                33.2555535,
                34.9202944
              ],
              [
                33.2555883,
                34.9203556
              ],
              [
                33.2556217,
                34.9203419
              ],
              [
                33.2555838,
                34.9202619
              ],
              [
                33.2558085,
                34.9201407
              ],
              [
                33.2557039,
                34.9199719
              ],
              [
                33.2554519,
                34.9200506
              ],
              [
                33.2554383,
                34.9200481
              ],
              [
                33.2553822,
                34.9199993
              ],
              [
                33.255326,
                34.9199818
              ],
              [
                33.2552744,
                34.9200242
              ],
              [
                33.2552577,
                34.9200242
              ],
              [
                33.2551606,
                34.9199592
              ],
              [
                33.2552366,
                34.9197792
              ],
              [
                33.255378,
                34.9194793
              ],
              [
                33.2553994,
                34.9194825
              ],
              [
                33.255724,
                34.9193287
              ],
              [
                33.2558194,
                34.9191883
              ],
              [
                33.2562465,
                34.9192142
              ],
              [
                33.2560832,
                34.9195508
              ],
              [
                33.2561324,
                34.9199147
              ],
              [
                33.2568986,
                34.9200102
              ],
              [
                33.257038,
                34.9198819
              ],
              [
                33.2572837,
                34.9197431
              ],
              [
                33.2571353,
                34.9196374
              ],
              [
                33.2569648,
                34.919675
              ],
              [
                33.2567908,
                34.9194515
              ],
              [
                33.256899,
                34.9194289
              ],
              [
                33.2568112,
                34.919145
              ],
              [
                33.256991,
                34.9189729
              ],
              [
                33.2570588,
                34.91897
              ],
              [
                33.2570571,
                34.9187978
              ],
              [
                33.2571213,
                34.9186907
              ],
              [
                33.2573066,
                34.9185684
              ],
              [
                33.2573507,
                34.9184009
              ],
              [
                33.2575751,
                34.9177444
              ],
              [
                33.2578567,
                34.9182803
              ],
              [
                33.257908,
                34.9183211
              ],
              [
                33.257952,
                34.9183211
              ],
              [
                33.2580125,
                34.9182819
              ],
              [
                33.2581335,
                34.9183514
              ],
              [
                33.2581848,
                34.9183922
              ],
              [
                33.2583054,
                34.9185358
              ],
              [
                33.258321,
                34.9185447
              ],
              [
                33.2587511,
                34.9185404
              ],
              [
                33.2591507,
                34.9185119
              ],
              [
                33.259019,
                34.9182114
              ],
              [
                33.2587769,
                34.9182536
              ],
              [
                33.2584252,
                34.9178971
              ],
              [
                33.2575784,
                34.9177426
              ],
              [
                33.2584054,
                34.9171508
              ],
              [
                33.2584134,
                34.9171485
              ],
              [
                33.2584991,
                34.9171476
              ],
              [
                33.2599589,
                34.9178632
              ],
              [
                33.2600625,
                34.9178987
              ],
              [
                33.2601406,
                34.9180791
              ],
              [
                33.2601287,
                34.9182965
              ],
              [
                33.2602538,
                34.9183529
              ],
              [
                33.2604512,
                34.9183288
              ],
              [
                33.2605606,
                34.9185495
              ],
              [
                33.2604686,
                34.9186831
              ],
              [
                33.2604452,
                34.9186654
              ],
              [
                33.2604022,
                34.9186042
              ],
              [
                33.2601891,
                34.9185525
              ],
              [
                33.2599898,
                34.9184929
              ],
              [
                33.2598744,
                34.9186152
              ],
              [
                33.2601831,
                34.9187393
              ],
              [
                33.2601753,
                34.9188134
              ],
              [
                33.260185,
                34.9188263
              ],
              [
                33.2606424,
                34.9188909
              ],
              [
                33.2607558,
                34.918899
              ],
              [
                33.2608105,
                34.9189425
              ],
              [
                33.2609083,
                34.9188862
              ],
              [
                33.2609201,
                34.918862
              ],
              [
                33.2609044,
                34.9188346
              ],
              [
                33.2606661,
                34.9186671
              ],
              [
                33.2607874,
                34.9185013
              ],
              [
                33.2607894,
                34.9183435
              ],
              [
                33.2609185,
                34.9182228
              ],
              [
                33.2609047,
                34.9183999
              ],
              [
                33.260891,
                34.918453
              ],
              [
                33.2611001,
                34.9185964
              ],
              [
                33.2613842,
                34.9186682
              ],
              [
                33.2613628,
                34.9186801
              ],
              [
                33.2613514,
                34.9186916
              ],
              [
                33.2612342,
                34.9188215
              ],
              [
                33.2612945,
                34.9188187
              ],
              [
                33.2612137,
                34.9189402
              ],
              [
                33.2615135,
                34.9190138
              ],
              [
                33.2616648,
                34.918916
              ],
              [
                33.2616864,
                34.9189115
              ],
              [
                33.2624101,
                34.9191699
              ],
              [
                33.2627963,
                34.9192168
              ],
              [
                33.2630043,
                34.9191168
              ],
              [
                33.2629531,
                34.9189766
              ],
              [
                33.2630206,
                34.9189811
              ],
              [
                33.2631097,
                34.9189678
              ],
              [
                33.2632529,
                34.9189723
              ],
              [
                33.2633569,
                34.919082
              ],
              [
                33.2635639,
                34.9191958
              ],
              [
                33.2636591,
                34.9191566
              ],
              [
                33.2636425,
                34.9191154
              ],
              [
                33.2636829,
                34.9190978
              ],
              [
                33.2636473,
                34.9189547
              ],
              [
                33.263714,
                34.9189273
              ],
              [
                33.2636689,
                34.9188057
              ],
              [
                33.263657,
                34.9187469
              ],
              [
                33.2635833,
                34.9186371
              ],
              [
                33.2635121,
                34.9183254
              ],
              [
                33.2636145,
                34.9181745
              ],
              [
                33.263586,
                34.918147
              ],
              [
                33.2634956,
                34.9180999
              ],
              [
                33.2631267,
                34.9180194
              ],
              [
                33.2630673,
                34.9179959
              ],
              [
                33.2629769,
                34.9179292
              ],
              [
                33.2629237,
                34.9179142
              ],
              [
                33.2629622,
                34.91789
              ],
              [
                33.26358,
                34.9178239
              ],
              [
                33.2635984,
                34.9178103
              ],
              [
                33.2633245,
                34.9176137
              ],
              [
                33.2630985,
                34.917496
              ],
              [
                33.2628224,
                34.9175861
              ],
              [
                33.2628059,
                34.9173097
              ],
              [
                33.2629606,
                34.9172686
              ],
              [
                33.2629559,
                34.9171921
              ],
              [
                33.2627727,
                34.9171568
              ],
              [
                33.2628323,
                34.9170137
              ],
              [
                33.2624306,
                34.916734
              ],
              [
                33.2606699,
                34.9160748
              ],
              [
                33.2584103,
                34.9171479
              ],
              [
                33.2584059,
                34.9171495
              ],
              [
                33.2570084,
                34.9176857
              ],
              [
                33.2568384,
                34.9176981
              ],
              [
                33.2550415,
                34.9177097
              ],
              [
                33.2545437,
                34.9177445
              ],
              [
                33.2530989,
                34.9178713
              ],
              [
                33.2529487,
                34.9178875
              ],
              [
                33.2517147,
                34.9179856
              ],
              [
                33.2515022,
                34.918008
              ],
              [
                33.2494586,
                34.9181821
              ],
              [
                33.2494562,
                34.9181995
              ],
              [
                33.2494879,
                34.9182962
              ],
              [
                33.2496126,
                34.9182922
              ],
              [
                33.2500642,
                34.9189689
              ],
              [
                33.2502647,
                34.9189449
              ],
              [
                33.2502232,
                34.9188583
              ],
              [
                33.2504531,
                34.9187094
              ],
              [
                33.2505629,
                34.9189007
              ],
              [
                33.2506288,
                34.9190356
              ],
              [
                33.2507142,
                34.9192249
              ],
              [
                33.2507263,
                34.9192974
              ],
              [
                33.2507239,
                34.9193377
              ],
              [
                33.2506994,
                34.9194262
              ],
              [
                33.2506871,
                34.9194423
              ],
              [
                33.2506527,
                34.9197483
              ],
              [
                33.2506012,
                34.919859
              ],
              [
                33.2506005,
                34.9198675
              ],
              [
                33.2506061,
                34.9198751
              ],
              [
                33.2507454,
                34.9199094
              ],
              [
                33.2507959,
                34.9199449
              ],
              [
                33.2508431,
                34.9200081
              ],
              [
                33.2508675,
                34.9201229
              ],
              [
                33.2508698,
                34.9202357
              ],
              [
                33.2508869,
                34.9203084
              ],
              [
                33.2511311,
                34.9205539
              ],
              [
                33.2506142,
                34.9208748
              ],
              [
                33.2499832,
                34.9213855
              ],
              [
                33.2498935,
                34.9213624
              ],
              [
                33.2491512,
                34.9212951
              ],
              [
                33.248204,
                34.9211999
              ],
              [
                33.2482045,
                34.9211849
              ],
              [
                33.2455325,
                34.921469
              ],
              [
                33.2429972,
                34.9217436
              ],
              [
                33.242612,
                34.9219273
              ],
              [
                33.2424669,
                34.9219863
              ],
              [
                33.2423964,
                34.9220438
              ],
              [
                33.2422675,
                34.9222572
              ],
              [
                33.2422371,
                34.9222822
              ],
              [
                33.2426938,
                34.9228781
              ],
              [
                33.242811,
                34.922707
              ],
              [
                33.2429332,
                34.9226962
              ],
              [
                33.243186,
                34.9229796
              ],
              [
                33.2432688,
                34.9231305
              ],
              [
                33.2432617,
                34.9233143
              ],
              [
                33.243205,
                34.9235458
              ],
              [
                33.2435423,
                34.9244831
              ],
              [
                33.2435791,
                34.9245037
              ],
              [
                33.2435952,
                34.9245905
              ],
              [
                33.243629,
                34.9246014
              ],
              [
                33.2436501,
                34.924616
              ],
              [
                33.243652,
                34.9246294
              ],
              [
                33.2436,
                34.9247203
              ],
              [
                33.2439564,
                34.9246401
              ],
              [
                33.244573,
                34.9247865
              ],
              [
                33.2447177,
                34.9249862
              ],
              [
                33.2445918,
                34.9250211
              ],
              [
                33.2445621,
                34.9250218
              ],
              [
                33.244506,
                34.9250063
              ],
              [
                33.2434264,
                34.9253517
              ],
              [
                33.2432946,
                34.9254
              ],
              [
                33.2432332,
                34.925571
              ],
              [
                33.2432081,
                34.925596
              ],
              [
                33.2432219,
                34.9256484
              ],
              [
                33.2434244,
                34.9259424
              ],
              [
                33.2434687,
                34.9260176
              ],
              [
                33.2435672,
                34.9263325
              ],
              [
                33.2435798,
                34.9263877
              ],
              [
                33.2435688,
                34.9264279
              ],
              [
                33.2435139,
                34.9265649
              ],
              [
                33.2434911,
                34.9268568
              ],
              [
                33.2439479,
                34.9271301
              ],
              [
                33.243958,
                34.9271197
              ],
              [
                33.2440008,
                34.9269435
              ],
              [
                33.2440274,
                34.9267816
              ],
              [
                33.2441067,
                34.9265224
              ],
              [
                33.2441198,
                34.9263903
              ],
              [
                33.2441707,
                34.9263039
              ],
              [
                33.2441765,
                34.9262117
              ],
              [
                33.2441992,
                34.9261784
              ],
              [
                33.2442387,
                34.926137
              ],
              [
                33.2443473,
                34.926083
              ],
              [
                33.244389,
                34.926039
              ],
              [
                33.2444033,
                34.9258782
              ],
              [
                33.2444386,
                34.9258391
              ],
              [
                33.2445181,
                34.9257949
              ],
              [
                33.2449037,
                34.9256653
              ],
              [
                33.2450931,
                34.92562
              ],
              [
                33.2451942,
                34.9256097
              ],
              [
                33.2454237,
                34.9254874
              ],
              [
                33.2455053,
                34.9255287
              ],
              [
                33.24612,
                34.9259441
              ],
              [
                33.246285,
                34.9258282
              ],
              [
                33.2467731,
                34.9258437
              ],
              [
                33.2473629,
                34.9261075
              ],
              [
                33.2475405,
                34.9260933
              ],
              [
                33.247836,
                34.9262987
              ],
              [
                33.2479392,
                34.9261737
              ],
              [
                33.2479734,
                34.9257836
              ],
              [
                33.2486024,
                34.9259295
              ],
              [
                33.2487936,
                34.9258953
              ],
              [
                33.2491166,
                34.9260682
              ],
              [
                33.2495597,
                34.9260544
              ],
              [
                33.2495079,
                34.9261436
              ],
              [
                33.2499211,
                34.9265564
              ],
              [
                33.2504835,
                34.9269816
              ],
              [
                33.25101,
                34.9272073
              ],
              [
                33.251348,
                34.9275904
              ],
              [
                33.2515325,
                34.9273458
              ],
              [
                33.2517982,
                34.9272324
              ],
              [
                33.2520124,
                34.9271033
              ],
              [
                33.251942,
                34.9268384
              ],
              [
                33.2515577,
                34.92674
              ],
              [
                33.2515584,
                34.9263273
              ],
              [
                33.251788,
                34.926291
              ],
              [
                33.2518269,
                34.9256454
              ],
              [
                33.2524017,
                34.9257934
              ],
              [
                33.2524648,
                34.9263584
              ],
              [
                33.2527455,
                34.9263628
              ],
              [
                33.252829,
                34.9262119
              ],
              [
                33.2528145,
                34.925911
              ],
              [
                33.2528862,
                34.9256747
              ],
              [
                33.252795,
                34.9255998
              ],
              [
                33.2530008,
                34.9254985
              ],
              [
                33.2527699,
                34.9252545
              ],
              [
                33.252512,
                34.9252121
              ],
              [
                33.2524137,
                34.9252611
              ],
              [
                33.2522531,
                34.9249935
              ],
              [
                33.2522525,
                34.9249664
              ],
              [
                33.252182,
                34.924932
              ],
              [
                33.2520771,
                34.9248701
              ],
              [
                33.2524351,
                34.9247289
              ],
              [
                33.252972,
                34.9247173
              ],
              [
                33.2529184,
                34.9241737
              ],
              [
                33.2530461,
                34.9240769
              ],
              [
                33.253237,
                34.9243301
              ],
              [
                33.253402,
                34.9247777
              ],
              [
                33.2536695,
                34.9248669
              ],
              [
                33.2543009,
                34.9244809
              ],
              [
                33.2542114,
                34.9248023
              ],
              [
                33.2540009,
                34.9248939
              ],
              [
                33.2539987,
                34.925562
              ],
              [
                33.2543001,
                34.9256327
              ],
              [
                33.2548704,
                34.9255545
              ],
              [
                33.2553918,
                34.9256045
              ],
              [
                33.2560529,
                34.9258733
              ],
              [
                33.2564449,
                34.9260002
              ],
              [
                33.2573908,
                34.9262638
              ],
              [
                33.2573853,
                34.9267383
              ],
              [
                33.2571739,
                34.9267925
              ],
              [
                33.2570386,
                34.9268444
              ],
              [
                33.2568601,
                34.9269307
              ],
              [
                33.2568418,
                34.927035
              ],
              [
                33.2568416,
                34.9270904
              ],
              [
                33.2568526,
                34.9271254
              ],
              [
                33.2568522,
                34.9272463
              ],
              [
                33.2568735,
                34.9272715
              ],
              [
                33.2567946,
                34.9273
              ],
              [
                33.2567322,
                34.9274495
              ],
              [
                33.2568511,
                34.9276475
              ],
              [
                33.2570116,
                34.9279342
              ],
              [
                33.2568836,
                34.9279832
              ],
              [
                33.256881,
                34.9281752
              ],
              [
                33.2568567,
                34.9282681
              ],
              [
                33.2568994,
                34.928633
              ],
              [
                33.2568667,
                34.9287135
              ],
              [
                33.2568234,
                34.9287547
              ],
              [
                33.2566952,
                34.9288531
              ],
              [
                33.2567004,
                34.9289327
              ],
              [
                33.256684,
                34.9289812
              ],
              [
                33.2565955,
                34.9290709
              ],
              [
                33.256572,
                34.9291092
              ],
              [
                33.2565466,
                34.9291827
              ],
              [
                33.2564724,
                34.9293034
              ],
              [
                33.2564076,
                34.9293926
              ],
              [
                33.2563983,
                34.9294448
              ],
              [
                33.2564255,
                34.9295251
              ],
              [
                33.2564389,
                34.929626
              ],
              [
                33.256491,
                34.9297997
              ],
              [
                33.2564999,
                34.9298925
              ],
              [
                33.2564488,
                34.9298925
              ],
              [
                33.2564507,
                34.9300927
              ],
              [
                33.2565518,
                34.9302457
              ],
              [
                33.2565175,
                34.9303189
              ],
              [
                33.2564702,
                34.9305162
              ],
              [
                33.256359,
                34.9307437
              ],
              [
                33.256357,
                34.9308468
              ],
              [
                33.2563274,
                34.9310462
              ],
              [
                33.2562854,
                34.9311749
              ],
              [
                33.2562539,
                34.9313499
              ],
              [
                33.256237,
                34.9315282
              ],
              [
                33.2561863,
                34.9318002
              ],
              [
                33.2585481,
                34.9301682
              ],
              [
                33.2619939,
                34.9315203
              ],
              [
                33.2626945,
                34.9322652
              ],
              [
                33.2626692,
                34.9323174
              ],
              [
                33.2626072,
                34.9324051
              ],
              [
                33.2625381,
                34.9325861
              ],
              [
                33.2624967,
                34.9326813
              ],
              [
                33.2624484,
                34.9327615
              ],
              [
                33.2624001,
                34.932881
              ],
              [
                33.2623659,
                34.9329381
              ],
              [
                33.262291,
                34.9332013
              ],
              [
                33.2622562,
                34.9333736
              ],
              [
                33.262196,
                34.9334807
              ],
              [
                33.2621159,
                34.933583
              ],
              [
                33.2620072,
                34.9336854
              ],
              [
                33.2619408,
                34.9337333
              ],
              [
                33.2616913,
                34.9338414
              ],
              [
                33.2616289,
                34.9338836
              ],
              [
                33.2615849,
                34.9339302
              ],
              [
                33.2615352,
                34.9339971
              ],
              [
                33.2614516,
                34.9341699
              ],
              [
                33.2613517,
                34.9342749
              ],
              [
                33.261303,
                34.9343419
              ],
              [
                33.2612369,
                34.9344595
              ],
              [
                33.2612227,
                34.9345198
              ],
              [
                33.2612292,
                34.934559
              ],
              [
                33.2612552,
                34.9345893
              ],
              [
                33.2614557,
                34.934661
              ],
              [
                33.2615319,
                34.9347039
              ],
              [
                33.2615493,
                34.9347207
              ],
              [
                33.2615536,
                34.934745
              ],
              [
                33.2615461,
                34.9347913
              ],
              [
                33.2615143,
                34.9348515
              ],
              [
                33.2614353,
                34.93493
              ],
              [
                33.2614058,
                34.9350167
              ],
              [
                33.2614153,
                34.9350547
              ],
              [
                33.2614586,
                34.9351421
              ],
              [
                33.2615173,
                34.9352081
              ],
              [
                33.2616109,
                34.9352778
              ],
              [
                33.261647,
                34.9353113
              ],
              [
                33.2618153,
                34.9354073
              ],
              [
                33.2619272,
                34.9355449
              ],
              [
                33.2619536,
                34.9356402
              ],
              [
                33.2619734,
                34.9358431
              ],
              [
                33.2620018,
                34.9359199
              ],
              [
                33.2620435,
                34.935985
              ],
              [
                33.2621133,
                34.9360562
              ],
              [
                33.2621578,
                34.9361212
              ],
              [
                33.2621675,
                34.9361529
              ],
              [
                33.2620988,
                34.9362372
              ],
              [
                33.2620238,
                34.9363033
              ],
              [
                33.2618702,
                34.9363557
              ],
              [
                33.2618047,
                34.936385
              ],
              [
                33.2617586,
                34.9364138
              ],
              [
                33.2617291,
                34.9364398
              ],
              [
                33.2616709,
                34.93651
              ],
              [
                33.2614282,
                34.9368827
              ],
              [
                33.261324,
                34.9372446
              ],
              [
                33.2614099,
                34.9376902
              ],
              [
                33.2614168,
                34.937786
              ],
              [
                33.2614737,
                34.9377772
              ],
              [
                33.261905,
                34.9392718
              ],
              [
                33.2620284,
                34.9396357
              ],
              [
                33.262096,
                34.9401921
              ],
              [
                33.261014,
                34.9402476
              ],
              [
                33.2597213,
                34.9397637
              ],
              [
                33.2585242,
                34.940388
              ],
              [
                33.2589234,
                34.9411823
              ],
              [
                33.2591206,
                34.9414358
              ],
              [
                33.2585484,
                34.942288
              ],
              [
                33.2577421,
                34.9421444
              ],
              [
                33.2573032,
                34.9420699
              ],
              [
                33.2572154,
                34.9425123
              ],
              [
                33.2579257,
                34.9427636
              ],
              [
                33.2595766,
                34.9430199
              ],
              [
                33.259498,
                34.9430774
              ],
              [
                33.259182,
                34.9433686
              ],
              [
                33.2588423,
                34.9435386
              ],
              [
                33.2587406,
                34.9438357
              ],
              [
                33.2583624,
                34.9438939
              ],
              [
                33.2581141,
                34.9439477
              ],
              [
                33.257843,
                34.9440735
              ],
              [
                33.2577091,
                34.9441484
              ],
              [
                33.2567325,
                34.9436697
              ],
              [
                33.2561262,
                34.9438433
              ],
              [
                33.2556541,
                34.9445735
              ],
              [
                33.2556835,
                34.9447438
              ],
              [
                33.2553024,
                34.9446865
              ],
              [
                33.2551307,
                34.945727
              ],
              [
                33.2542628,
                34.9454869
              ],
              [
                33.2537021,
                34.9454766
              ],
              [
                33.2533854,
                34.94559
              ],
              [
                33.253369,
                34.9460624
              ],
              [
                33.2533795,
                34.9465608
              ],
              [
                33.2538753,
                34.9467587
              ],
              [
                33.2534538,
                34.9472984
              ],
              [
                33.2532822,
                34.9472089
              ],
              [
                33.253162,
                34.9471695
              ],
              [
                33.2529344,
                34.9471263
              ],
              [
                33.2527374,
                34.9470809
              ],
              [
                33.2524469,
                34.9470648
              ],
              [
                33.2525912,
                34.9463329
              ],
              [
                33.2516787,
                34.9462176
              ],
              [
                33.2517364,
                34.9466079
              ],
              [
                33.2513478,
                34.9470823
              ],
              [
                33.2524883,
                34.9472173
              ],
              [
                33.2526207,
                34.947616
              ],
              [
                33.2527678,
                34.9477644
              ],
              [
                33.2531366,
                34.9481131
              ],
              [
                33.2534482,
                34.9483038
              ],
              [
                33.2530806,
                34.9488558
              ],
              [
                33.2526249,
                34.9482753
              ],
              [
                33.2521794,
                34.9480585
              ],
              [
                33.2515026,
                34.9485497
              ],
              [
                33.2512925,
                34.9487161
              ],
              [
                33.2517484,
                34.9491456
              ],
              [
                33.2522637,
                34.9496393
              ],
              [
                33.2526979,
                34.9500388
              ],
              [
                33.2558073,
                34.9527679
              ],
              [
                33.2563678,
                34.9539233
              ],
              [
                33.2566971,
                34.9542916
              ],
              [
                33.2568372,
                34.9546
              ],
              [
                33.2569824,
                34.9547654
              ],
              [
                33.2571761,
                34.9550106
              ],
              [
                33.2575798,
                34.9562064
              ],
              [
                33.2576515,
                34.9563766
              ],
              [
                33.2580963,
                34.9569423
              ],
              [
                33.2591851,
                34.9576298
              ],
              [
                33.2607058,
                34.9574165
              ],
              [
                33.2610514,
                34.9576653
              ],
              [
                33.2614676,
                34.9580988
              ],
              [
                33.2616905,
                34.9583013
              ],
              [
                33.2620865,
                34.9585443
              ],
              [
                33.2624663,
                34.9588903
              ],
              [
                33.2639354,
                34.9583479
              ],
              [
                33.2649292,
                34.9580085
              ],
              [
                33.2682069,
                34.9609659
              ],
              [
                33.2692245,
                34.9621793
              ],
              [
                33.268583,
                34.9639502
              ],
              [
                33.2683459,
                34.9638193
              ],
              [
                33.2648779,
                34.9619039
              ],
              [
                33.2644742,
                34.9613988
              ],
              [
                33.2642456,
                34.961136
              ],
              [
                33.2641873,
                34.961069
              ],
              [
                33.2631087,
                34.9601155
              ],
              [
                33.2619639,
                34.959895
              ],
              [
                33.2616267,
                34.9619165
              ],
              [
                33.2606831,
                34.9612814
              ],
              [
                33.2601433,
                34.9616822
              ],
              [
                33.2605891,
                34.9621647
              ],
              [
                33.2614686,
                34.9628153
              ],
              [
                33.262358,
                34.9632237
              ],
              [
                33.2633799,
                34.9632909
              ],
              [
                33.2633777,
                34.9633437
              ],
              [
                33.263231,
                34.9636584
              ],
              [
                33.263251,
                34.9638239
              ],
              [
                33.2632749,
                34.9640977
              ],
              [
                33.2636303,
                34.9644284
              ],
              [
                33.2640907,
                34.9647308
              ],
              [
                33.264627,
                34.9649583
              ],
              [
                33.2651973,
                34.9652239
              ],
              [
                33.2663746,
                34.9654411
              ],
              [
                33.2689788,
                34.9673082
              ],
              [
                33.269147,
                34.9671021
              ],
              [
                33.2696422,
                34.9662064
              ],
              [
                33.2713521,
                34.9681377
              ],
              [
                33.272981,
                34.9705862
              ],
              [
                33.2703926,
                34.970809
              ],
              [
                33.2703005,
                34.9712073
              ],
              [
                33.2683646,
                34.9708145
              ],
              [
                33.2677433,
                34.9703993
              ],
              [
                33.2664686,
                34.9689972
              ],
              [
                33.2651832,
                34.9676881
              ],
              [
                33.2647533,
                34.9672342
              ],
              [
                33.2637043,
                34.9662113
              ],
              [
                33.2609326,
                34.964749
              ],
              [
                33.2583822,
                34.9633761
              ],
              [
                33.258362,
                34.9633787
              ],
              [
                33.2572448,
                34.9627853
              ],
              [
                33.2563309,
                34.9623089
              ],
              [
                33.2562361,
                34.960482
              ],
              [
                33.2561898,
                34.9590882
              ],
              [
                33.2561715,
                34.9588396
              ],
              [
                33.2571934,
                34.9572221
              ],
              [
                33.2567064,
                34.9562748
              ],
              [
                33.2559511,
                34.9548297
              ],
              [
                33.2554603,
                34.9539222
              ],
              [
                33.2546946,
                34.9524638
              ],
              [
                33.254104,
                34.9528898
              ],
              [
                33.2540981,
                34.9528864
              ],
              [
                33.2534836,
                34.9530433
              ],
              [
                33.2534986,
                34.9531441
              ],
              [
                33.253516,
                34.9531939
              ],
              [
                33.2535456,
                34.9532139
              ],
              [
                33.2535856,
                34.9532637
              ],
              [
                33.2533842,
                34.9534117
              ],
              [
                33.2534667,
                34.9534999
              ],
              [
                33.2536608,
                34.9536806
              ],
              [
                33.2536765,
                34.9537026
              ],
              [
                33.2531857,
                34.9538105
              ],
              [
                33.2528008,
                34.9538338
              ],
              [
                33.2527796,
                34.9538491
              ],
              [
                33.2528757,
                34.9539832
              ],
              [
                33.2529808,
                34.9541115
              ],
              [
                33.2542246,
                34.9557938
              ],
              [
                33.254413,
                34.9560197
              ],
              [
                33.2543979,
                34.9565569
              ],
              [
                33.2543904,
                34.9566369
              ],
              [
                33.2543296,
                34.9570706
              ],
              [
                33.2543842,
                34.9574088
              ],
              [
                33.2543759,
                34.9574968
              ],
              [
                33.2542777,
                34.9576312
              ],
              [
                33.2532106,
                34.957441
              ],
              [
                33.2534252,
                34.9577214
              ],
              [
                33.2534419,
                34.9576604
              ],
              [
                33.2540893,
                34.9576894
              ],
              [
                33.2541583,
                34.9580471
              ],
              [
                33.2541634,
                34.9581333
              ],
              [
                33.2539695,
                34.9581945
              ],
              [
                33.2538932,
                34.9583732
              ],
              [
                33.2537055,
                34.9585887
              ],
              [
                33.253695,
                34.9603704
              ],
              [
                33.2532679,
                34.9607096
              ],
              [
                33.2528864,
                34.961029
              ],
              [
                33.2528176,
                34.961026
              ],
              [
                33.2505746,
                34.9604034
              ],
              [
                33.2487179,
                34.9598733
              ],
              [
                33.2485037,
                34.959816
              ],
              [
                33.2484336,
                34.9601444
              ],
              [
                33.248384,
                34.9604689
              ],
              [
                33.2487409,
                34.9611902
              ],
              [
                33.2485089,
                34.9616778
              ],
              [
                33.2489813,
                34.9618511
              ],
              [
                33.2493795,
                34.9619847
              ],
              [
                33.2497327,
                34.9622092
              ],
              [
                33.2506086,
                34.9628072
              ],
              [
                33.2493037,
                34.9653615
              ],
              [
                33.2491664,
                34.966478
              ],
              [
                33.2491232,
                34.9664974
              ],
              [
                33.2487547,
                34.9663585
              ],
              [
                33.2478367,
                34.966092
              ],
              [
                33.2476276,
                34.9660478
              ],
              [
                33.2475181,
                34.9660136
              ],
              [
                33.247413,
                34.9660116
              ],
              [
                33.2472855,
                34.966172
              ],
              [
                33.246911,
                34.9662704
              ],
              [
                33.2466405,
                34.9663185
              ],
              [
                33.2464608,
                34.9657542
              ],
              [
                33.2462934,
                34.9657824
              ],
              [
                33.2433029,
                34.9663318
              ],
              [
                33.240158,
                34.9669399
              ],
              [
                33.2386865,
                34.9667515
              ],
              [
                33.2385686,
                34.9665088
              ],
              [
                33.2383007,
                34.9660759
              ],
              [
                33.23737,
                34.9646111
              ],
              [
                33.2369512,
                34.9639957
              ],
              [
                33.2365014,
                34.9633077
              ],
              [
                33.2321121,
                34.9571155
              ],
              [
                33.231432,
                34.957707
              ],
              [
                33.2314507,
                34.9581591
              ],
              [
                33.2314879,
                34.9582974
              ],
              [
                33.2315907,
                34.9584546
              ],
              [
                33.2317233,
                34.9585568
              ],
              [
                33.2319014,
                34.9586627
              ],
              [
                33.2320583,
                34.9587293
              ],
              [
                33.2321008,
                34.9587328
              ],
              [
                33.2323027,
                34.9587258
              ],
              [
                33.2319845,
                34.9589076
              ],
              [
                33.2318728,
                34.9589537
              ],
              [
                33.2318292,
                34.9589611
              ],
              [
                33.2316975,
                34.9589616
              ],
              [
                33.2316123,
                34.9589377
              ],
              [
                33.2314467,
                34.9588237
              ],
              [
                33.2313024,
                34.9586922
              ],
              [
                33.2310926,
                34.9585857
              ],
              [
                33.2309314,
                34.9585267
              ],
              [
                33.2306924,
                34.9584324
              ],
              [
                33.2304198,
                34.958367
              ],
              [
                33.2301393,
                34.9583335
              ],
              [
                33.2300263,
                34.9583334
              ],
              [
                33.22993,
                34.9583834
              ],
              [
                33.2296631,
                34.9585707
              ],
              [
                33.2295352,
                34.958654
              ],
              [
                33.2294892,
                34.9586681
              ],
              [
                33.2293905,
                34.9586696
              ],
              [
                33.2292487,
                34.9586118
              ],
              [
                33.2291935,
                34.9586094
              ],
              [
                33.2289527,
                34.9586823
              ],
              [
                33.228852,
                34.9587333
              ],
              [
                33.2286336,
                34.9588736
              ],
              [
                33.2285414,
                34.9589478
              ],
              [
                33.228456,
                34.9590638
              ],
              [
                33.2282652,
                34.9592678
              ],
              [
                33.2282079,
                34.9592936
              ],
              [
                33.2281522,
                34.9592947
              ],
              [
                33.228075,
                34.9592816
              ],
              [
                33.2275865,
                34.9591131
              ],
              [
                33.2275153,
                34.9591051
              ],
              [
                33.227105,
                34.9591504
              ],
              [
                33.2266116,
                34.9591898
              ],
              [
                33.2264116,
                34.9592384
              ],
              [
                33.2263079,
                34.9592778
              ],
              [
                33.2261878,
                34.9593685
              ],
              [
                33.2260266,
                34.9595465
              ],
              [
                33.2259576,
                34.959641
              ],
              [
                33.2259259,
                34.9597185
              ],
              [
                33.2259485,
                34.9600813
              ],
              [
                33.2259342,
                34.9601124
              ],
              [
                33.2258208,
                34.9601456
              ],
              [
                33.225613,
                34.9601853
              ],
              [
                33.2255153,
                34.9601972
              ],
              [
                33.2253582,
                34.960197
              ],
              [
                33.2250911,
                34.9601407
              ],
              [
                33.2247262,
                34.9600871
              ],
              [
                33.2244813,
                34.9600416
              ],
              [
                33.2243351,
                34.9599824
              ],
              [
                33.2240537,
                34.9597592
              ],
              [
                33.2239574,
                34.959692
              ],
              [
                33.2238927,
                34.9596876
              ],
              [
                33.2237032,
                34.9597434
              ],
              [
                33.2234607,
                34.959829
              ],
              [
                33.2233198,
                34.9598585
              ],
              [
                33.2231698,
                34.9598663
              ],
              [
                33.2229421,
                34.9598528
              ],
              [
                33.222808,
                34.9598321
              ],
              [
                33.2225652,
                34.9597267
              ],
              [
                33.222246,
                34.9595677
              ],
              [
                33.2220329,
                34.9594412
              ],
              [
                33.221904,
                34.9593773
              ],
              [
                33.2217971,
                34.9593458
              ],
              [
                33.2216183,
                34.9593248
              ],
              [
                33.2213179,
                34.9593285
              ],
              [
                33.2212529,
                34.9593191
              ],
              [
                33.2212033,
                34.9593002
              ],
              [
                33.2211526,
                34.9592534
              ],
              [
                33.2210017,
                34.9590822
              ],
              [
                33.2208893,
                34.9589857
              ],
              [
                33.220795,
                34.9589497
              ],
              [
                33.2205216,
                34.9589597
              ],
              [
                33.2202995,
                34.9590042
              ],
              [
                33.2199937,
                34.9590929
              ],
              [
                33.2196706,
                34.9592457
              ],
              [
                33.2193929,
                34.9593442
              ],
              [
                33.2193046,
                34.9593487
              ],
              [
                33.2192819,
                34.9593341
              ],
              [
                33.2191933,
                34.9591385
              ],
              [
                33.2190238,
                34.9588528
              ],
              [
                33.2189994,
                34.9588292
              ],
              [
                33.218923,
                34.9587776
              ],
              [
                33.218732,
                34.9587108
              ],
              [
                33.2186358,
                34.9587148
              ],
              [
                33.2183337,
                34.9588015
              ],
              [
                33.2180925,
                34.9588053
              ],
              [
                33.2177987,
                34.958789
              ],
              [
                33.2176391,
                34.9587672
              ],
              [
                33.217354,
                34.9585453
              ],
              [
                33.2172397,
                34.9584734
              ],
              [
                33.2168722,
                34.9582663
              ],
              [
                33.2165517,
                34.958012
              ],
              [
                33.2164198,
                34.9579191
              ],
              [
                33.2158905,
                34.9575294
              ],
              [
                33.2157925,
                34.9574432
              ],
              [
                33.2157849,
                34.9574032
              ],
              [
                33.2158094,
                34.9573324
              ],
              [
                33.2158096,
                34.9572748
              ],
              [
                33.2157577,
                34.957178
              ],
              [
                33.215702,
                34.9571191
              ],
              [
                33.2151869,
                34.9571517
              ],
              [
                33.2125481,
                34.957408
              ],
              [
                33.2115026,
                34.9575031
              ],
              [
                33.2117942,
                34.9593607
              ],
              [
                33.2119579,
                34.9605125
              ],
              [
                33.2120321,
                34.9610009
              ],
              [
                33.2120603,
                34.9611482
              ],
              [
                33.212108,
                34.9613525
              ],
              [
                33.2121743,
                34.9617815
              ],
              [
                33.212258,
                34.96242
              ],
              [
                33.2123298,
                34.9628823
              ],
              [
                33.2123576,
                34.9631871
              ],
              [
                33.2127687,
                34.9637391
              ],
              [
                33.2132918,
                34.9644546
              ],
              [
                33.2148403,
                34.9664908
              ],
              [
                33.2146086,
                34.9707209
              ],
              [
                33.2152424,
                34.9720644
              ],
              [
                33.2151593,
                34.9728052
              ],
              [
                33.2152559,
                34.9740722
              ],
              [
                33.2145885,
                34.9751063
              ],
              [
                33.2147368,
                34.9755666
              ],
              [
                33.2115608,
                34.9775146
              ],
              [
                33.2105571,
                34.977012
              ],
              [
                33.2105766,
                34.9769705
              ],
              [
                33.2112113,
                34.9765916
              ],
              [
                33.2107648,
                34.9758967
              ],
              [
                33.2101299,
                34.9749396
              ],
              [
                33.2095836,
                34.9740922
              ],
              [
                33.2091312,
                34.9734031
              ],
              [
                33.2088745,
                34.9731098
              ],
              [
                33.2081102,
                34.9722676
              ],
              [
                33.2066125,
                34.9705978
              ],
              [
                33.2033502,
                34.9669957
              ],
              [
                33.2027952,
                34.9660703
              ],
              [
                33.2017898,
                34.9661046
              ],
              [
                33.2018029,
                34.9660674
              ],
              [
                33.2018129,
                34.9659994
              ],
              [
                33.2018133,
                34.9659449
              ],
              [
                33.2018102,
                34.9658238
              ],
              [
                33.2017862,
                34.9656336
              ],
              [
                33.20179,
                34.9655529
              ],
              [
                33.2018116,
                34.9654002
              ],
              [
                33.2018401,
                34.9652936
              ],
              [
                33.2018767,
                34.9652025
              ],
              [
                33.2019358,
                34.9651064
              ],
              [
                33.2019634,
                34.9650359
              ],
              [
                33.202007,
                34.9648724
              ],
              [
                33.2020663,
                34.9646929
              ],
              [
                33.2021431,
                34.9644983
              ],
              [
                33.2022154,
                34.9644364
              ],
              [
                33.2022754,
                34.9644004
              ],
              [
                33.2023354,
                34.9643414
              ],
              [
                33.2023958,
                34.9642905
              ],
              [
                33.2024381,
                34.9642437
              ],
              [
                33.2024654,
                34.9641894
              ],
              [
                33.202487,
                34.9639696
              ],
              [
                33.2024783,
                34.9638658
              ],
              [
                33.2024604,
                34.9637966
              ],
              [
                33.2024329,
                34.9637207
              ],
              [
                33.202376,
                34.9636193
              ],
              [
                33.202346,
                34.9635822
              ],
              [
                33.2022768,
                34.9635351
              ],
              [
                33.2022528,
                34.9635103
              ],
              [
                33.2020814,
                34.9633963
              ],
              [
                33.2019522,
                34.9632849
              ],
              [
                33.2019252,
                34.9632576
              ],
              [
                33.2019012,
                34.963223
              ],
              [
                33.2018862,
                34.9631859
              ],
              [
                33.2018744,
                34.9631069
              ],
              [
                33.2018656,
                34.9630213
              ],
              [
                33.2018718,
                34.9629818
              ],
              [
                33.2019352,
                34.9629004
              ],
              [
                33.2020832,
                34.9627625
              ],
              [
                33.2022317,
                34.9625959
              ],
              [
                33.202265,
                34.9625442
              ],
              [
                33.2025369,
                34.9622089
              ],
              [
                33.2025943,
                34.9621498
              ],
              [
                33.2026432,
                34.9620796
              ],
              [
                33.2026704,
                34.96205
              ],
              [
                33.202948,
                34.9618309
              ],
              [
                33.2029903,
                34.9617791
              ],
              [
                33.2030084,
                34.9617446
              ],
              [
                33.2030207,
                34.9616416
              ],
              [
                33.203015,
                34.9615502
              ],
              [
                33.2029882,
                34.9614316
              ],
              [
                33.2029644,
                34.9612908
              ],
              [
                33.2029078,
                34.961061
              ],
              [
                33.2028871,
                34.9609349
              ],
              [
                33.2028691,
                34.9608714
              ],
              [
                33.2028913,
                34.9604689
              ],
              [
                33.2029036,
                34.9603603
              ],
              [
                33.2029132,
                34.9601582
              ],
              [
                33.2029347,
                34.96002
              ],
              [
                33.2029712,
                34.9598547
              ],
              [
                33.2029963,
                34.9595082
              ],
              [
                33.2030297,
                34.9593923
              ],
              [
                33.2030268,
                34.9593602
              ],
              [
                33.2030817,
                34.959134
              ],
              [
                33.2032574,
                34.958695
              ],
              [
                33.2033062,
                34.9584984
              ],
              [
                33.2033063,
                34.9584565
              ],
              [
                33.2032674,
                34.9583552
              ],
              [
                33.2032464,
                34.9583206
              ],
              [
                33.2031803,
                34.9582711
              ],
              [
                33.2030417,
                34.9581917
              ],
              [
                33.202973,
                34.9581348
              ],
              [
                33.202955,
                34.9581101
              ],
              [
                33.2029339,
                34.9580928
              ],
              [
                33.2026023,
                34.9579372
              ],
              [
                33.2025662,
                34.9579125
              ],
              [
                33.202497,
                34.9578827
              ],
              [
                33.2023047,
                34.9577588
              ],
              [
                33.2021665,
                34.9576623
              ],
              [
                33.2020073,
                34.9575286
              ],
              [
                33.2019322,
                34.9574594
              ],
              [
                33.2018812,
                34.9574
              ],
              [
                33.2017997,
                34.957282
              ],
              [
                33.2017817,
                34.9572474
              ],
              [
                33.20174,
                34.957082
              ],
              [
                33.2016892,
                34.9569609
              ],
              [
                33.201623,
                34.9567769
              ],
              [
                33.2015451,
                34.9566188
              ],
              [
                33.2012957,
                34.9562863
              ],
              [
                33.2010829,
                34.9559798
              ],
              [
                33.2010225,
                34.9558745
              ],
              [
                33.2008999,
                34.9555955
              ],
              [
                33.20075,
                34.9552113
              ],
              [
                33.2007441,
                34.9551792
              ],
              [
                33.2006603,
                34.9550038
              ],
              [
                33.2006215,
                34.9548902
              ],
              [
                33.2006186,
                34.9548409
              ],
              [
                33.2006218,
                34.9547891
              ],
              [
                33.2006337,
                34.9547402
              ],
              [
                33.200613,
                34.9546242
              ],
              [
                33.2005082,
                34.9545786
              ],
              [
                33.1999401,
                34.9546972
              ],
              [
                33.1990877,
                34.9562585
              ],
              [
                33.1988339,
                34.9566951
              ],
              [
                33.1985567,
                34.9572176
              ],
              [
                33.1984299,
                34.9604727
              ],
              [
                33.1984368,
                34.9605253
              ],
              [
                33.1984172,
                34.9615849
              ],
              [
                33.1983575,
                34.9629516
              ],
              [
                33.1983291,
                34.9639624
              ],
              [
                33.1976225,
                34.964403
              ],
              [
                33.1969889,
                34.9648245
              ],
              [
                33.1960761,
                34.9654419
              ],
              [
                33.1954158,
                34.9658806
              ],
              [
                33.1939955,
                34.9668509
              ],
              [
                33.193048,
                34.9674858
              ],
              [
                33.1929279,
                34.9669617
              ],
              [
                33.1926948,
                34.965896
              ],
              [
                33.192556,
                34.9651996
              ],
              [
                33.1928569,
                34.964686
              ],
              [
                33.1924576,
                34.9628799
              ],
              [
                33.1924255,
                34.9628026
              ],
              [
                33.1921628,
                34.9616649
              ],
              [
                33.1921553,
                34.9609672
              ],
              [
                33.1908747,
                34.9594394
              ],
              [
                33.1901312,
                34.9593705
              ],
              [
                33.1893205,
                34.959306
              ],
              [
                33.1892344,
                34.9592779
              ],
              [
                33.1872204,
                34.9583148
              ],
              [
                33.1862287,
                34.9570969
              ],
              [
                33.1856664,
                34.9566016
              ],
              [
                33.1831466,
                34.9542475
              ],
              [
                33.1815442,
                34.9527757
              ],
              [
                33.1844352,
                34.9525769
              ],
              [
                33.1895913,
                34.9521918
              ],
              [
                33.191892,
                34.952194
              ],
              [
                33.1924369,
                34.9520888
              ],
              [
                33.1937855,
                34.9517915
              ],
              [
                33.1943973,
                34.9516374
              ],
              [
                33.1947792,
                34.9515364
              ],
              [
                33.1960659,
                34.9512169
              ],
              [
                33.1965066,
                34.9511026
              ],
              [
                33.1971555,
                34.9509158
              ],
              [
                33.1982584,
                34.9506679
              ],
              [
                33.1984736,
                34.9506029
              ],
              [
                33.1984828,
                34.9505518
              ],
              [
                33.1984558,
                34.9505246
              ],
              [
                33.1984228,
                34.9505048
              ],
              [
                33.1984048,
                34.9504752
              ],
              [
                33.1983831,
                34.9504097
              ],
              [
                33.1983143,
                34.9503036
              ],
              [
                33.1982455,
                34.9501604
              ],
              [
                33.1982305,
                34.950148
              ],
              [
                33.1981187,
                34.9499503
              ],
              [
                33.1980703,
                34.9498896
              ],
              [
                33.1979616,
                34.9495092
              ],
              [
                33.1979037,
                34.9493548
              ],
              [
                33.1977811,
                34.9489027
              ],
              [
                33.1977327,
                34.9487879
              ],
              [
                33.1976768,
                34.948711
              ],
              [
                33.1975774,
                34.9485582
              ],
              [
                33.1975141,
                34.9484894
              ],
              [
                33.1973039,
                34.9483365
              ],
              [
                33.1971796,
                34.9482513
              ],
              [
                33.1970925,
                34.9481733
              ],
              [
                33.1969931,
                34.9480738
              ],
              [
                33.1966825,
                34.9476789
              ],
              [
                33.1962588,
                34.9471045
              ],
              [
                33.1961905,
                34.9470194
              ],
              [
                33.1960823,
                34.9469189
              ],
              [
                33.195958,
                34.9468162
              ],
              [
                33.1955639,
                34.9465156
              ],
              [
                33.1952654,
                34.9463
              ],
              [
                33.1949657,
                34.9461029
              ],
              [
                33.1948812,
                34.9460588
              ],
              [
                33.1947518,
                34.9460177
              ],
              [
                33.1946161,
                34.9460011
              ],
              [
                33.1944456,
                34.9459938
              ],
              [
                33.1943995,
                34.9459845
              ],
              [
                33.194101,
                34.9458592
              ],
              [
                33.193841,
                34.9457236
              ],
              [
                33.193336,
                34.9454771
              ],
              [
                33.1929852,
                34.9453394
              ],
              [
                33.1929442,
                34.9453189
              ],
              [
                33.1929193,
                34.9452943
              ],
              [
                33.1927207,
                34.9449466
              ],
              [
                33.1927108,
                34.9449189
              ],
              [
                33.192717,
                34.9448954
              ],
              [
                33.1927956,
                34.9447591
              ],
              [
                33.1928131,
                34.9447118
              ],
              [
                33.1929247,
                34.94419
              ],
              [
                33.1929622,
                34.9440793
              ],
              [
                33.1930109,
                34.9439922
              ],
              [
                33.1930396,
                34.9439584
              ],
              [
                33.1932716,
                34.94373
              ],
              [
                33.1933177,
                34.9436726
              ],
              [
                33.1933502,
                34.9435988
              ],
              [
                33.1933742,
                34.943362
              ],
              [
                33.1933905,
                34.943282
              ],
              [
                33.1934143,
                34.9431795
              ],
              [
                33.1934756,
                34.9430176
              ],
              [
                33.193654,
                34.9427573
              ],
              [
                33.1938414,
                34.9424661
              ],
              [
                33.1939826,
                34.9421896
              ],
              [
                33.1940356,
                34.9421063
              ],
              [
                33.1940874,
                34.942095
              ],
              [
                33.1941626,
                34.9419751
              ],
              [
                33.1941939,
                34.9419134
              ],
              [
                33.1941834,
                34.9418607
              ],
              [
                33.1941124,
                34.9417563
              ],
              [
                33.1940992,
                34.941672
              ],
              [
                33.1940795,
                34.9414687
              ],
              [
                33.1940595,
                34.9413991
              ],
              [
                33.193951,
                34.9411444
              ],
              [
                33.1939089,
                34.9410199
              ],
              [
                33.1937678,
                34.9401792
              ],
              [
                33.1935794,
                34.9397322
              ],
              [
                33.1942067,
                34.9384631
              ],
              [
                33.1942445,
                34.9381067
              ],
              [
                33.1931643,
                34.9377192
              ],
              [
                33.1926776,
                34.937659
              ],
              [
                33.1919812,
                34.9375893
              ],
              [
                33.1907726,
                34.9369989
              ],
              [
                33.1900039,
                34.9365183
              ],
              [
                33.18899,
                34.9364275
              ],
              [
                33.1888399,
                34.9371269
              ],
              [
                33.1881077,
                34.9404298
              ],
              [
                33.1867164,
                34.9427082
              ],
              [
                33.1868111,
                34.9437468
              ],
              [
                33.1867066,
                34.9437082
              ],
              [
                33.1866445,
                34.9436404
              ],
              [
                33.1866291,
                34.943593
              ],
              [
                33.186601,
                34.9435498
              ],
              [
                33.1865617,
                34.9435131
              ],
              [
                33.1865131,
                34.9434847
              ],
              [
                33.1864579,
                34.9434663
              ],
              [
                33.1863165,
                34.943435
              ],
              [
                33.1862117,
                34.9434279
              ],
              [
                33.1861072,
                34.9434378
              ],
              [
                33.1858486,
                34.9435041
              ],
              [
                33.1856028,
                34.9435481
              ],
              [
                33.1855227,
                34.9435373
              ],
              [
                33.1854336,
                34.9435429
              ],
              [
                33.1852917,
                34.943541
              ],
              [
                33.185177,
                34.9435495
              ],
              [
                33.1851289,
                34.9435804
              ],
              [
                33.1850829,
                34.9436765
              ],
              [
                33.1849239,
                34.9439169
              ],
              [
                33.1847837,
                34.9441882
              ],
              [
                33.184723,
                34.9442586
              ],
              [
                33.1845935,
                34.9443564
              ],
              [
                33.1845129,
                34.9444006
              ],
              [
                33.1843927,
                34.9444161
              ],
              [
                33.1842716,
                34.9444058
              ],
              [
                33.1842694,
                34.9443692
              ],
              [
                33.1841398,
                34.94433
              ],
              [
                33.1840134,
                34.9442726
              ],
              [
                33.1839123,
                34.9442153
              ],
              [
                33.1838217,
                34.9441717
              ],
              [
                33.1837968,
                34.944115
              ],
              [
                33.1837262,
                34.9439105
              ],
              [
                33.1836783,
                34.9438314
              ],
              [
                33.1835721,
                34.9437179
              ],
              [
                33.1834845,
                34.9436834
              ],
              [
                33.1833781,
                34.9436747
              ],
              [
                33.1832841,
                34.9436883
              ],
              [
                33.1832236,
                34.943702
              ],
              [
                33.1831297,
                34.9437105
              ],
              [
                33.1829941,
                34.9436915
              ],
              [
                33.1827396,
                34.9436242
              ],
              [
                33.1824372,
                34.94355
              ],
              [
                33.1821744,
                34.9434792
              ],
              [
                33.182068,
                34.9434293
              ],
              [
                33.181846,
                34.9432168
              ],
              [
                33.1816345,
                34.9430329
              ],
              [
                33.1814791,
                34.9429448
              ],
              [
                33.1813779,
                34.9429153
              ],
              [
                33.1812692,
                34.9429075
              ],
              [
                33.1810293,
                34.9429335
              ],
              [
                33.1809899,
                34.9429226
              ],
              [
                33.1809563,
                34.9428639
              ],
              [
                33.1808742,
                34.9426169
              ],
              [
                33.1808518,
                34.9425614
              ],
              [
                33.1808163,
                34.9425119
              ],
              [
                33.1807452,
                34.9424331
              ],
              [
                33.1806685,
                34.9423559
              ],
              [
                33.1805599,
                34.9423064
              ],
              [
                33.180455,
                34.9422708
              ],
              [
                33.1803801,
                34.9422306
              ],
              [
                33.1798896,
                34.9418735
              ],
              [
                33.1797923,
                34.9417901
              ],
              [
                33.1797063,
                34.9416866
              ],
              [
                33.1796671,
                34.9415955
              ],
              [
                33.1796113,
                34.9413284
              ],
              [
                33.1796339,
                34.941222
              ],
              [
                33.1796941,
                34.9411171
              ],
              [
                33.179848,
                34.940946
              ],
              [
                33.1799569,
                34.9408442
              ],
              [
                33.1800677,
                34.9407255
              ],
              [
                33.1801672,
                34.940596
              ],
              [
                33.1802142,
                34.9404942
              ],
              [
                33.1802313,
                34.9403954
              ],
              [
                33.180224,
                34.9402673
              ],
              [
                33.1801793,
                34.9400806
              ],
              [
                33.1801345,
                34.9399987
              ],
              [
                33.1800243,
                34.9397563
              ],
              [
                33.1799458,
                34.9396034
              ],
              [
                33.1798823,
                34.9394583
              ],
              [
                33.1798079,
                34.9391696
              ],
              [
                33.1797988,
                34.9390014
              ],
              [
                33.1798157,
                34.938932
              ],
              [
                33.1798965,
                34.9388101
              ],
              [
                33.179981,
                34.9387238
              ],
              [
                33.1800261,
                34.938659
              ],
              [
                33.1800318,
                34.9385819
              ],
              [
                33.1800134,
                34.9384013
              ],
              [
                33.1799723,
                34.9383056
              ],
              [
                33.1798919,
                34.9382206
              ],
              [
                33.1797495,
                34.938168
              ],
              [
                33.179461,
                34.938109
              ],
              [
                33.1794161,
                34.9380796
              ],
              [
                33.1794068,
                34.9380241
              ],
              [
                33.1794801,
                34.9379099
              ],
              [
                33.1794896,
                34.9378359
              ],
              [
                33.179456,
                34.9377494
              ],
              [
                33.1793736,
                34.9376907
              ],
              [
                33.1792407,
                34.9376288
              ],
              [
                33.1791676,
                34.9375994
              ],
              [
                33.1790739,
                34.9375885
              ],
              [
                33.1788227,
                34.9376314
              ],
              [
                33.1786146,
                34.9376759
              ],
              [
                33.1785172,
                34.9376851
              ],
              [
                33.1776514,
                34.9376779
              ],
              [
                33.1774621,
                34.9376669
              ],
              [
                33.1773965,
                34.9376375
              ],
              [
                33.1773293,
                34.9375232
              ],
              [
                33.1772845,
                34.9374136
              ],
              [
                33.1772059,
                34.9373086
              ],
              [
                33.176987,
                34.9371401
              ],
              [
                33.1768185,
                34.9370195
              ],
              [
                33.1766876,
                34.9368604
              ],
              [
                33.1765604,
                34.9366967
              ],
              [
                33.1764614,
                34.9365284
              ],
              [
                33.1764017,
                34.9363693
              ],
              [
                33.176327,
                34.9361902
              ],
              [
                33.1762711,
                34.9359973
              ],
              [
                33.1762414,
                34.9358522
              ],
              [
                33.1762682,
                34.935508
              ],
              [
                33.1763262,
                34.9351712
              ],
              [
                33.1763233,
                34.9351486
              ],
              [
                33.176301,
                34.935082
              ],
              [
                33.1762708,
                34.9350222
              ],
              [
                33.1761261,
                34.9348429
              ],
              [
                33.1760828,
                34.9347533
              ],
              [
                33.1759866,
                34.9345248
              ],
              [
                33.1759346,
                34.9344705
              ],
              [
                33.1758247,
                34.9344117
              ],
              [
                33.1757257,
                34.9343834
              ],
              [
                33.1757067,
                34.9343716
              ],
              [
                33.1756901,
                34.9343403
              ],
              [
                33.1755089,
                34.9339456
              ],
              [
                33.1754861,
                34.9338759
              ],
              [
                33.1754671,
                34.9336679
              ],
              [
                33.1754382,
                34.9335852
              ],
              [
                33.1753978,
                34.933355
              ],
              [
                33.1752844,
                34.9331153
              ],
              [
                33.1751361,
                34.9328624
              ],
              [
                33.175106,
                34.9328016
              ],
              [
                33.1750711,
                34.932715
              ],
              [
                33.1750449,
                34.932505
              ],
              [
                33.1750379,
                34.9323368
              ],
              [
                33.1750327,
                34.9318412
              ],
              [
                33.1750083,
                34.931266
              ],
              [
                33.1750435,
                34.9311854
              ],
              [
                33.175127,
                34.9311029
              ],
              [
                33.1751924,
                34.9310522
              ],
              [
                33.1753654,
                34.930938
              ],
              [
                33.1754598,
                34.9308396
              ],
              [
                33.1755798,
                34.9306218
              ],
              [
                33.1757445,
                34.9304329
              ],
              [
                33.175978,
                34.9302441
              ],
              [
                33.1761123,
                34.9301288
              ],
              [
                33.1762334,
                34.9299936
              ],
              [
                33.1763121,
                34.9298762
              ],
              [
                33.1763413,
                34.9297608
              ],
              [
                33.1763149,
                34.9296851
              ],
              [
                33.1762449,
                34.9296124
              ],
              [
                33.1761302,
                34.9295486
              ],
              [
                33.1760856,
                34.9294948
              ],
              [
                33.1760592,
                34.9294162
              ],
              [
                33.1760894,
                34.9293853
              ],
              [
                33.1762297,
                34.9293248
              ],
              [
                33.176341,
                34.9292503
              ],
              [
                33.1764003,
                34.9291896
              ],
              [
                33.1764271,
                34.9290802
              ],
              [
                33.1764176,
                34.9289349
              ],
              [
                33.1763996,
                34.9288652
              ],
              [
                33.1763346,
                34.9287626
              ],
              [
                33.1761536,
                34.9285624
              ],
              [
                33.1761091,
                34.9284768
              ],
              [
                33.1761019,
                34.9284499
              ],
              [
                33.1761601,
                34.9282957
              ],
              [
                33.1761735,
                34.9282201
              ],
              [
                33.1761773,
                34.9281554
              ],
              [
                33.1761955,
                34.9280927
              ],
              [
                33.1761691,
                34.9279982
              ],
              [
                33.1760111,
                34.9278427
              ],
              [
                33.1759688,
                34.9277949
              ],
              [
                33.1759617,
                34.9277531
              ],
              [
                33.1760513,
                34.9276109
              ],
              [
                33.1761905,
                34.9274618
              ],
              [
                33.1763599,
                34.9273197
              ],
              [
                33.176441,
                34.9272411
              ],
              [
                33.1765101,
                34.9271298
              ],
              [
                33.1765333,
                34.9270044
              ],
              [
                33.1765274,
                34.926881
              ],
              [
                33.1764937,
                34.9267914
              ],
              [
                33.1764371,
                34.9266789
              ],
              [
                33.1763177,
                34.9265553
              ],
              [
                33.1762692,
                34.9265229
              ],
              [
                33.1762246,
                34.9265026
              ],
              [
                33.1761509,
                34.9265007
              ],
              [
                33.1760851,
                34.9264666
              ],
              [
                33.1760283,
                34.9264004
              ],
              [
                33.1760018,
                34.9262533
              ],
              [
                33.1759784,
                34.9262294
              ],
              [
                33.1758322,
                34.9262136
              ],
              [
                33.175791,
                34.9261859
              ],
              [
                33.1757788,
                34.9261308
              ],
              [
                33.1757934,
                34.9260628
              ],
              [
                33.1758449,
                34.9259893
              ],
              [
                33.1759009,
                34.9258635
              ],
              [
                33.1758967,
                34.9257348
              ],
              [
                33.1758822,
                34.9256934
              ],
              [
                33.1757977,
                34.9255463
              ],
              [
                33.175713,
                34.9254423
              ],
              [
                33.1756797,
                34.9253789
              ],
              [
                33.1756719,
                34.9253384
              ],
              [
                33.1756787,
                34.9253118
              ],
              [
                33.1758451,
                34.9252109
              ],
              [
                33.1758932,
                34.9251521
              ],
              [
                33.1759178,
                34.9251117
              ],
              [
                33.1759402,
                34.9250502
              ],
              [
                33.1759905,
                34.924985
              ],
              [
                33.1760828,
                34.9249196
              ],
              [
                33.176244,
                34.9248842
              ],
              [
                33.176368,
                34.9248328
              ],
              [
                33.1764383,
                34.9247916
              ],
              [
                33.1764505,
                34.9247135
              ],
              [
                33.1764376,
                34.9246358
              ],
              [
                33.1763199,
                34.9244976
              ],
              [
                33.176146,
                34.9243571
              ],
              [
                33.1760597,
                34.9242675
              ],
              [
                33.1759865,
                34.9241844
              ],
              [
                33.1759721,
                34.9241563
              ],
              [
                33.1759539,
                34.9240883
              ],
              [
                33.1758951,
                34.9240117
              ],
              [
                33.1757931,
                34.9239069
              ],
              [
                33.1757814,
                34.9238778
              ],
              [
                33.175813,
                34.9237753
              ],
              [
                33.1758789,
                34.9236945
              ],
              [
                33.1759145,
                34.9236434
              ],
              [
                33.175918,
                34.9236049
              ],
              [
                33.1759094,
                34.9235792
              ],
              [
                33.1758963,
                34.92356
              ],
              [
                33.17587,
                34.9235377
              ],
              [
                33.1758144,
                34.9235008
              ],
              [
                33.1757097,
                34.9234397
              ],
              [
                33.1756507,
                34.9233898
              ],
              [
                33.1755885,
                34.9232266
              ],
              [
                33.175565,
                34.9231805
              ],
              [
                33.1755411,
                34.9231476
              ],
              [
                33.1755025,
                34.9231179
              ],
              [
                33.175447,
                34.9230887
              ],
              [
                33.1754065,
                34.9230741
              ],
              [
                33.1753538,
                34.923071
              ],
              [
                33.1753029,
                34.9230756
              ],
              [
                33.1752351,
                34.9231048
              ],
              [
                33.1751821,
                34.9231394
              ],
              [
                33.1751603,
                34.9231585
              ],
              [
                33.175124,
                34.9232026
              ],
              [
                33.1750787,
                34.9232781
              ],
              [
                33.1750532,
                34.9233104
              ],
              [
                33.1750115,
                34.9233374
              ],
              [
                33.1749562,
                34.923358
              ],
              [
                33.174863,
                34.9233718
              ],
              [
                33.1748121,
                34.9233718
              ],
              [
                33.1747566,
                34.9233657
              ],
              [
                33.1746963,
                34.9233495
              ],
              [
                33.1746384,
                34.9233284
              ],
              [
                33.1745956,
                34.9233011
              ],
              [
                33.1745726,
                34.9232785
              ],
              [
                33.1745406,
                34.9232455
              ],
              [
                33.1745312,
                34.9232232
              ],
              [
                33.1745258,
                34.9231925
              ],
              [
                33.1745275,
                34.9231694
              ],
              [
                33.1745611,
                34.9230495
              ],
              [
                33.1745487,
                34.922803
              ],
              [
                33.1745346,
                34.9227402
              ],
              [
                33.1745121,
                34.9226934
              ],
              [
                33.1744867,
                34.9226672
              ],
              [
                33.1744698,
                34.9226588
              ],
              [
                33.1744406,
                34.9226557
              ],
              [
                33.1744001,
                34.922658
              ],
              [
                33.1743087,
                34.922681
              ],
              [
                33.1741995,
                34.9227025
              ],
              [
                33.1740272,
                34.9227055
              ],
              [
                33.1738982,
                34.922697
              ],
              [
                33.1736831,
                34.9226652
              ],
              [
                33.1735937,
                34.9226475
              ],
              [
                33.1735569,
                34.9226367
              ],
              [
                33.1735284,
                34.9226218
              ],
              [
                33.1734551,
                34.9225511
              ],
              [
                33.173438,
                34.9225295
              ],
              [
                33.1733667,
                34.9224065
              ],
              [
                33.1733444,
                34.9223751
              ],
              [
                33.1732968,
                34.9223321
              ],
              [
                33.1732633,
                34.9222959
              ],
              [
                33.1732163,
                34.9222313
              ],
              [
                33.1731881,
                34.9221852
              ],
              [
                33.1731495,
                34.9220663
              ],
              [
                33.1731555,
                34.9220555
              ],
              [
                33.173193,
                34.922027
              ],
              [
                33.1732389,
                34.9219797
              ],
              [
                33.1732872,
                34.9218948
              ],
              [
                33.1733102,
                34.9218358
              ],
              [
                33.1733116,
                34.9217384
              ],
              [
                33.1732998,
                34.9216273
              ],
              [
                33.1733108,
                34.9215034
              ],
              [
                33.1733895,
                34.9213482
              ],
              [
                33.1734065,
                34.9212892
              ],
              [
                33.173421,
                34.9212636
              ],
              [
                33.1734175,
                34.9212193
              ],
              [
                33.1734006,
                34.921178
              ],
              [
                33.1733344,
                34.921112
              ],
              [
                33.1733006,
                34.9210572
              ],
              [
                33.1732874,
                34.9210188
              ],
              [
                33.1732899,
                34.9209686
              ],
              [
                33.1733056,
                34.9209273
              ],
              [
                33.1733721,
                34.9208201
              ],
              [
                33.1734637,
                34.9207295
              ],
              [
                33.1738369,
                34.9202597
              ],
              [
                33.1750625,
                34.9210135
              ],
              [
                33.175555,
                34.9209889
              ],
              [
                33.1760303,
                34.9209602
              ],
              [
                33.178337,
                34.9191275
              ],
              [
                33.1789078,
                34.9186473
              ],
              [
                33.1795064,
                34.9181272
              ],
              [
                33.1794396,
                34.9181124
              ],
              [
                33.1792837,
                34.9180919
              ],
              [
                33.1791752,
                34.9180727
              ],
              [
                33.1789489,
                34.9180102
              ],
              [
                33.1788141,
                34.9179667
              ],
              [
                33.1786563,
                34.917934
              ],
              [
                33.1786003,
                34.917942
              ],
              [
                33.1783894,
                34.9180116
              ],
              [
                33.1782532,
                34.9180472
              ],
              [
                33.1780675,
                34.9180543
              ],
              [
                33.1778929,
                34.9181078
              ],
              [
                33.1776375,
                34.9182191
              ],
              [
                33.1774117,
                34.9183332
              ],
              [
                33.1771972,
                34.9184664
              ],
              [
                33.1773638,
                34.916605
              ],
              [
                33.1792912,
                34.9159241
              ],
              [
                33.1807377,
                34.9150985
              ],
              [
                33.1811262,
                34.9152587
              ],
              [
                33.1811427,
                34.9158002
              ],
              [
                33.1828831,
                34.916527
              ],
              [
                33.1833082,
                34.9160194
              ],
              [
                33.1822327,
                34.9154514
              ],
              [
                33.1819817,
                34.9147659
              ],
              [
                33.1825349,
                34.9131698
              ],
              [
                33.1803634,
                34.9124056
              ],
              [
                33.1803952,
                34.9123662
              ],
              [
                33.1803439,
                34.9123132
              ],
              [
                33.1827072,
                34.9100389
              ],
              [
                33.1834159,
                34.9091458
              ],
              [
                33.1838601,
                34.9095349
              ],
              [
                33.1839222,
                34.9096763
              ],
              [
                33.1839446,
                34.9099462
              ],
              [
                33.1839827,
                34.9101967
              ],
              [
                33.1839976,
                34.9103894
              ],
              [
                33.1842317,
                34.9106211
              ],
              [
                33.1845051,
                34.9109672
              ],
              [
                33.1845594,
                34.9110893
              ],
              [
                33.1846215,
                34.9112435
              ],
              [
                33.1846499,
                34.9119499
              ],
              [
                33.1846913,
                34.9133226
              ],
              [
                33.1849854,
                34.914164
              ],
              [
                33.1851183,
                34.91412
              ],
              [
                33.1892335,
                34.9147331
              ],
              [
                33.1903258,
                34.9141089
              ],
              [
                33.1921788,
                34.9141021
              ],
              [
                33.1970857,
                34.9139681
              ],
              [
                33.1973251,
                34.9128413
              ],
              [
                33.1981761,
                34.9123376
              ],
              [
                33.1975183,
                34.9121438
              ],
              [
                33.197686,
                34.911041
              ],
              [
                33.1982503,
                34.9082642
              ],
              [
                33.1986419,
                34.906427
              ],
              [
                33.1986757,
                34.9063549
              ],
              [
                33.1987069,
                34.906164
              ],
              [
                33.1989088,
                34.9051443
              ],
              [
                33.1990166,
                34.9051042
              ],
              [
                33.1997109,
                34.9048856
              ],
              [
                33.1999114,
                34.9048164
              ],
              [
                33.2003259,
                34.9046878
              ],
              [
                33.2006958,
                34.9045632
              ],
              [
                33.2011996,
                34.9044055
              ],
              [
                33.2015602,
                34.9042859
              ],
              [
                33.2023944,
                34.9040237
              ],
              [
                33.202632,
                34.9039448
              ],
              [
                33.2029587,
                34.9039576
              ],
              [
                33.2036307,
                34.9039943
              ],
              [
                33.2049393,
                34.9040551
              ],
              [
                33.2057073,
                34.9040961
              ],
              [
                33.2072383,
                34.9041654
              ],
              [
                33.2082926,
                34.9042177
              ],
              [
                33.2093621,
                34.9042755
              ],
              [
                33.209798,
                34.9043121
              ],
              [
                33.210198,
                34.9044857
              ],
              [
                33.2111366,
                34.9048834
              ],
              [
                33.2116343,
                34.905125
              ],
              [
                33.2117649,
                34.9051788
              ],
              [
                33.2114735,
                34.9053594
              ],
              [
                33.2115422,
                34.9053799
              ],
              [
                33.2117276,
                34.9054021
              ],
              [
                33.2118116,
                34.9054195
              ],
              [
                33.2119778,
                34.9054637
              ],
              [
                33.2120447,
                34.9054748
              ],
              [
                33.2122013,
                34.9055108
              ],
              [
                33.2138972,
                34.9062712
              ],
              [
                33.2165649,
                34.9054311
              ],
              [
                33.2203404,
                34.9051814
              ],
              [
                33.2225552,
                34.9068613
              ],
              [
                33.2234635,
                34.9076335
              ],
              [
                33.2239186,
                34.9079778
              ],
              [
                33.225079,
                34.9086706
              ],
              [
                33.2252678,
                34.9091314
              ],
              [
                33.2258508,
                34.9091917
              ],
              [
                33.2261743,
                34.9092375
              ],
              [
                33.226325,
                34.9092712
              ],
              [
                33.2265391,
                34.909338
              ],
              [
                33.2268976,
                34.9093891
              ],
              [
                33.2272594,
                34.9094264
              ],
              [
                33.228078,
                34.9094539
              ],
              [
                33.2289298,
                34.9109233
              ],
              [
                33.2290653,
                34.910991
              ],
              [
                33.2293727,
                34.9111064
              ],
              [
                33.2298384,
                34.9113608
              ],
              [
                33.2300467,
                34.911435
              ],
              [
                33.2302252,
                34.9114928
              ],
              [
                33.2309649,
                34.9116141
              ],
              [
                33.2311362,
                34.9116612
              ],
              [
                33.2323707,
                34.9121633
              ],
              [
                33.2327376,
                34.9123074
              ],
              [
                33.2329571,
                34.9123539
              ],
              [
                33.2331647,
                34.9124211
              ],
              [
                33.2334125,
                34.9125357
              ],
              [
                33.233654,
                34.9127379
              ],
              [
                33.2337676,
                34.9127697
              ],
              [
                33.233984,
                34.9127991
              ],
              [
                33.2343394,
                34.9127698
              ],
              [
                33.2349694,
                34.9126992
              ],
              [
                33.2360668,
                34.912533
              ],
              [
                33.2362922,
                34.9125103
              ],
              [
                33.2374558,
                34.9123752
              ],
              [
                33.2380713,
                34.9122879
              ],
              [
                33.2388141,
                34.91201
              ],
              [
                33.2400706,
                34.9115196
              ],
              [
                33.2372115,
                34.9089359
              ],
              [
                33.2353173,
                34.9071602
              ],
              [
                33.2361911,
                34.9068634
              ],
              [
                33.236981,
                34.9065472
              ],
              [
                33.2371995,
                34.906326
              ],
              [
                33.2380469,
                34.9054133
              ],
              [
                33.2373945,
                34.9039027
              ],
              [
                33.2382818,
                34.9039828
              ],
              [
                33.2390143,
                34.9040677
              ],
              [
                33.2418829,
                34.9041911
              ],
              [
                33.2417943,
                34.903441
              ],
              [
                33.2417943,
                34.9033987
              ],
              [
                33.2419615,
                34.9034636
              ],
              [
                33.2420883,
                34.9035076
              ],
              [
                33.2422438,
                34.90354
              ],
              [
                33.2423703,
                34.903542
              ],
              [
                33.2425081,
                34.9035197
              ],
              [
                33.2426776,
                34.9034994
              ],
              [
                33.2427815,
                34.9035031
              ],
              [
                33.2429531,
                34.9035907
              ],
              [
                33.2431179,
                34.9037174
              ],
              [
                33.2432263,
                34.9038216
              ],
              [
                33.2433436,
                34.9039445
              ],
              [
                33.2434316,
                34.9040972
              ],
              [
                33.2434856,
                34.9042908
              ],
              [
                33.2434945,
                34.9044341
              ],
              [
                33.2434583,
                34.9046072
              ],
              [
                33.2434175,
                34.9047132
              ],
              [
                33.24337,
                34.9048007
              ],
              [
                33.2433021,
                34.9048769
              ],
              [
                33.2432072,
                34.9049606
              ],
              [
                33.2431235,
                34.9050629
              ],
              [
                33.2430647,
                34.9051801
              ],
              [
                33.2430329,
                34.9052936
              ],
              [
                33.2430192,
                34.9054648
              ],
              [
                33.2430462,
                34.9056212
              ],
              [
                33.2431048,
                34.9057683
              ],
              [
                33.243414,
                34.9061779
              ],
              [
                33.2434343,
                34.90623
              ],
              [
                33.2433984,
                34.9063259
              ],
              [
                33.243194,
                34.9065327
              ],
              [
                33.2431702,
                34.9065807
              ],
              [
                33.2431793,
                34.9066333
              ],
              [
                33.2434088,
                34.9068061
              ],
              [
                33.2437787,
                34.9069925
              ],
              [
                33.2441614,
                34.9070573
              ],
              [
                33.2444494,
                34.90708
              ],
              [
                33.2451308,
                34.9070783
              ],
              [
                33.2458155,
                34.9070418
              ],
              [
                33.2462714,
                34.9069876
              ],
              [
                33.2463656,
                34.9069876
              ],
              [
                33.2465539,
                34.9071367
              ],
              [
                33.2465971,
                34.9071514
              ],
              [
                33.2466786,
                34.9071619
              ],
              [
                33.2468288,
                34.9071997
              ],
              [
                33.2472946,
                34.9074056
              ],
              [
                33.2474015,
                34.9074601
              ],
              [
                33.2474727,
                34.9074749
              ],
              [
                33.2475619,
                34.9074686
              ],
              [
                33.2477198,
                34.9074331
              ],
              [
                33.2482775,
                34.907232
              ]
            ],
            [
              [
                33.2621015,
                34.9237136
              ],
              [
                33.2619442,
                34.9234126
              ],
              [
                33.2614087,
                34.9233868
              ],
              [
                33.2612152,
                34.9237246
              ],
              [
                33.2612339,
                34.9238244
              ],
              [
                33.2615439,
                34.9240851
              ],
              [
                33.2621015,
                34.9237136
              ]
            ],
            [
              [
                33.2614954,
                34.9199999
              ],
              [
                33.2614321,
                34.9201541
              ],
              [
                33.2615093,
                34.9201908
              ],
              [
                33.2616872,
                34.9202333
              ],
              [
                33.2617058,
                34.9203432
              ],
              [
                33.2619329,
                34.9203086
              ],
              [
                33.2619821,
                34.9202392
              ],
              [
                33.2619845,
                34.9202083
              ],
              [
                33.2616265,
                34.9199305
              ],
              [
                33.2616031,
                34.9199305
              ],
              [
                33.2614954,
                34.9199999
              ]
            ],
            [
              [
                33.2613131,
                34.9195352
              ],
              [
                33.2612803,
                34.9195216
              ],
              [
                33.2610789,
                34.9196816
              ],
              [
                33.2608191,
                34.9196834
              ],
              [
                33.2605124,
                34.9198201
              ],
              [
                33.2604772,
                34.9199551
              ],
              [
                33.2602875,
                34.920115
              ],
              [
                33.2603227,
                34.9198798
              ],
              [
                33.2602127,
                34.9198451
              ],
              [
                33.2600276,
                34.9202383
              ],
              [
                33.2602734,
                34.9201999
              ],
              [
                33.2605636,
                34.9202752
              ],
              [
                33.2606548,
                34.920335
              ],
              [
                33.2607954,
                34.9201827
              ],
              [
                33.2607322,
                34.9201152
              ],
              [
                33.2609125,
                34.9200266
              ],
              [
                33.2609196,
                34.9198936
              ],
              [
                33.2611889,
                34.9196951
              ],
              [
                33.2614885,
                34.9198052
              ],
              [
                33.2614886,
                34.9196856
              ],
              [
                33.2613131,
                34.9195352
              ]
            ],
            [
              [
                33.2738282,
                34.9141739
              ],
              [
                33.2741082,
                34.9143134
              ],
              [
                33.2742333,
                34.9140777
              ],
              [
                33.2738667,
                34.9137755
              ],
              [
                33.2738364,
                34.9137871
              ],
              [
                33.2734881,
                34.9133156
              ],
              [
                33.2735365,
                34.9132193
              ],
              [
                33.2732524,
                34.9130366
              ],
              [
                33.2728753,
                34.9131282
              ],
              [
                33.2728272,
                34.913146
              ],
              [
                33.2727042,
                34.9132373
              ],
              [
                33.2727902,
                34.9133245
              ],
              [
                33.2727625,
                34.9134298
              ],
              [
                33.2724924,
                34.913707
              ],
              [
                33.2725891,
                34.9137784
              ],
              [
                33.2725426,
                34.9139941
              ],
              [
                33.2726554,
                34.9140091
              ],
              [
                33.2729194,
                34.9141553
              ],
              [
                33.2730565,
                34.9139777
              ],
              [
                33.2737376,
                34.9140759
              ],
              [
                33.2738282,
                34.9141739
              ]
            ],
            [
              [
                33.2618267,
                34.9155128
              ],
              [
                33.2620478,
                34.9156431
              ],
              [
                33.2616907,
                34.9158292
              ],
              [
                33.2613884,
                34.9159604
              ],
              [
                33.2613741,
                34.9159898
              ],
              [
                33.2613907,
                34.916127
              ],
              [
                33.2616382,
                34.9161017
              ],
              [
                33.261819,
                34.9162193
              ],
              [
                33.2621902,
                34.916341
              ],
              [
                33.262402,
                34.9162666
              ],
              [
                33.2625232,
                34.9165999
              ],
              [
                33.2625898,
                34.9165902
              ],
              [
                33.2625044,
                34.9162275
              ],
              [
                33.2622572,
                34.9157138
              ],
              [
                33.2621217,
                34.915453
              ],
              [
                33.2620051,
                34.9155137
              ],
              [
                33.2619525,
                34.9154527
              ],
              [
                33.2618267,
                34.9155128
              ]
            ],
            [
              [
                33.2414633,
                34.9237041
              ],
              [
                33.241953,
                34.9237971
              ],
              [
                33.2422123,
                34.9232368
              ],
              [
                33.2418086,
                34.9232224
              ],
              [
                33.2417561,
                34.9223542
              ],
              [
                33.2416813,
                34.9223739
              ],
              [
                33.2414183,
                34.9225338
              ],
              [
                33.2411797,
                34.9225929
              ],
              [
                33.2410598,
                34.9225963
              ],
              [
                33.2409404,
                34.9226277
              ],
              [
                33.2408338,
                34.9226804
              ],
              [
                33.2407562,
                34.922741
              ],
              [
                33.2406367,
                34.9228147
              ],
              [
                33.2405559,
                34.9228938
              ],
              [
                33.2404653,
                34.9230098
              ],
              [
                33.2403715,
                34.9231495
              ],
              [
                33.2402873,
                34.9233025
              ],
              [
                33.2402161,
                34.9234001
              ],
              [
                33.2401901,
                34.9234634
              ],
              [
                33.2401933,
                34.9235003
              ],
              [
                33.2402351,
                34.9235875
              ],
              [
                33.2405879,
                34.9236962
              ],
              [
                33.24084,
                34.9232681
              ],
              [
                33.2410098,
                34.923406
              ],
              [
                33.2414633,
                34.9237041
              ]
            ],
            [
              [
                33.2457954,
                34.93303
              ],
              [
                33.2461414,
                34.9333346
              ],
              [
                33.2462757,
                34.933244
              ],
              [
                33.2463285,
                34.9332169
              ],
              [
                33.2462175,
                34.9331338
              ],
              [
                33.2461314,
                34.9330024
              ],
              [
                33.246148,
                34.9329541
              ],
              [
                33.2460945,
                34.9329438
              ],
              [
                33.2460599,
                34.9329275
              ],
              [
                33.2457954,
                34.93303
              ]
            ],
            [
              [
                33.2316609,
                34.9344127
              ],
              [
                33.2310116,
                34.9345845
              ],
              [
                33.2305427,
                34.9349173
              ],
              [
                33.2303142,
                34.9351012
              ],
              [
                33.2302227,
                34.9347971
              ],
              [
                33.2298005,
                34.9349063
              ],
              [
                33.2298272,
                34.9349332
              ],
              [
                33.2297376,
                34.9350087
              ],
              [
                33.2298542,
                34.9351089
              ],
              [
                33.2301182,
                34.9353109
              ],
              [
                33.2300616,
                34.935497
              ],
              [
                33.2300762,
                34.935728
              ],
              [
                33.2301278,
                34.9359552
              ],
              [
                33.2301848,
                34.9363946
              ],
              [
                33.230211,
                34.9364518
              ],
              [
                33.2314358,
                34.9357347
              ],
              [
                33.2311495,
                34.9351907
              ],
              [
                33.2314665,
                34.93489
              ],
              [
                33.2316726,
                34.9349405
              ],
              [
                33.2316609,
                34.9344127
              ]
            ],
            [
              [
                33.23782,
                34.9345499
              ],
              [
                33.2379267,
                34.9348808
              ],
              [
                33.2381736,
                34.9350166
              ],
              [
                33.2387659,
                34.9343956
              ],
              [
                33.238826,
                34.9343502
              ],
              [
                33.2386003,
                34.9342511
              ],
              [
                33.2380135,
                34.9342177
              ],
              [
                33.2379576,
                34.9342367
              ],
              [
                33.2378606,
                34.9342968
              ],
              [
                33.237765,
                34.9343638
              ],
              [
                33.23782,
                34.9345499
              ]
            ],
            [
              [
                33.2330132,
                34.9366893
              ],
              [
                33.2330696,
                34.9367316
              ],
              [
                33.233444,
                34.9368974
              ],
              [
                33.2335746,
                34.9369499
              ],
              [
                33.2338575,
                34.937003
              ],
              [
                33.2340319,
                34.9371858
              ],
              [
                33.2345838,
                34.9367681
              ],
              [
                33.2346637,
                34.9362365
              ],
              [
                33.2344042,
                34.9360991
              ],
              [
                33.2339034,
                34.9358516
              ],
              [
                33.2336837,
                34.9357333
              ],
              [
                33.2334012,
                34.9358415
              ],
              [
                33.233214,
                34.9353385
              ],
              [
                33.2333703,
                34.9353449
              ],
              [
                33.2337616,
                34.9353379
              ],
              [
                33.2340314,
                34.9351506
              ],
              [
                33.2338036,
                34.9347388
              ],
              [
                33.233684,
                34.9346965
              ],
              [
                33.2326904,
                34.9344675
              ],
              [
                33.2329991,
                34.9354068
              ],
              [
                33.2327415,
                34.9354741
              ],
              [
                33.2326535,
                34.9355046
              ],
              [
                33.2326207,
                34.9355444
              ],
              [
                33.2325425,
                34.935776
              ],
              [
                33.2324782,
                34.9358643
              ],
              [
                33.2323819,
                34.9361287
              ],
              [
                33.2326252,
                34.9363376
              ],
              [
                33.2330132,
                34.9366893
              ]
            ],
            [
              [
                33.2366015,
                34.9414885
              ],
              [
                33.2366036,
                34.9412193
              ],
              [
                33.236621,
                34.9409072
              ],
              [
                33.2361235,
                34.9407733
              ],
              [
                33.2360834,
                34.9407898
              ],
              [
                33.2358684,
                34.9408959
              ],
              [
                33.2350008,
                34.9408492
              ],
              [
                33.2348935,
                34.9412825
              ],
              [
                33.2348851,
                34.9413437
              ],
              [
                33.2355092,
                34.9415341
              ],
              [
                33.2356779,
                34.9415263
              ],
              [
                33.2362342,
                34.9415207
              ],
              [
                33.2364103,
                34.9416326
              ],
              [
                33.2364625,
                34.9416805
              ],
              [
                33.2365641,
                34.9418484
              ],
              [
                33.2366015,
                34.9414885
              ]
            ],
            [
              [
                33.2436542,
                34.94608
              ],
              [
                33.2442351,
                34.9461675
              ],
              [
                33.2451188,
                34.9461531
              ],
              [
                33.2451711,
                34.9460183
              ],
              [
                33.2452308,
                34.9459225
              ],
              [
                33.245256,
                34.9458597
              ],
              [
                33.2452344,
                34.9456712
              ],
              [
                33.2449214,
                34.9456818
              ],
              [
                33.2444334,
                34.9457057
              ],
              [
                33.2441533,
                34.9456587
              ],
              [
                33.2439583,
                34.9459824
              ],
              [
                33.2436562,
                34.9459622
              ],
              [
                33.2436542,
                34.94608
              ]
            ],
            [
              [
                33.2395186,
                34.9465381
              ],
              [
                33.2398032,
                34.9464029
              ],
              [
                33.2395077,
                34.9460127
              ],
              [
                33.2392919,
                34.9457599
              ],
              [
                33.2391746,
                34.9456297
              ],
              [
                33.2380529,
                34.9460911
              ],
              [
                33.2380695,
                34.9461011
              ],
              [
                33.2378824,
                34.9464035
              ],
              [
                33.2384739,
                34.9464602
              ],
              [
                33.239023,
                34.9468006
              ],
              [
                33.2395186,
                34.9465381
              ]
            ],
            [
              [
                33.2394453,
                34.9475909
              ],
              [
                33.2396276,
                34.9477428
              ],
              [
                33.2397535,
                34.947792
              ],
              [
                33.2399619,
                34.947667
              ],
              [
                33.2400703,
                34.9475882
              ],
              [
                33.240161,
                34.9474167
              ],
              [
                33.2401807,
                34.9473336
              ],
              [
                33.2401864,
                34.9472779
              ],
              [
                33.2401848,
                34.9472308
              ],
              [
                33.2401728,
                34.9471727
              ],
              [
                33.2400635,
                34.9469107
              ],
              [
                33.2399234,
                34.9466403
              ],
              [
                33.239849,
                34.9465158
              ],
              [
                33.2395894,
                34.9466755
              ],
              [
                33.2394453,
                34.9475909
              ]
            ],
            [
              [
                33.2378097,
                34.9481015
              ],
              [
                33.23872,
                34.9475717
              ],
              [
                33.2386789,
                34.9472659
              ],
              [
                33.2380756,
                34.9468557
              ],
              [
                33.2374144,
                34.9471509
              ],
              [
                33.2372471,
                34.9475438
              ],
              [
                33.2372714,
                34.947557
              ],
              [
                33.2374102,
                34.9477067
              ],
              [
                33.2375583,
                34.9478533
              ],
              [
                33.2376201,
                34.9479196
              ],
              [
                33.2376869,
                34.9480148
              ],
              [
                33.2378097,
                34.9481015
              ]
            ],
            [
              [
                33.2441486,
                34.9508049
              ],
              [
                33.2442977,
                34.9507178
              ],
              [
                33.2444102,
                34.950778
              ],
              [
                33.2444259,
                34.9503423
              ],
              [
                33.2444731,
                34.950377
              ],
              [
                33.2445385,
                34.9505448
              ],
              [
                33.2446698,
                34.9505695
              ],
              [
                33.2449053,
                34.9500542
              ],
              [
                33.245205,
                34.9494368
              ],
              [
                33.2453861,
                34.9490329
              ],
              [
                33.2449244,
                34.9489829
              ],
              [
                33.2441496,
                34.9487395
              ],
              [
                33.2432596,
                34.9497946
              ],
              [
                33.2433091,
                34.9498178
              ],
              [
                33.2433831,
                34.9499772
              ],
              [
                33.2433862,
                34.9500268
              ],
              [
                33.2433652,
                34.9501308
              ],
              [
                33.2432596,
                34.9502695
              ],
              [
                33.2436066,
                34.9506794
              ],
              [
                33.2437001,
                34.950745
              ],
              [
                33.2438623,
                34.9507682
              ],
              [
                33.2439665,
                34.9507246
              ],
              [
                33.2441486,
                34.9508049
              ]
            ],
            [
              [
                33.2504385,
                34.9524197
              ],
              [
                33.2511574,
                34.9527201
              ],
              [
                33.2513245,
                34.9528444
              ],
              [
                33.2514741,
                34.9529065
              ],
              [
                33.2515738,
                34.9529224
              ],
              [
                33.2517992,
                34.9529383
              ],
              [
                33.2520071,
                34.9529258
              ],
              [
                33.2525343,
                34.9527936
              ],
              [
                33.252417,
                34.9523612
              ],
              [
                33.2512936,
                34.9523077
              ],
              [
                33.2504744,
                34.9520933
              ],
              [
                33.2504385,
                34.9524197
              ]
            ],
            [
              [
                33.2478818,
                34.9529817
              ],
              [
                33.2490957,
                34.9531956
              ],
              [
                33.2492821,
                34.9532216
              ],
              [
                33.2512212,
                34.9535719
              ],
              [
                33.2513248,
                34.9531242
              ],
              [
                33.2509424,
                34.9528903
              ],
              [
                33.2505933,
                34.9527549
              ],
              [
                33.2504152,
                34.9526635
              ],
              [
                33.25025,
                34.9526058
              ],
              [
                33.2501237,
                34.9525431
              ],
              [
                33.2496949,
                34.9523885
              ],
              [
                33.2496041,
                34.9523274
              ],
              [
                33.2480278,
                34.9522211
              ],
              [
                33.2478818,
                34.9529817
              ]
            ],
            [
              [
                33.2364271,
                34.949185
              ],
              [
                33.2364079,
                34.9491902
              ],
              [
                33.2365375,
                34.9495061
              ],
              [
                33.2365344,
                34.9495245
              ],
              [
                33.2362751,
                34.9494225
              ],
              [
                33.2362042,
                34.9496196
              ],
              [
                33.2364995,
                34.9503237
              ],
              [
                33.2369907,
                34.9502223
              ],
              [
                33.2371042,
                34.9501868
              ],
              [
                33.2372415,
                34.9501149
              ],
              [
                33.2372575,
                34.9501149
              ],
              [
                33.2375174,
                34.949983
              ],
              [
                33.2376854,
                34.9499155
              ],
              [
                33.2377627,
                34.9498762
              ],
              [
                33.2378302,
                34.9498573
              ],
              [
                33.2382093,
                34.9499686
              ],
              [
                33.2384258,
                34.9500397
              ],
              [
                33.2387332,
                34.9500345
              ],
              [
                33.2389263,
                34.9517058
              ],
              [
                33.2393152,
                34.951736
              ],
              [
                33.240425,
                34.951841
              ],
              [
                33.241555,
                34.9519425
              ],
              [
                33.2416075,
                34.9519021
              ],
              [
                33.241688,
                34.9514097
              ],
              [
                33.2417147,
                34.951354
              ],
              [
                33.241923,
                34.9511096
              ],
              [
                33.242152,
                34.9509748
              ],
              [
                33.2422753,
                34.9509914
              ],
              [
                33.2424826,
                34.9510907
              ],
              [
                33.242772,
                34.9512636
              ],
              [
                33.2429051,
                34.9514205
              ],
              [
                33.2431556,
                34.9516607
              ],
              [
                33.2433178,
                34.95179
              ],
              [
                33.2435076,
                34.9518721
              ],
              [
                33.243742,
                34.9517823
              ],
              [
                33.2440344,
                34.9519076
              ],
              [
                33.2442543,
                34.9520224
              ],
              [
                33.2442582,
                34.952154
              ],
              [
                33.2442199,
                34.9523358
              ],
              [
                33.2456007,
                34.9525829
              ],
              [
                33.2458478,
                34.951782
              ],
              [
                33.2456101,
                34.9516662
              ],
              [
                33.2453953,
                34.9515069
              ],
              [
                33.2450724,
                34.9513798
              ],
              [
                33.2448291,
                34.9512683
              ],
              [
                33.2443469,
                34.9511379
              ],
              [
                33.2439398,
                34.9511056
              ],
              [
                33.2437581,
                34.9510821
              ],
              [
                33.2436295,
                34.9510433
              ],
              [
                33.2434647,
                34.950983
              ],
              [
                33.243286,
                34.9508249
              ],
              [
                33.243087,
                34.9505909
              ],
              [
                33.2429876,
                34.9505566
              ],
              [
                33.2429254,
                34.9505057
              ],
              [
                33.2428321,
                34.9503696
              ],
              [
                33.2428146,
                34.9501023
              ],
              [
                33.2427726,
                34.950089
              ],
              [
                33.2427134,
                34.9501012
              ],
              [
                33.2423054,
                34.9506104
              ],
              [
                33.2422011,
                34.9505826
              ],
              [
                33.2420526,
                34.9505188
              ],
              [
                33.241815,
                34.9505137
              ],
              [
                33.2414692,
                34.9503818
              ],
              [
                33.2412201,
                34.9502143
              ],
              [
                33.2411162,
                34.950037
              ],
              [
                33.2409806,
                34.9499012
              ],
              [
                33.2408185,
                34.9497751
              ],
              [
                33.2407674,
                34.949752
              ],
              [
                33.2407192,
                34.9497569
              ],
              [
                33.2406152,
                34.949791
              ],
              [
                33.2405131,
                34.9497867
              ],
              [
                33.2404826,
                34.9497717
              ],
              [
                33.2404569,
                34.9497474
              ],
              [
                33.2404476,
                34.9497143
              ],
              [
                33.2404518,
                34.949687
              ],
              [
                33.2404051,
                34.9496683
              ],
              [
                33.2402552,
                34.9495725
              ],
              [
                33.2401853,
                34.9495337
              ],
              [
                33.2401254,
                34.9495194
              ],
              [
                33.2400556,
                34.949536
              ],
              [
                33.2399782,
                34.949569
              ],
              [
                33.2398376,
                34.9496835
              ],
              [
                33.2398161,
                34.9496755
              ],
              [
                33.2398665,
                34.9495971
              ],
              [
                33.2399486,
                34.9495126
              ],
              [
                33.2396374,
                34.9495411
              ],
              [
                33.2396195,
                34.9495307
              ],
              [
                33.2395542,
                34.9494504
              ],
              [
                33.2395299,
                34.9494359
              ],
              [
                33.2391517,
                34.9495127
              ],
              [
                33.2390263,
                34.9495437
              ],
              [
                33.2388586,
                34.9495748
              ],
              [
                33.2387845,
                34.9495724
              ],
              [
                33.2384977,
                34.9495753
              ],
              [
                33.2383192,
                34.9495324
              ],
              [
                33.23804,
                34.9495035
              ],
              [
                33.2376345,
                34.9494874
              ],
              [
                33.2375051,
                34.9492637
              ],
              [
                33.2374154,
                34.9492821
              ],
              [
                33.2373127,
                34.949269
              ],
              [
                33.2370494,
                34.9492111
              ],
              [
                33.2366071,
                34.9492849
              ],
              [
                33.2364271,
                34.949185
              ]
            ],
            [
              [
                33.2408554,
                34.9481115
              ],
              [
                33.2407882,
                34.9482659
              ],
              [
                33.2407622,
                34.9483144
              ],
              [
                33.2407306,
                34.9483441
              ],
              [
                33.2406925,
                34.9483648
              ],
              [
                33.2405864,
                34.9483762
              ],
              [
                33.2405589,
                34.9483851
              ],
              [
                33.2403991,
                34.9485569
              ],
              [
                33.2403492,
                34.9485945
              ],
              [
                33.2401777,
                34.9486965
              ],
              [
                33.2402528,
                34.9487952
              ],
              [
                33.2402831,
                34.9488351
              ],
              [
                33.2403344,
                34.948837
              ],
              [
                33.2403912,
                34.9488715
              ],
              [
                33.2404916,
                34.9489405
              ],
              [
                33.240639,
                34.9490764
              ],
              [
                33.2407051,
                34.9491839
              ],
              [
                33.2407299,
                34.9492366
              ],
              [
                33.2408075,
                34.9494855
              ],
              [
                33.2408454,
                34.9495934
              ],
              [
                33.2408677,
                34.9496298
              ],
              [
                33.2409134,
                34.9496843
              ],
              [
                33.2412508,
                34.9499495
              ],
              [
                33.241307,
                34.9500098
              ],
              [
                33.2413381,
                34.9501019
              ],
              [
                33.2413673,
                34.9501416
              ],
              [
                33.2415049,
                34.9502083
              ],
              [
                33.2418984,
                34.9503447
              ],
              [
                33.2421349,
                34.9504034
              ],
              [
                33.2421795,
                34.9504018
              ],
              [
                33.2424253,
                34.9502239
              ],
              [
                33.2426328,
                34.9499814
              ],
              [
                33.2426853,
                34.9499338
              ],
              [
                33.2422473,
                34.9496215
              ],
              [
                33.2417728,
                34.9488502
              ],
              [
                33.2419817,
                34.9484214
              ],
              [
                33.2409108,
                34.9480298
              ],
              [
                33.2408554,
                34.9481115
              ]
            ],
            [
              [
                33.2359304,
                34.9480917
              ],
              [
                33.2359916,
                34.9481495
              ],
              [
                33.2360785,
                34.9482442
              ],
              [
                33.2360917,
                34.9483467
              ],
              [
                33.2364656,
                34.9486323
              ],
              [
                33.2367793,
                34.9486631
              ],
              [
                33.2373409,
                34.9486597
              ],
              [
                33.2375373,
                34.9488357
              ],
              [
                33.2379473,
                34.9484832
              ],
              [
                33.2378764,
                34.9484267
              ],
              [
                33.2378062,
                34.9483934
              ],
              [
                33.2377193,
                34.948333
              ],
              [
                33.2376952,
                34.9482906
              ],
              [
                33.2375952,
                34.9481848
              ],
              [
                33.2375372,
                34.9481428
              ],
              [
                33.2374094,
                34.9480007
              ],
              [
                33.2372446,
                34.947839
              ],
              [
                33.2370615,
                34.9476833
              ],
              [
                33.2369406,
                34.9476428
              ],
              [
                33.2364784,
                34.9474337
              ],
              [
                33.2359304,
                34.9480917
              ]
            ],
            [
              [
                33.2340237,
                34.9473239
              ],
              [
                33.2341641,
                34.9474598
              ],
              [
                33.2343181,
                34.9475149
              ],
              [
                33.2344944,
                34.9475543
              ],
              [
                33.2345703,
                34.9475513
              ],
              [
                33.2349033,
                34.9477183
              ],
              [
                33.2354454,
                34.9469756
              ],
              [
                33.2352204,
                34.9468051
              ],
              [
                33.2349867,
                34.9466542
              ],
              [
                33.2349351,
                34.9466466
              ],
              [
                33.2348136,
                34.9466542
              ],
              [
                33.2347122,
                34.9466316
              ],
              [
                33.2346238,
                34.9466301
              ],
              [
                33.2344632,
                34.9465289
              ],
              [
                33.2344079,
                34.9465199
              ],
              [
                33.2343332,
                34.9464588
              ],
              [
                33.2340237,
                34.9473239
              ]
            ],
            [
              [
                33.2327454,
                34.9452661
              ],
              [
                33.2321933,
                34.946028
              ],
              [
                33.2322696,
                34.9461898
              ],
              [
                33.2323567,
                34.9463472
              ],
              [
                33.2323636,
                34.9464574
              ],
              [
                33.2325457,
                34.9465457
              ],
              [
                33.2327702,
                34.946485
              ],
              [
                33.2329309,
                34.9464072
              ],
              [
                33.2330893,
                34.946345
              ],
              [
                33.2333022,
                34.9462847
              ],
              [
                33.2333872,
                34.9462323
              ],
              [
                33.233477,
                34.9461875
              ],
              [
                33.2335764,
                34.9461778
              ],
              [
                33.2338062,
                34.9462127
              ],
              [
                33.2339788,
                34.9462092
              ],
              [
                33.2341724,
                34.9461478
              ],
              [
                33.2341674,
                34.9460474
              ],
              [
                33.2341193,
                34.945984
              ],
              [
                33.2341117,
                34.9459417
              ],
              [
                33.2339704,
                34.9457469
              ],
              [
                33.2338873,
                34.9456775
              ],
              [
                33.2338042,
                34.9456171
              ],
              [
                33.2336289,
                34.9455446
              ],
              [
                33.2336214,
                34.9455039
              ],
              [
                33.2335294,
                34.9454632
              ],
              [
                33.2333509,
                34.9453408
              ],
              [
                33.2332387,
                34.945289
              ],
              [
                33.2331783,
                34.9452678
              ],
              [
                33.2331008,
                34.9452843
              ],
              [
                33.2329054,
                34.9452702
              ],
              [
                33.2327454,
                34.9452661
              ]
            ],
            [
              [
                33.2424408,
                34.9448327
              ],
              [
                33.2424191,
                34.9450676
              ],
              [
                33.2424062,
                34.9451371
              ],
              [
                33.2423687,
                34.9453055
              ],
              [
                33.2423599,
                34.9453799
              ],
              [
                33.2423564,
                34.9454978
              ],
              [
                33.2423501,
                34.9455308
              ],
              [
                33.2423308,
                34.9455574
              ],
              [
                33.2422761,
                34.9456175
              ],
              [
                33.2422211,
                34.9456984
              ],
              [
                33.2421979,
                34.9457549
              ],
              [
                33.2421581,
                34.9459315
              ],
              [
                33.2421559,
                34.946
              ],
              [
                33.2421474,
                34.9460303
              ],
              [
                33.2421314,
                34.9460435
              ],
              [
                33.242042,
                34.946087
              ],
              [
                33.2420213,
                34.9461048
              ],
              [
                33.2420131,
                34.9461328
              ],
              [
                33.242014,
                34.9461512
              ],
              [
                33.2421942,
                34.9462129
              ],
              [
                33.2422549,
                34.9460947
              ],
              [
                33.2422953,
                34.9460279
              ],
              [
                33.2424438,
                34.9458761
              ],
              [
                33.2424925,
                34.945836
              ],
              [
                33.2426938,
                34.9457082
              ],
              [
                33.2427012,
                34.9456783
              ],
              [
                33.2427008,
                34.9455855
              ],
              [
                33.2426755,
                34.9453599
              ],
              [
                33.2426877,
                34.9452887
              ],
              [
                33.2427362,
                34.9451249
              ],
              [
                33.2427576,
                34.9449976
              ],
              [
                33.2424408,
                34.9448327
              ]
            ],
            [
              [
                33.236026,
                34.9438368
              ],
              [
                33.2360528,
                34.9441444
              ],
              [
                33.2368256,
                34.9441088
              ],
              [
                33.2369014,
                34.9441612
              ],
              [
                33.2370234,
                34.9442222
              ],
              [
                33.2373173,
                34.9443097
              ],
              [
                33.2374593,
                34.9443422
              ],
              [
                33.2379729,
                34.9444048
              ],
              [
                33.2380805,
                34.944477
              ],
              [
                33.2387644,
                34.9448548
              ],
              [
                33.2389579,
                34.9443672
              ],
              [
                33.2386608,
                34.9440497
              ],
              [
                33.2385979,
                34.9440032
              ],
              [
                33.2383412,
                34.9439843
              ],
              [
                33.2375179,
                34.9438264
              ],
              [
                33.237714,
                34.9430718
              ],
              [
                33.2376405,
                34.9430379
              ],
              [
                33.2375475,
                34.9429525
              ],
              [
                33.2371697,
                34.9430649
              ],
              [
                33.2371569,
                34.9426186
              ],
              [
                33.236919,
                34.9416703
              ],
              [
                33.2366335,
                34.9419603
              ],
              [
                33.235722,
                34.9420213
              ],
              [
                33.2360452,
                34.9423289
              ],
              [
                33.236209,
                34.9426592
              ],
              [
                33.2363688,
                34.9427305
              ],
              [
                33.2363435,
                34.9428219
              ],
              [
                33.2371971,
                34.9434248
              ],
              [
                33.2369341,
                34.943706
              ],
              [
                33.2369182,
                34.9437876
              ],
              [
                33.2360749,
                34.9432817
              ],
              [
                33.236026,
                34.9438368
              ]
            ],
            [
              [
                33.2336061,
                34.9429628
              ],
              [
                33.2334107,
                34.9431662
              ],
              [
                33.2332915,
                34.9433043
              ],
              [
                33.2330318,
                34.9435821
              ],
              [
                33.2335617,
                34.9437368
              ],
              [
                33.2336183,
                34.9436634
              ],
              [
                33.2338082,
                34.9433802
              ],
              [
                33.2339821,
                34.9433927
              ],
              [
                33.2340399,
                34.9433968
              ],
              [
                33.2341253,
                34.9435171
              ],
              [
                33.2341603,
                34.9435561
              ],
              [
                33.2343123,
                34.94349
              ],
              [
                33.2342138,
                34.9431048
              ],
              [
                33.2337344,
                34.9428399
              ],
              [
                33.2336061,
                34.9429628
              ]
            ],
            [
              [
                33.22562,
                34.9418007
              ],
              [
                33.2256263,
                34.941787
              ],
              [
                33.2246745,
                34.9412717
              ],
              [
                33.2245492,
                34.9414208
              ],
              [
                33.2242188,
                34.9418372
              ],
              [
                33.2239071,
                34.9422102
              ],
              [
                33.2238511,
                34.9422558
              ],
              [
                33.2241183,
                34.9423665
              ],
              [
                33.2246287,
                34.9425779
              ],
              [
                33.2256328,
                34.9430021
              ],
              [
                33.2256333,
                34.9428156
              ],
              [
                33.2258563,
                34.9424
              ],
              [
                33.2255125,
                34.9421622
              ],
              [
                33.225751,
                34.9418424
              ],
              [
                33.22562,
                34.9418007
              ]
            ],
            [
              [
                33.2293731,
                34.9406533
              ],
              [
                33.2293001,
                34.9405837
              ],
              [
                33.2291533,
                34.940425
              ],
              [
                33.2290287,
                34.940306
              ],
              [
                33.2289198,
                34.9403815
              ],
              [
                33.2293457,
                34.9409081
              ],
              [
                33.2292278,
                34.9409887
              ],
              [
                33.2294598,
                34.9412612
              ],
              [
                33.229356,
                34.9413275
              ],
              [
                33.229361,
                34.9413325
              ],
              [
                33.2292691,
                34.9413843
              ],
              [
                33.2300569,
                34.9418336
              ],
              [
                33.2301878,
                34.9418105
              ],
              [
                33.2301848,
                34.9417493
              ],
              [
                33.230136,
                34.9416846
              ],
              [
                33.2299075,
                34.941411
              ],
              [
                33.2297998,
                34.9412675
              ],
              [
                33.2296689,
                34.9411159
              ],
              [
                33.2295623,
                34.9409816
              ],
              [
                33.2294707,
                34.9408075
              ],
              [
                33.2293731,
                34.9406533
              ]
            ],
            [
              [
                33.2326588,
                34.939579
              ],
              [
                33.2329418,
                34.9392148
              ],
              [
                33.2320697,
                34.9388173
              ],
              [
                33.2316967,
                34.9388466
              ],
              [
                33.2312784,
                34.9391808
              ],
              [
                33.2314318,
                34.9392161
              ],
              [
                33.2322072,
                34.9396257
              ],
              [
                33.2326588,
                34.939579
              ]
            ],
            [
              [
                33.2394033,
                34.9395801
              ],
              [
                33.239386,
                34.9385012
              ],
              [
                33.2384691,
                34.9385858
              ],
              [
                33.2384338,
                34.9386292
              ],
              [
                33.2383076,
                34.9401126
              ],
              [
                33.2386934,
                34.94008
              ],
              [
                33.2394033,
                34.9395801
              ]
            ],
            [
              [
                33.2302104,
                34.9374635
              ],
              [
                33.2296744,
                34.9376248
              ],
              [
                33.2293276,
                34.9377028
              ],
              [
                33.2292747,
                34.9377309
              ],
              [
                33.2292561,
                34.9377641
              ],
              [
                33.2298624,
                34.9378088
              ],
              [
                33.2302104,
                34.9374635
              ]
            ]
          ]
        ]
      },
      "id": "relation/14999129"
    }
  ]
}
