{
  "type": "FeatureCollection",
  "generator": "overpass-turbo",
  "copyright": "The data included in this document is from www.openstreetmap.org. The data is made available under ODbL.",
  "timestamp": "2026-08-26T21:32:47Z",
  "features": [
    {
      "type": "Feature",
      "properties": {
        "@id": "relation/13093289",
        "boundary": "national_park",
        "leisure": "nature_reserve",
        "name": "Εθνικό Πάρκο Κάβο Γκρέκο",
        "name:en": "National Forest Park \"Cape Greco\"",
        "operator": "Forestry Department of the Cyprus Ministry of the Interior",
        "type": "multipolygon"
      },
      "geometry": {
        "type": "Polygon",
        "coordinates": [
          [
            [
              34.0575195,
              34.9795431
            ],
            [
              34.0573232,
              34.9791254
            ],
            [
              34.0571224,
              34.978682
            ],
            [
              34.0570244,
              34.9784646
            ],
            [
              34.0568486,
              34.9780667
            ],
            [
              34.0567062,
              34.977728
            ],
            [
              34.05658,
              34.9774485
            ],
            [
              34.0564785,
              34.9772238
            ],
            [
              34.0561721,
              34.9766746
            ],
            [
              34.0559654,
              34.976388
            ],
            [
              34.0556913,
              34.9760722
            ],
            [
              34.0560122,
              34.976005
            ],
            [
              34.0563881,
              34.9759981
            ],
            [
              34.0564622,
              34.9759874
            ],
            [
              34.0564607,
              34.9759416
            ],
            [
              34.0564548,
              34.975908
            ],
            [
              34.0564292,
              34.97587
            ],
            [
              34.0563975,
              34.9758283
            ],
            [
              34.056359,
              34.9758133
            ],
            [
              34.0563268,
              34.9757816
            ],
            [
              34.0562664,
              34.9756932
            ],
            [
              34.0562466,
              34.9756652
            ],
            [
              34.0562112,
              34.9756154
            ],
            [
              34.0561715,
              34.9755433
            ],
            [
              34.0561547,
              34.9754867
            ],
            [
              34.0561519,
              34.9754592
            ],
            [
              34.0561604,
              34.9754299
            ],
            [
              34.0561803,
              34.975405
            ],
            [
              34.0561977,
              34.9753851
            ],
            [
              34.0562343,
              34.9753476
            ],
            [
              34.056304,
              34.975292
            ],
            [
              34.0563541,
              34.9752539
            ],
            [
              34.0563905,
              34.975216
            ],
            [
              34.0564062,
              34.975176
            ],
            [
              34.0564041,
              34.9751417
            ],
            [
              34.0563888,
              34.9751061
            ],
            [
              34.0563524,
              34.9750794
            ],
            [
              34.0562997,
              34.9750614
            ],
            [
              34.0562423,
              34.9750565
            ],
            [
              34.0561824,
              34.9750616
            ],
            [
              34.0561324,
              34.9750762
            ],
            [
              34.0560662,
              34.9751028
            ],
            [
              34.0560127,
              34.9751315
            ],
            [
              34.0559894,
              34.9751382
            ],
            [
              34.0559694,
              34.9751729
            ],
            [
              34.0559246,
              34.9752078
            ],
            [
              34.055831,
              34.9752629
            ],
            [
              34.0557036,
              34.9753097
            ],
            [
              34.0556532,
              34.975326
            ],
            [
              34.0556208,
              34.9753271
            ],
            [
              34.0555414,
              34.9752563
            ],
            [
              34.0554552,
              34.9751642
            ],
            [
              34.0554493,
              34.9751433
            ],
            [
              34.0554508,
              34.9751302
            ],
            [
              34.0555164,
              34.9750814
            ],
            [
              34.0556359,
              34.9749957
            ],
            [
              34.0557052,
              34.9749236
            ],
            [
              34.0556799,
              34.9749014
            ],
            [
              34.0556651,
              34.9748742
            ],
            [
              34.0556351,
              34.9747997
            ],
            [
              34.0556014,
              34.9747249
            ],
            [
              34.0555537,
              34.9746614
            ],
            [
              34.0554694,
              34.974576
            ],
            [
              34.0554098,
              34.9745155
            ],
            [
              34.055233,
              34.9745818
            ],
            [
              34.0549057,
              34.9745122
            ],
            [
              34.0546598,
              34.9743195
            ],
            [
              34.0549221,
              34.9741653
            ],
            [
              34.0548153,
              34.9741089
            ],
            [
              34.054205,
              34.9741966
            ],
            [
              34.053899,
              34.9741804
            ],
            [
              34.0534738,
              34.9742813
            ],
            [
              34.0531917,
              34.9743074
            ],
            [
              34.0529572,
              34.9743823
            ],
            [
              34.0531361,
              34.9743823
            ],
            [
              34.0532036,
              34.9744083
            ],
            [
              34.0529612,
              34.9745613
            ],
            [
              34.0526552,
              34.9745809
            ],
            [
              34.0527029,
              34.9746916
            ],
            [
              34.0524886,
              34.9746464
            ],
            [
              34.0526195,
              34.9739264
            ],
            [
              34.052536,
              34.9732491
            ],
            [
              34.0524406,
              34.9723764
            ],
            [
              34.0523651,
              34.9716242
            ],
            [
              34.0522261,
              34.9706733
            ],
            [
              34.0521625,
              34.9699602
            ],
            [
              34.0520751,
              34.969335
            ],
            [
              34.0520173,
              34.9688124
            ],
            [
              34.0523234,
              34.9685955
            ],
            [
              34.0524774,
              34.9684665
            ],
            [
              34.0526324,
              34.9683355
            ],
            [
              34.0527864,
              34.9682065
            ],
            [
              34.0530172,
              34.9681814
            ],
            [
              34.0531808,
              34.9681836
            ],
            [
              34.0532318,
              34.9681748
            ],
            [
              34.0533417,
              34.9680693
            ],
            [
              34.0535375,
              34.9681375
            ],
            [
              34.0535443,
              34.9681682
            ],
            [
              34.0535027,
              34.9682232
            ],
            [
              34.0535268,
              34.9682606
            ],
            [
              34.0537253,
              34.9683551
            ],
            [
              34.0541491,
              34.9684254
            ],
            [
              34.0542939,
              34.9684276
            ],
            [
              34.0544683,
              34.9683968
            ],
            [
              34.0545621,
              34.9683309
            ],
            [
              34.0546131,
              34.9682496
            ],
            [
              34.0545782,
              34.9681419
            ],
            [
              34.0545434,
              34.9680463
            ],
            [
              34.0544106,
              34.9679276
            ],
            [
              34.0544126,
              34.9678733
            ],
            [
              34.0548011,
              34.967642
            ],
            [
              34.0551341,
              34.9675372
            ],
            [
              34.0553432,
              34.9674672
            ],
            [
              34.055419,
              34.9673429
            ],
            [
              34.0559637,
              34.967031
            ],
            [
              34.0567788,
              34.9668285
            ],
            [
              34.0570998,
              34.9664953
            ],
            [
              34.0576831,
              34.9662021
            ],
            [
              34.0580035,
              34.9662967
            ],
            [
              34.0584086,
              34.9660826
            ],
            [
              34.058404,
              34.9657791
            ],
            [
              34.0585294,
              34.9657145
            ],
            [
              34.0589535,
              34.965568
            ],
            [
              34.0593044,
              34.9653225
            ],
            [
              34.0594594,
              34.9651925
            ],
            [
              34.0596134,
              34.9650635
            ],
            [
              34.0597684,
              34.9649335
            ],
            [
              34.0597386,
              34.9648631
            ],
            [
              34.060126,
              34.9646959
            ],
            [
              34.0607587,
              34.9643881
            ],
            [
              34.060491,
              34.9641777
            ],
            [
              34.0608424,
              34.9635105
            ],
            [
              34.0612605,
              34.9628274
            ],
            [
              34.0617464,
              34.9625583
            ],
            [
              34.0620665,
              34.9619562
            ],
            [
              34.0623794,
              34.9616985
            ],
            [
              34.0625344,
              34.9615685
            ],
            [
              34.0629814,
              34.9612925
            ],
            [
              34.0630608,
              34.9614316
            ],
            [
              34.063006,
              34.9615388
            ],
            [
              34.0629395,
              34.9616035
            ],
            [
              34.0629791,
              34.9616323
            ],
            [
              34.0635921,
              34.9612238
            ],
            [
              34.0638044,
              34.9609104
            ],
            [
              34.0641152,
              34.9609415
            ],
            [
              34.0641807,
              34.9611099
            ],
            [
              34.0641925,
              34.9612381
            ],
            [
              34.0642536,
              34.9612023
            ],
            [
              34.0644603,
              34.9606536
            ],
            [
              34.0648745,
              34.9604614
            ],
            [
              34.0649805,
              34.9605522
            ],
            [
              34.0650344,
              34.9605372
            ],
            [
              34.0650938,
              34.9603377
            ],
            [
              34.0652389,
              34.9601826
            ],
            [
              34.0652478,
              34.9600208
            ],
            [
              34.065376,
              34.959898
            ],
            [
              34.0654274,
              34.9597615
            ],
            [
              34.065675,
              34.9595734
            ],
            [
              34.0657992,
              34.9591675
            ],
            [
              34.0661667,
              34.9589468
            ],
            [
              34.0670645,
              34.9588199
            ],
            [
              34.0674321,
              34.9589156
            ],
            [
              34.0678804,
              34.9591031
            ],
            [
              34.0682385,
              34.9598929
            ],
            [
              34.0686862,
              34.9606804
            ],
            [
              34.0690258,
              34.9610947
            ],
            [
              34.0692265,
              34.9613446
            ],
            [
              34.0695082,
              34.961645
            ],
            [
              34.0698516,
              34.9620562
            ],
            [
              34.0701924,
              34.9624005
            ],
            [
              34.0703535,
              34.9625233
            ],
            [
              34.0706634,
              34.9625245
            ],
            [
              34.0708001,
              34.9625438
            ],
            [
              34.0708388,
              34.9625673
            ],
            [
              34.0708307,
              34.9625868
            ],
            [
              34.0708315,
              34.9625995
            ],
            [
              34.0708532,
              34.962598
            ],
            [
              34.0708775,
              34.9626152
            ],
            [
              34.0709042,
              34.9625967
            ],
            [
              34.0709558,
              34.9626387
            ],
            [
              34.0709557,
              34.9626589
            ],
            [
              34.0709708,
              34.9626619
            ],
            [
              34.0710258,
              34.9627342
            ],
            [
              34.0710442,
              34.9627511
            ],
            [
              34.0710488,
              34.962765
            ],
            [
              34.071068,
              34.9627591
            ],
            [
              34.0710779,
              34.9627514
            ],
            [
              34.0710943,
              34.9627606
            ],
            [
              34.071101,
              34.9627716
            ],
            [
              34.0711231,
              34.9627884
            ],
            [
              34.0711385,
              34.962794
            ],
            [
              34.0711434,
              34.9627816
            ],
            [
              34.0711261,
              34.962761
            ],
            [
              34.0710983,
              34.9627275
            ],
            [
              34.0710837,
              34.9627131
            ],
            [
              34.0710823,
              34.9626983
            ],
            [
              34.0710634,
              34.9626784
            ],
            [
              34.0710693,
              34.9626708
            ],
            [
              34.0710465,
              34.96265
            ],
            [
              34.0718005,
              34.9625369
            ],
            [
              34.0720089,
              34.9627203
            ],
            [
              34.0721517,
              34.9628469
            ],
            [
              34.0724372,
              34.9629607
            ],
            [
              34.0727151,
              34.9629449
            ],
            [
              34.072854,
              34.9632612
            ],
            [
              34.0729794,
              34.9633548
            ],
            [
              34.0730016,
              34.9633826
            ],
            [
              34.0730076,
              34.9634166
            ],
            [
              34.0729957,
              34.9634369
            ],
            [
              34.0729897,
              34.9634551
            ],
            [
              34.0729746,
              34.9634563
            ],
            [
              34.0729755,
              34.9634746
            ],
            [
              34.0729687,
              34.9635096
            ],
            [
              34.0729533,
              34.963536
            ],
            [
              34.0729598,
              34.963545
            ],
            [
              34.0729489,
              34.9635763
            ],
            [
              34.0729334,
              34.9636101
            ],
            [
              34.07294,
              34.9636319
            ],
            [
              34.072965,
              34.9636486
            ],
            [
              34.0729899,
              34.9636715
            ],
            [
              34.0730146,
              34.9636996
            ],
            [
              34.0730261,
              34.9637153
            ],
            [
              34.0730261,
              34.9637481
            ],
            [
              34.0730275,
              34.9637696
            ],
            [
              34.073048,
              34.9637612
            ],
            [
              34.073079,
              34.9637132
            ],
            [
              34.0731196,
              34.9636977
            ],
            [
              34.0731167,
              34.9636768
            ],
            [
              34.0731299,
              34.9636725
            ],
            [
              34.0731758,
              34.9637103
            ],
            [
              34.0731905,
              34.9637084
            ],
            [
              34.0731907,
              34.9636641
            ],
            [
              34.0732206,
              34.9636438
            ],
            [
              34.0732978,
              34.9636976
            ],
            [
              34.0735255,
              34.9639633
            ],
            [
              34.0737532,
              34.9641245
            ],
            [
              34.074075,
              34.9641583
            ],
            [
              34.0741427,
              34.9644187
            ],
            [
              34.0748145,
              34.9645894
            ],
            [
              34.0750614,
              34.9646559
            ],
            [
              34.0755438,
              34.9647539
            ],
            [
              34.0756794,
              34.9645306
            ],
            [
              34.0758662,
              34.9645698
            ],
            [
              34.0762073,
              34.9644388
            ],
            [
              34.0764161,
              34.9643796
            ],
            [
              34.076716,
              34.9643744
            ],
            [
              34.0768947,
              34.9641704
            ],
            [
              34.0772448,
              34.9640765
            ],
            [
              34.0776371,
              34.9638431
            ],
            [
              34.0782269,
              34.9632395
            ],
            [
              34.0786204,
              34.9633502
            ],
            [
              34.0787538,
              34.9632378
            ],
            [
              34.0786798,
              34.9630722
            ],
            [
              34.0787708,
              34.9629676
            ],
            [
              34.079101,
              34.9631301
            ],
            [
              34.0792966,
              34.9630272
            ],
            [
              34.0790689,
              34.9628786
            ],
            [
              34.0792944,
              34.9627726
            ],
            [
              34.0794334,
              34.9628879
            ],
            [
              34.0796615,
              34.9627523
            ],
            [
              34.0798365,
              34.9624081
            ],
            [
              34.079994,
              34.9624244
            ],
            [
              34.080223,
              34.9625035
            ],
            [
              34.0803671,
              34.9624888
            ],
            [
              34.0806163,
              34.9625172
            ],
            [
              34.0806555,
              34.962474
            ],
            [
              34.0807343,
              34.9625172
            ],
            [
              34.0808441,
              34.9625789
            ],
            [
              34.0809289,
              34.9627192
            ],
            [
              34.0810275,
              34.9627922
            ],
            [
              34.0812087,
              34.9629359
            ],
            [
              34.081383,
              34.9630659
            ],
            [
              34.0816281,
              34.9632529
            ],
            [
              34.0818471,
              34.9634226
            ],
            [
              34.0820031,
              34.9635472
            ],
            [
              34.0821276,
              34.9636407
            ],
            [
              34.0821874,
              34.9636855
            ],
            [
              34.0823417,
              34.9638039
            ],
            [
              34.0823047,
              34.9638399
            ],
            [
              34.0823058,
              34.963854
            ],
            [
              34.0822728,
              34.963955
            ],
            [
              34.0822168,
              34.9640155
            ],
            [
              34.0822448,
              34.9640653
            ],
            [
              34.0822017,
              34.9641107
            ],
            [
              34.0821443,
              34.9641219
            ],
            [
              34.0821542,
              34.964155
            ],
            [
              34.0820748,
              34.9642611
            ],
            [
              34.0818837,
              34.9644137
            ],
            [
              34.0817095,
              34.9644878
            ],
            [
              34.0816012,
              34.9645131
            ],
            [
              34.0815142,
              34.9645829
            ],
            [
              34.0814209,
              34.9646429
            ],
            [
              34.0812358,
              34.9647809
            ],
            [
              34.0811352,
              34.9649663
            ],
            [
              34.0811231,
              34.9650242
            ],
            [
              34.0809805,
              34.9650836
            ],
            [
              34.0809304,
              34.9651441
            ],
            [
              34.0809477,
              34.965241
            ],
            [
              34.0808819,
              34.9652896
            ],
            [
              34.0809651,
              34.9653466
            ],
            [
              34.0809187,
              34.9654021
            ],
            [
              34.0809513,
              34.9654729
            ],
            [
              34.0809032,
              34.9655399
            ],
            [
              34.0808239,
              34.9655938
            ],
            [
              34.0807852,
              34.965654
            ],
            [
              34.0806495,
              34.9657603
            ],
            [
              34.0805894,
              34.9659261
            ],
            [
              34.0803876,
              34.965916
            ],
            [
              34.0802673,
              34.9659945
            ],
            [
              34.0801716,
              34.9660079
            ],
            [
              34.079895,
              34.9661799
            ],
            [
              34.0798635,
              34.9662347
            ],
            [
              34.0797501,
              34.9663299
            ],
            [
              34.0793518,
              34.9663834
            ],
            [
              34.0793813,
              34.9662477
            ],
            [
              34.079341,
              34.9661889
            ],
            [
              34.0792583,
              34.9662544
            ],
            [
              34.0790341,
              34.9663239
            ],
            [
              34.0788466,
              34.9663527
            ],
            [
              34.0784298,
              34.9663664
            ],
            [
              34.0780907,
              34.9663257
            ],
            [
              34.0779266,
              34.9663575
            ],
            [
              34.0778528,
              34.9664426
            ],
            [
              34.077797,
              34.9666268
            ],
            [
              34.0777544,
              34.9667519
            ],
            [
              34.077782,
              34.9668983
            ],
            [
              34.0778748,
              34.9669989
            ],
            [
              34.0780549,
              34.96699
            ],
            [
              34.0780841,
              34.9670636
            ],
            [
              34.0780846,
              34.9672046
            ],
            [
              34.078022,
              34.9672458
            ],
            [
              34.0778692,
              34.9672443
            ],
            [
              34.0776823,
              34.9672589
            ],
            [
              34.0776522,
              34.9673566
            ],
            [
              34.0775748,
              34.9674229
            ],
            [
              34.0774071,
              34.9675326
            ],
            [
              34.0773549,
              34.9675295
            ],
            [
              34.0771992,
              34.9674022
            ],
            [
              34.0771152,
              34.9674328
            ],
            [
              34.0770708,
              34.9675067
            ],
            [
              34.0770494,
              34.9676562
            ],
            [
              34.0769547,
              34.9678559
            ],
            [
              34.0767605,
              34.9681493
            ],
            [
              34.0766408,
              34.9682074
            ],
            [
              34.076539,
              34.9682535
            ],
            [
              34.0764713,
              34.9682472
            ],
            [
              34.0764191,
              34.9682932
            ],
            [
              34.0763302,
              34.9683201
            ],
            [
              34.0761967,
              34.9684849
            ],
            [
              34.0761074,
              34.9687162
            ],
            [
              34.0761291,
              34.9689079
            ],
            [
              34.0761397,
              34.969076
            ],
            [
              34.0759947,
              34.9691547
            ],
            [
              34.0760111,
              34.9693009
            ],
            [
              34.0760769,
              34.9693452
            ],
            [
              34.0761677,
              34.9693357
            ],
            [
              34.0762225,
              34.9693675
            ],
            [
              34.0762697,
              34.9696541
            ],
            [
              34.076278,
              34.9697752
            ],
            [
              34.0761967,
              34.9698694
            ],
            [
              34.0761677,
              34.9700154
            ],
            [
              34.0762154,
              34.9702095
            ],
            [
              34.0762043,
              34.9702772
            ],
            [
              34.0760827,
              34.9703386
            ],
            [
              34.0759976,
              34.970402
            ],
            [
              34.07597,
              34.9704361
            ],
            [
              34.0758661,
              34.9704708
            ],
            [
              34.0758702,
              34.9705011
            ],
            [
              34.0759454,
              34.9704921
            ],
            [
              34.0760266,
              34.9704828
            ],
            [
              34.0760934,
              34.970574
            ],
            [
              34.0761949,
              34.9705998
            ],
            [
              34.0761997,
              34.9706792
            ],
            [
              34.076242,
              34.9707532
            ],
            [
              34.0762498,
              34.9708418
            ],
            [
              34.0761477,
              34.9709111
            ],
            [
              34.0760438,
              34.9709559
            ],
            [
              34.0760219,
              34.9710064
            ],
            [
              34.0759891,
              34.9710534
            ],
            [
              34.0759791,
              34.9711455
            ],
            [
              34.0760274,
              34.971217
            ],
            [
              34.0759965,
              34.9712787
            ],
            [
              34.0758305,
              34.9713525
            ],
            [
              34.0758766,
              34.9714368
            ],
            [
              34.075837,
              34.9714702
            ],
            [
              34.075661,
              34.9714567
            ],
            [
              34.0756077,
              34.9715419
            ],
            [
              34.0756377,
              34.9715833
            ],
            [
              34.0756181,
              34.97162
            ],
            [
              34.0755617,
              34.9716736
            ],
            [
              34.0755954,
              34.9717245
            ],
            [
              34.0756965,
              34.9717637
            ],
            [
              34.0757321,
              34.9717917
            ],
            [
              34.0757813,
              34.9717749
            ],
            [
              34.075806,
              34.9717518
            ],
            [
              34.0758457,
              34.9717485
            ],
            [
              34.0759338,
              34.9717725
            ],
            [
              34.07597,
              34.971773
            ],
            [
              34.0760006,
              34.9717958
            ],
            [
              34.0759962,
              34.9718354
            ],
            [
              34.0759071,
              34.9718633
            ],
            [
              34.0759119,
              34.9718791
            ],
            [
              34.075951,
              34.9718892
            ],
            [
              34.0759295,
              34.9719318
            ],
            [
              34.0759789,
              34.9719586
            ],
            [
              34.0761593,
              34.9719669
            ],
            [
              34.0761822,
              34.9719848
            ],
            [
              34.0761569,
              34.9720579
            ],
            [
              34.0761876,
              34.9721874
            ],
            [
              34.0762699,
              34.9722834
            ],
            [
              34.0763962,
              34.9723759
            ],
            [
              34.076513,
              34.9723977
            ],
            [
              34.076649,
              34.9725322
            ],
            [
              34.0766081,
              34.9725968
            ],
            [
              34.0766008,
              34.9727232
            ],
            [
              34.076563,
              34.9727704
            ],
            [
              34.0765767,
              34.9728208
            ],
            [
              34.0765567,
              34.9728832
            ],
            [
              34.0764713,
              34.9729771
            ],
            [
              34.0764372,
              34.9730886
            ],
            [
              34.0763698,
              34.9731832
            ],
            [
              34.0764441,
              34.9732006
            ],
            [
              34.0765329,
              34.9733227
            ],
            [
              34.0765521,
              34.9734068
            ],
            [
              34.0765726,
              34.9734885
            ],
            [
              34.0765908,
              34.973505
            ],
            [
              34.0767602,
              34.9734892
            ],
            [
              34.0768347,
              34.9735379
            ],
            [
              34.0768556,
              34.9736129
            ],
            [
              34.0769152,
              34.9736632
            ],
            [
              34.0769089,
              34.9737249
            ],
            [
              34.0770153,
              34.9738324
            ],
            [
              34.0768775,
              34.9739815
            ],
            [
              34.0767611,
              34.9740934
            ],
            [
              34.076718,
              34.9742497
            ],
            [
              34.0765925,
              34.9743453
            ],
            [
              34.0764692,
              34.9743374
            ],
            [
              34.0764228,
              34.9743531
            ],
            [
              34.0763312,
              34.9743531
            ],
            [
              34.0763257,
              34.974374
            ],
            [
              34.0763558,
              34.9744142
            ],
            [
              34.0763995,
              34.9744192
            ],
            [
              34.0764446,
              34.9744741
            ],
            [
              34.0764692,
              34.9744606
            ],
            [
              34.076513,
              34.974464
            ],
            [
              34.0765649,
              34.974445
            ],
            [
              34.0766039,
              34.9744611
            ],
            [
              34.0766348,
              34.9745855
            ],
            [
              34.0767181,
              34.9745895
            ],
            [
              34.0767667,
              34.9745969
            ],
            [
              34.0768391,
              34.9746471
            ],
            [
              34.0768394,
              34.9747155
            ],
            [
              34.0767925,
              34.9747538
            ],
            [
              34.0768247,
              34.9748124
            ],
            [
              34.0768684,
              34.9748811
            ],
            [
              34.076845,
              34.9749312
            ],
            [
              34.0768472,
              34.9749832
            ],
            [
              34.0768247,
              34.9750362
            ],
            [
              34.0767199,
              34.9750934
            ],
            [
              34.0767003,
              34.9752079
            ],
            [
              34.0767071,
              34.975293
            ],
            [
              34.0767249,
              34.9754028
            ],
            [
              34.0767435,
              34.9754586
            ],
            [
              34.0767275,
              34.9754824
            ],
            [
              34.0766333,
              34.9755554
            ],
            [
              34.0768113,
              34.975633
            ],
            [
              34.0767533,
              34.975667
            ],
            [
              34.0767731,
              34.9756838
            ],
            [
              34.0766155,
              34.9757277
            ],
            [
              34.0765894,
              34.9757587
            ],
            [
              34.0764911,
              34.9758095
            ],
            [
              34.0764477,
              34.9758681
            ],
            [
              34.0764556,
              34.976029
            ],
            [
              34.0765554,
              34.9760823
            ],
            [
              34.0766221,
              34.9760936
            ],
            [
              34.0766298,
              34.9761369
            ],
            [
              34.0766002,
              34.9761776
            ],
            [
              34.0764802,
              34.9761612
            ],
            [
              34.0764932,
              34.9762194
            ],
            [
              34.0764359,
              34.9762524
            ],
            [
              34.0763339,
              34.9761735
            ],
            [
              34.0762775,
              34.9760931
            ],
            [
              34.0761216,
              34.9760944
            ],
            [
              34.0759335,
              34.976084
            ],
            [
              34.0758262,
              34.9760329
            ],
            [
              34.0757038,
              34.975942
            ],
            [
              34.0755913,
              34.9757581
            ],
            [
              34.0753549,
              34.9757206
            ],
            [
              34.0751402,
              34.9757124
            ],
            [
              34.0750249,
              34.9757544
            ],
            [
              34.0749652,
              34.9758234
            ],
            [
              34.0747902,
              34.9758429
            ],
            [
              34.0745502,
              34.9758467
            ],
            [
              34.0738888,
              34.9760205
            ],
            [
              34.0734909,
              34.9761196
            ],
            [
              34.0730418,
              34.9762774
            ],
            [
              34.0729489,
              34.9765789
            ],
            [
              34.0728811,
              34.9767918
            ],
            [
              34.0726208,
              34.9771001
            ],
            [
              34.0724409,
              34.977343
            ],
            [
              34.072283,
              34.9774849
            ],
            [
              34.0720232,
              34.9777673
            ],
            [
              34.0716042,
              34.9779232
            ],
            [
              34.0715504,
              34.978299
            ],
            [
              34.0715328,
              34.9786337
            ],
            [
              34.0716397,
              34.97875
            ],
            [
              34.0717381,
              34.9790028
            ],
            [
              34.0714921,
              34.9792473
            ],
            [
              34.0713717,
              34.9793168
            ],
            [
              34.0711734,
              34.9796004
            ],
            [
              34.0712171,
              34.9798985
            ],
            [
              34.070958,
              34.9800955
            ],
            [
              34.0709124,
              34.9802466
            ],
            [
              34.0711081,
              34.9803687
            ],
            [
              34.0711575,
              34.9804768
            ],
            [
              34.0710528,
              34.9805058
            ],
            [
              34.0709715,
              34.9805169
            ],
            [
              34.0709077,
              34.9805914
            ],
            [
              34.0709832,
              34.9806959
            ],
            [
              34.0708923,
              34.980715
            ],
            [
              34.0708459,
              34.9807609
            ],
            [
              34.0708439,
              34.9808845
            ],
            [
              34.0706815,
              34.9810381
            ],
            [
              34.0707103,
              34.981176
            ],
            [
              34.0706274,
              34.9813154
            ],
            [
              34.070644,
              34.9814328
            ],
            [
              34.070318,
              34.9815039
            ],
            [
              34.0701827,
              34.9815324
            ],
            [
              34.0700976,
              34.9816417
            ],
            [
              34.0703683,
              34.9818049
            ],
            [
              34.0704335,
              34.9818993
            ],
            [
              34.0703911,
              34.9821468
            ],
            [
              34.0701672,
              34.9824565
            ],
            [
              34.0701034,
              34.9825954
            ],
            [
              34.0699835,
              34.9826382
            ],
            [
              34.0699257,
              34.9828082
            ],
            [
              34.0697621,
              34.9828563
            ],
            [
              34.0697573,
              34.9829566
            ],
            [
              34.0697148,
              34.9830786
            ],
            [
              34.0696896,
              34.9832433
            ],
            [
              34.0696242,
              34.9833198
            ],
            [
              34.0696094,
              34.9833371
            ],
            [
              34.0696012,
              34.9833638
            ],
            [
              34.0695717,
              34.983416
            ],
            [
              34.0695456,
              34.9834271
            ],
            [
              34.0695272,
              34.9834643
            ],
            [
              34.0694982,
              34.9834726
            ],
            [
              34.0695156,
              34.9835427
            ],
            [
              34.0695281,
              34.9835687
            ],
            [
              34.0696145,
              34.9836703
            ],
            [
              34.0697236,
              34.983861
            ],
            [
              34.0698097,
              34.9839513
            ],
            [
              34.069922,
              34.9840103
            ],
            [
              34.0700513,
              34.9840231
            ],
            [
              34.070067,
              34.9839408
            ],
            [
              34.0701368,
              34.9838751
            ],
            [
              34.0702332,
              34.9838779
            ],
            [
              34.070377,
              34.9838878
            ],
            [
              34.0705265,
              34.9839774
            ],
            [
              34.0706202,
              34.984067
            ],
            [
              34.0706091,
              34.9841949
            ],
            [
              34.0706581,
              34.9843119
            ],
            [
              34.0708723,
              34.9844343
            ],
            [
              34.0713385,
              34.984438
            ],
            [
              34.0714201,
              34.9842918
            ],
            [
              34.0715144,
              34.9843454
            ],
            [
              34.0716389,
              34.9844831
            ],
            [
              34.0718164,
              34.9845795
            ],
            [
              34.072017,
              34.984619
            ],
            [
              34.0724898,
              34.9847977
            ],
            [
              34.07282,
              34.9849402
            ],
            [
              34.0730001,
              34.9855461
            ],
            [
              34.072968,
              34.9857428
            ],
            [
              34.0729413,
              34.9859823
            ],
            [
              34.0730595,
              34.9861175
            ],
            [
              34.0734387,
              34.9860791
            ],
            [
              34.0741415,
              34.9859896
            ],
            [
              34.0743512,
              34.9858105
            ],
            [
              34.0747237,
              34.9857282
            ],
            [
              34.0747237,
              34.9855619
            ],
            [
              34.0747817,
              34.9855528
            ],
            [
              34.0749267,
              34.9856935
            ],
            [
              34.075306,
              34.9856167
            ],
            [
              34.0756294,
              34.9858434
            ],
            [
              34.0760109,
              34.985836
            ],
            [
              34.0763121,
              34.9860609
            ],
            [
              34.0766512,
              34.9862327
            ],
            [
              34.0768475,
              34.9861979
            ],
            [
              34.0773963,
              34.9860082
            ],
            [
              34.0774316,
              34.9860193
            ],
            [
              34.0775046,
              34.986016
            ],
            [
              34.0775331,
              34.9859874
            ],
            [
              34.077581,
              34.9859677
            ],
            [
              34.0776417,
              34.9860256
            ],
            [
              34.0776567,
              34.9860676
            ],
            [
              34.0776734,
              34.9860998
            ],
            [
              34.0777212,
              34.98611
            ],
            [
              34.0777535,
              34.9860799
            ],
            [
              34.0778197,
              34.9860779
            ],
            [
              34.0778602,
              34.9861094
            ],
            [
              34.0778943,
              34.986153
            ],
            [
              34.0778663,
              34.9861862
            ],
            [
              34.0779,
              34.986227
            ],
            [
              34.0779456,
              34.9862001
            ],
            [
              34.0780061,
              34.9861867
            ],
            [
              34.0781395,
              34.9861952
            ],
            [
              34.0781637,
              34.9862187
            ],
            [
              34.0781811,
              34.9862606
            ],
            [
              34.078216,
              34.9862858
            ],
            [
              34.0783352,
              34.9862996
            ],
            [
              34.0783441,
              34.9863233
            ],
            [
              34.0783811,
              34.9863442
            ],
            [
              34.0784376,
              34.9863458
            ],
            [
              34.0784944,
              34.9863604
            ],
            [
              34.0784748,
              34.9863292
            ],
            [
              34.0785022,
              34.9863158
            ],
            [
              34.0784588,
              34.9862745
            ],
            [
              34.0786455,
              34.9862436
            ],
            [
              34.0787591,
              34.9863201
            ],
            [
              34.0787606,
              34.986355
            ],
            [
              34.0786274,
              34.9867395
            ],
            [
              34.0785055,
              34.9870437
            ],
            [
              34.0784223,
              34.9870072
            ],
            [
              34.0779156,
              34.9868781
            ],
            [
              34.0772218,
              34.9867061
            ],
            [
              34.0767196,
              34.9865864
            ],
            [
              34.0766945,
              34.9865453
            ],
            [
              34.0766557,
              34.9865042
            ],
            [
              34.0766192,
              34.9864948
            ],
            [
              34.0765599,
              34.9865247
            ],
            [
              34.07648,
              34.9865154
            ],
            [
              34.0763796,
              34.9864761
            ],
            [
              34.0763955,
              34.9864537
            ],
            [
              34.0763636,
              34.9864387
            ],
            [
              34.0762883,
              34.9864294
            ],
            [
              34.0762152,
              34.9863546
            ],
            [
              34.0761605,
              34.9863172
            ],
            [
              34.0760783,
              34.9862854
            ],
            [
              34.075955,
              34.9862555
            ],
            [
              34.0758706,
              34.9862368
            ],
            [
              34.0758523,
              34.9861937
            ],
            [
              34.0758752,
              34.9861657
            ],
            [
              34.0758889,
              34.9861433
            ],
            [
              34.0758249,
              34.9861507
            ],
            [
              34.0757846,
              34.9861369
            ],
            [
              34.0756011,
              34.9860639
            ],
            [
              34.0749876,
              34.986167
            ],
            [
              34.0746678,
              34.9862143
            ],
            [
              34.0744633,
              34.9862143
            ],
            [
              34.0743741,
              34.9862057
            ],
            [
              34.0743007,
              34.986094
            ],
            [
              34.074091,
              34.9861971
            ],
            [
              34.0739232,
              34.9862572
            ],
            [
              34.0737501,
              34.986283
            ],
            [
              34.073488,
              34.9863131
            ],
            [
              34.0731367,
              34.9863217
            ],
            [
              34.0730056,
              34.9862443
            ],
            [
              34.0728483,
              34.9861283
            ],
            [
              34.0727119,
              34.9860038
            ],
            [
              34.0726402,
              34.9858275
            ],
            [
              34.072628,
              34.9857975
            ],
            [
              34.0725861,
              34.9856859
            ],
            [
              34.0725913,
              34.9855269
            ],
            [
              34.0725756,
              34.9852004
            ],
            [
              34.0725127,
              34.9851617
            ],
            [
              34.0724235,
              34.9851446
            ],
            [
              34.0722872,
              34.9851617
            ],
            [
              34.0722033,
              34.9852176
            ],
            [
              34.0722138,
              34.9853078
            ],
            [
              34.0722453,
              34.9854195
            ],
            [
              34.0722924,
              34.9855527
            ],
            [
              34.0723187,
              34.9856773
            ],
            [
              34.0723029,
              34.9860295
            ],
            [
              34.0722505,
              34.9860381
            ],
            [
              34.0723344,
              34.9861627
            ],
            [
              34.072434,
              34.9861627
            ],
            [
              34.0725074,
              34.9861412
            ],
            [
              34.0725232,
              34.9864376
            ],
            [
              34.072476,
              34.9865622
            ],
            [
              34.0724183,
              34.9866739
            ],
            [
              34.0725284,
              34.9867126
            ],
            [
              34.0717628,
              34.9876663
            ],
            [
              34.0713696,
              34.9875804
            ],
            [
              34.0709449,
              34.9876104
            ],
            [
              34.070646,
              34.9876749
            ],
            [
              34.0705254,
              34.987546
            ],
            [
              34.0703681,
              34.9874171
            ],
            [
              34.0702055,
              34.9873355
            ],
            [
              34.0701374,
              34.987241
            ],
            [
              34.070043,
              34.9871379
            ],
            [
              34.0699014,
              34.9870692
            ],
            [
              34.0696392,
              34.9869961
            ],
            [
              34.0695815,
              34.9869961
            ],
            [
              34.0686062,
              34.9864849
            ],
            [
              34.068837,
              34.9861713
            ],
            [
              34.0694315,
              34.9853723
            ],
            [
              34.0692582,
              34.9853055
            ],
            [
              34.0691208,
              34.9852422
            ],
            [
              34.0691935,
              34.9850543
            ],
            [
              34.068989,
              34.9849512
            ],
            [
              34.0682759,
              34.9848653
            ],
            [
              34.0679928,
              34.9849169
            ],
            [
              34.0673163,
              34.9847278
            ],
            [
              34.0671223,
              34.9847364
            ],
            [
              34.0670175,
              34.9846849
            ],
            [
              34.0672062,
              34.9846376
            ],
            [
              34.0672281,
              34.9839274
            ],
            [
              34.0668583,
              34.9839498
            ],
            [
              34.0667316,
              34.9839545
            ],
            [
              34.0664803,
              34.9839191
            ],
            [
              34.0658921,
              34.9837954
            ],
            [
              34.0642152,
              34.9834535
            ],
            [
              34.0627369,
              34.983154
            ],
            [
              34.061056,
              34.9828186
            ],
            [
              34.0602883,
              34.9828308
            ],
            [
              34.0596254,
              34.9825224
            ],
            [
              34.0589394,
              34.9824199
            ],
            [
              34.0587357,
              34.981842
            ],
            [
              34.0585067,
              34.9813029
            ],
            [
              34.0583671,
              34.980796
            ],
            [
              34.0586438,
              34.9801032
            ],
            [
              34.0590429,
              34.9797185
            ],
            [
              34.0589444,
              34.9794501
            ],
            [
              34.0582251,
              34.9795483
            ],
            [
              34.0575195,
              34.9795431
            ]
          ],
          [
            [
              34.0652961,
              34.9703863
            ],
            [
              34.0655386,
              34.9703179
            ],
            [
              34.0657849,
              34.9701681
            ],
            [
              34.0657849,
              34.9700769
            ],
            [
              34.0665201,
              34.9698229
            ],
            [
              34.0665201,
              34.9697708
            ],
            [
              34.0671599,
              34.9692824
            ],
            [
              34.0673094,
              34.9690654
            ],
            [
              34.0671094,
              34.9687092
            ],
            [
              34.0670208,
              34.9684194
            ],
            [
              34.0670645,
              34.9683934
            ],
            [
              34.066989,
              34.9682566
            ],
            [
              34.0669215,
              34.9682371
            ],
            [
              34.0668976,
              34.9682045
            ],
            [
              34.0669413,
              34.9681426
            ],
            [
              34.0668579,
              34.9678105
            ],
            [
              34.0665797,
              34.9678723
            ],
            [
              34.0665519,
              34.9679049
            ],
            [
              34.0664684,
              34.967957
            ],
            [
              34.0664923,
              34.9679993
            ],
            [
              34.0663532,
              34.9680775
            ],
            [
              34.0653319,
              34.9684487
            ],
            [
              34.0652803,
              34.9686767
            ],
            [
              34.0653041,
              34.9687744
            ],
            [
              34.0652326,
              34.9689665
            ],
            [
              34.0648392,
              34.9690479
            ],
            [
              34.0647597,
              34.9689665
            ],
            [
              34.0646325,
              34.9688363
            ],
            [
              34.0645769,
              34.9687972
            ],
            [
              34.0645093,
              34.9687809
            ],
            [
              34.0645371,
              34.9686083
            ],
            [
              34.0645014,
              34.9685399
            ],
            [
              34.0644656,
              34.9685074
            ],
            [
              34.0641398,
              34.9685399
            ],
            [
              34.0639291,
              34.9685985
            ],
            [
              34.0639053,
              34.9687418
            ],
            [
              34.0631622,
              34.9689111
            ],
            [
              34.0632337,
              34.9691358
            ],
            [
              34.063186,
              34.9691554
            ],
            [
              34.0632735,
              34.9694908
            ],
            [
              34.0637543,
              34.9694973
            ],
            [
              34.0643131,
              34.9693519
            ],
            [
              34.0643543,
              34.9693931
            ],
            [
              34.0643923,
              34.9693781
            ],
            [
              34.0644579,
              34.9694512
            ],
            [
              34.0646126,
              34.9693652
            ],
            [
              34.0648302,
              34.9696983
            ],
            [
              34.0649272,
              34.9697068
            ],
            [
              34.0651291,
              34.9700119
            ],
            [
              34.0652313,
              34.9702418
            ],
            [
              34.0652961,
              34.9703863
            ]
          ],
          [
            [
              34.0639087,
              34.9746238
            ],
            [
              34.0638149,
              34.9746811
            ],
            [
              34.0637811,
              34.9747021
            ],
            [
              34.0637549,
              34.9747279
            ],
            [
              34.0637368,
              34.9747532
            ],
            [
              34.063731,
              34.9747818
            ],
            [
              34.0637345,
              34.9748143
            ],
            [
              34.0637596,
              34.9748678
            ],
            [
              34.0638108,
              34.9749503
            ],
            [
              34.063849,
              34.9750147
            ],
            [
              34.0638706,
              34.9750475
            ],
            [
              34.0639098,
              34.9751055
            ],
            [
              34.0639463,
              34.9751645
            ],
            [
              34.0639661,
              34.9751867
            ],
            [
              34.0639904,
              34.9752051
            ],
            [
              34.064048,
              34.9752475
            ],
            [
              34.0640942,
              34.9752742
            ],
            [
              34.0641769,
              34.9753128
            ],
            [
              34.0642748,
              34.9753564
            ],
            [
              34.0643433,
              34.9753883
            ],
            [
              34.0643849,
              34.9754164
            ],
            [
              34.0643977,
              34.975425
            ],
            [
              34.0644442,
              34.9754758
            ],
            [
              34.0644845,
              34.9755409
            ],
            [
              34.0645283,
              34.9756089
            ],
            [
              34.0645657,
              34.9756578
            ],
            [
              34.0645976,
              34.9756924
            ],
            [
              34.0645969,
              34.9756672
            ],
            [
              34.0646303,
              34.9756378
            ],
            [
              34.0646735,
              34.9756186
            ],
            [
              34.0646985,
              34.9756142
            ],
            [
              34.0647219,
              34.9755977
            ],
            [
              34.0647477,
              34.9754973
            ],
            [
              34.0647219,
              34.9754805
            ],
            [
              34.0647275,
              34.9754698
            ],
            [
              34.0647459,
              34.9754354
            ],
            [
              34.0647475,
              34.9753823
            ],
            [
              34.0647248,
              34.9753374
            ],
            [
              34.0647239,
              34.9753099
            ],
            [
              34.0647375,
              34.9752918
            ],
            [
              34.0647527,
              34.9752765
            ],
            [
              34.0647833,
              34.975266
            ],
            [
              34.0647986,
              34.9752599
            ],
            [
              34.0648282,
              34.975254
            ],
            [
              34.0648585,
              34.9752778
            ],
            [
              34.0649055,
              34.9753032
            ],
            [
              34.0649637,
              34.975328
            ],
            [
              34.0650027,
              34.9753458
            ],
            [
              34.0650287,
              34.9753671
            ],
            [
              34.0650442,
              34.9754046
            ],
            [
              34.065082,
              34.9754766
            ],
            [
              34.0651117,
              34.9755324
            ],
            [
              34.0651445,
              34.9755852
            ],
            [
              34.065168,
              34.9756192
            ],
            [
              34.0652058,
              34.9756765
            ],
            [
              34.0652351,
              34.9757172
            ],
            [
              34.0652675,
              34.975762
            ],
            [
              34.0653057,
              34.9758144
            ],
            [
              34.0653378,
              34.9758503
            ],
            [
              34.0653678,
              34.9758819
            ],
            [
              34.0653863,
              34.9759067
            ],
            [
              34.0654121,
              34.9759413
            ],
            [
              34.0654516,
              34.9760027
            ],
            [
              34.0654922,
              34.9760614
            ],
            [
              34.0655169,
              34.976086
            ],
            [
              34.0655412,
              34.9761075
            ],
            [
              34.0655242,
              34.9761355
            ],
            [
              34.065541,
              34.9761711
            ],
            [
              34.0655719,
              34.9761876
            ],
            [
              34.0655814,
              34.976206
            ],
            [
              34.0655628,
              34.9762194
            ],
            [
              34.065547,
              34.9762376
            ],
            [
              34.065512,
              34.9762565
            ],
            [
              34.0655121,
              34.9762753
            ],
            [
              34.0654771,
              34.9763075
            ],
            [
              34.0654247,
              34.9763029
            ],
            [
              34.0653778,
              34.9762625
            ],
            [
              34.065331,
              34.9762149
            ],
            [
              34.0652317,
              34.9761326
            ],
            [
              34.0651621,
              34.9760824
            ],
            [
              34.0650786,
              34.9760322
            ],
            [
              34.0650305,
              34.9760091
            ],
            [
              34.0649902,
              34.9759954
            ],
            [
              34.0649331,
              34.9759809
            ],
            [
              34.0648858,
              34.9759678
            ],
            [
              34.0648141,
              34.9759773
            ],
            [
              34.0647822,
              34.9759951
            ],
            [
              34.0647721,
              34.9760206
            ],
            [
              34.0647808,
              34.9760462
            ],
            [
              34.0648264,
              34.9760729
            ],
            [
              34.0648583,
              34.9760948
            ],
            [
              34.064872,
              34.9761097
            ],
            [
              34.0648757,
              34.9761233
            ],
            [
              34.064922,
              34.9761482
            ],
            [
              34.0649879,
              34.9761827
            ],
            [
              34.065014,
              34.9761987
            ],
            [
              34.0650365,
              34.9762266
            ],
            [
              34.065056,
              34.9762598
            ],
            [
              34.0650785,
              34.9762776
            ],
            [
              34.0650915,
              34.9763032
            ],
            [
              34.0651147,
              34.9763234
            ],
            [
              34.0651393,
              34.9763518
            ],
            [
              34.0651567,
              34.9763673
            ],
            [
              34.065206,
              34.9764106
            ],
            [
              34.0652683,
              34.9764652
            ],
            [
              34.0653574,
              34.9765323
            ],
            [
              34.0653755,
              34.9765376
            ],
            [
              34.0654175,
              34.9765632
            ],
            [
              34.0654595,
              34.9765958
            ],
            [
              34.0654943,
              34.9766089
            ],
            [
              34.0655247,
              34.9766047
            ],
            [
              34.0655573,
              34.9765946
            ],
            [
              34.0655977,
              34.9765471
            ],
            [
              34.0656283,
              34.9765139
            ],
            [
              34.0656538,
              34.9764835
            ],
            [
              34.0656649,
              34.9764951
            ],
            [
              34.0656838,
              34.9765032
            ],
            [
              34.0657449,
              34.9765007
            ],
            [
              34.0658414,
              34.9764895
            ],
            [
              34.0659517,
              34.9764752
            ],
            [
              34.0660361,
              34.9764659
            ],
            [
              34.0660438,
              34.9764441
            ],
            [
              34.0660521,
              34.9764023
            ],
            [
              34.0660922,
              34.9763677
            ],
            [
              34.0661588,
              34.9763552
            ],
            [
              34.0662498,
              34.9763323
            ],
            [
              34.0663466,
              34.9763075
            ],
            [
              34.0664109,
              34.9762869
            ],
            [
              34.0664506,
              34.9762544
            ],
            [
              34.0665225,
              34.9762513
            ],
            [
              34.0666138,
              34.9762069
            ],
            [
              34.066646,
              34.9761998
            ],
            [
              34.0666798,
              34.9762458
            ],
            [
              34.0667143,
              34.9762769
            ],
            [
              34.0667925,
              34.976288
            ],
            [
              34.0669198,
              34.9762706
            ],
            [
              34.0670666,
              34.9762797
            ],
            [
              34.067236,
              34.9762929
            ],
            [
              34.0672866,
              34.9763661
            ],
            [
              34.0673681,
              34.9763792
            ],
            [
              34.0675404,
              34.9763555
            ],
            [
              34.0676981,
              34.9763345
            ],
            [
              34.0678097,
              34.9763123
            ],
            [
              34.0676891,
              34.976106
            ],
            [
              34.0677566,
              34.9760572
            ],
            [
              34.067856,
              34.9759823
            ],
            [
              34.0679315,
              34.9759139
            ],
            [
              34.0679235,
              34.9758228
            ],
            [
              34.0677991,
              34.9752852
            ],
            [
              34.0677505,
              34.9752801
            ],
            [
              34.0676936,
              34.9752677
            ],
            [
              34.0676632,
              34.9752586
            ],
            [
              34.0676245,
              34.97524
            ],
            [
              34.0675896,
              34.9752103
            ],
            [
              34.0675655,
              34.9751824
            ],
            [
              34.0675263,
              34.9751066
            ],
            [
              34.067499,
              34.9750519
            ],
            [
              34.0674609,
              34.9749926
            ],
            [
              34.0674233,
              34.9749608
            ],
            [
              34.0673738,
              34.9749282
            ],
            [
              34.0673087,
              34.9748914
            ],
            [
              34.0672313,
              34.9748509
            ],
            [
              34.067178,
              34.9748238
            ],
            [
              34.0671121,
              34.9748006
            ],
            [
              34.06703,
              34.974767
            ],
            [
              34.0669892,
              34.9747418
            ],
            [
              34.0669574,
              34.9747222
            ],
            [
              34.0668915,
              34.9746647
            ],
            [
              34.0668158,
              34.9745825
            ],
            [
              34.0667709,
              34.9745094
            ],
            [
              34.0667167,
              34.9744061
            ],
            [
              34.0666743,
              34.9743486
            ],
            [
              34.0666352,
              34.9743195
            ],
            [
              34.0665885,
              34.9743593
            ],
            [
              34.06654,
              34.974387
            ],
            [
              34.0664865,
              34.9744071
            ],
            [
              34.0663853,
              34.9744371
            ],
            [
              34.0663184,
              34.9744532
            ],
            [
              34.0662888,
              34.9744126
            ],
            [
              34.066245,
              34.9743359
            ],
            [
              34.066213,
              34.9742564
            ],
            [
              34.0661941,
              34.9741787
            ],
            [
              34.0661976,
              34.9741438
            ],
            [
              34.0662099,
              34.9741062
            ],
            [
              34.066096,
              34.9740893
            ],
            [
              34.0659974,
              34.9740847
            ],
            [
              34.0659019,
              34.9740709
            ],
            [
              34.0657914,
              34.9740445
            ],
            [
              34.0657002,
              34.974023
            ],
            [
              34.0656436,
              34.9740069
            ],
            [
              34.0656091,
              34.9739971
            ],
            [
              34.0655733,
              34.9739903
            ],
            [
              34.0656113,
              34.9739464
            ],
            [
              34.0656903,
              34.9739042
            ],
            [
              34.0657595,
              34.9738689
            ],
            [
              34.06584,
              34.973829
            ],
            [
              34.0659324,
              34.9737897
            ],
            [
              34.0660362,
              34.9737457
            ],
            [
              34.066104,
              34.9737162
            ],
            [
              34.0661336,
              34.9737151
            ],
            [
              34.0661626,
              34.9737249
            ],
            [
              34.0661816,
              34.9736863
            ],
            [
              34.0661444,
              34.973631
            ],
            [
              34.0660912,
              34.9735676
            ],
            [
              34.0660208,
              34.9734875
            ],
            [
              34.0659449,
              34.973372
            ],
            [
              34.0658698,
              34.9732559
            ],
            [
              34.0658185,
              34.9732194
            ],
            [
              34.0657812,
              34.9731862
            ],
            [
              34.0657467,
              34.9731627
            ],
            [
              34.0656986,
              34.9731968
            ],
            [
              34.065651,
              34.9732227
            ],
            [
              34.0655495,
              34.9732674
            ],
            [
              34.0654945,
              34.9732965
            ],
            [
              34.0654786,
              34.97334
            ],
            [
              34.0654343,
              34.97334
            ],
            [
              34.0654073,
              34.9733919
            ],
            [
              34.0653702,
              34.9733945
            ],
            [
              34.0653421,
              34.9734275
            ],
            [
              34.0653194,
              34.9734384
            ],
            [
              34.0652676,
              34.9734811
            ],
            [
              34.0652442,
              34.9735406
            ],
            [
              34.0652181,
              34.9736194
            ],
            [
              34.0652178,
              34.9736492
            ],
            [
              34.0652401,
              34.9736764
            ],
            [
              34.0652801,
              34.9736971
            ],
            [
              34.0652984,
              34.9737248
            ],
            [
              34.0653072,
              34.9737639
            ],
            [
              34.0653274,
              34.9737956
            ],
            [
              34.0653618,
              34.9737993
            ],
            [
              34.0654113,
              34.9738014
            ],
            [
              34.0654525,
              34.9738042
            ],
            [
              34.065499,
              34.9738275
            ],
            [
              34.0655481,
              34.9738786
            ],
            [
              34.0655625,
              34.9739168
            ],
            [
              34.0655511,
              34.973986
            ],
            [
              34.0655445,
              34.9739849
            ],
            [
              34.0654697,
              34.9739806
            ],
            [
              34.0654246,
              34.9739719
            ],
            [
              34.0653858,
              34.9739589
            ],
            [
              34.065354,
              34.9739447
            ],
            [
              34.0653079,
              34.9739329
            ],
            [
              34.0652498,
              34.9739315
            ],
            [
              34.0651977,
              34.9739403
            ],
            [
              34.065127,
              34.973956
            ],
            [
              34.0650641,
              34.9739742
            ],
            [
              34.0649929,
              34.9739967
            ],
            [
              34.0649372,
              34.9740188
            ],
            [
              34.0649004,
              34.9740295
            ],
            [
              34.0648302,
              34.9740594
            ],
            [
              34.0647293,
              34.9741054
            ],
            [
              34.0646588,
              34.9741402
            ],
            [
              34.0645965,
              34.9741695
            ],
            [
              34.0645023,
              34.9742266
            ],
            [
              34.0644181,
              34.9742865
            ],
            [
              34.0643417,
              34.9743491
            ],
            [
              34.0642737,
              34.9743931
            ],
            [
              34.064202,
              34.9744426
            ],
            [
              34.064102,
              34.9745053
            ],
            [
              34.0640234,
              34.9745493
            ],
            [
              34.0639087,
              34.9746238
            ]
          ],
          [
            [
              34.052821,
              34.9739253
            ],
            [
              34.0527575,
              34.9739514
            ],
            [
              34.0527336,
              34.9739904
            ],
            [
              34.0527296,
              34.9740328
            ],
            [
              34.0527495,
              34.9740914
            ],
            [
              34.0527932,
              34.9741337
            ],
            [
              34.0528687,
              34.974176
            ],
            [
              34.0529442,
              34.9741825
            ],
            [
              34.0530555,
              34.974176
            ],
            [
              34.0534807,
              34.9741467
            ],
            [
              34.0538781,
              34.9741077
            ],
            [
              34.0539297,
              34.9741435
            ],
            [
              34.0543391,
              34.974137
            ],
            [
              34.0550471,
              34.9740063
            ],
            [
              34.0550027,
              34.9734108
            ],
            [
              34.0547921,
              34.973375
            ],
            [
              34.054645,
              34.9733913
            ],
            [
              34.0545974,
              34.9732903
            ],
            [
              34.0544543,
              34.9732057
            ],
            [
              34.0543192,
              34.9730689
            ],
            [
              34.0538145,
              34.9731406
            ],
            [
              34.0538821,
              34.9736029
            ],
            [
              34.0537032,
              34.9736453
            ],
            [
              34.0536834,
              34.9737983
            ],
            [
              34.0532661,
              34.9738472
            ],
            [
              34.0531509,
              34.9738309
            ],
            [
              34.05298,
              34.9738374
            ],
            [
              34.052821,
              34.9739253
            ]
          ],
          [
            [
              34.0562255,
              34.974167
            ],
            [
              34.0562382,
              34.974214
            ],
            [
              34.056275,
              34.9742918
            ],
            [
              34.0563282,
              34.9743701
            ],
            [
              34.0563855,
              34.9744287
            ],
            [
              34.0564486,
              34.974463
            ],
            [
              34.0565038,
              34.9744804
            ],
            [
              34.0565739,
              34.9744931
            ],
            [
              34.0566795,
              34.9745053
            ],
            [
              34.0567595,
              34.974514
            ],
            [
              34.0568098,
              34.974521
            ],
            [
              34.056865,
              34.9745361
            ],
            [
              34.0568983,
              34.9745477
            ],
            [
              34.0569698,
              34.9745813
            ],
            [
              34.0570654,
              34.9746318
            ],
            [
              34.0571462,
              34.9746707
            ],
            [
              34.0572085,
              34.9746957
            ],
            [
              34.0572567,
              34.9747055
            ],
            [
              34.0573197,
              34.9747096
            ],
            [
              34.0573632,
              34.9747073
            ],
            [
              34.057427,
              34.9746977
            ],
            [
              34.0575181,
              34.9746801
            ],
            [
              34.0576002,
              34.9746599
            ],
            [
              34.0576802,
              34.9746374
            ],
            [
              34.0577276,
              34.9746184
            ],
            [
              34.0577855,
              34.9745905
            ],
            [
              34.0578207,
              34.9745617
            ],
            [
              34.0578557,
              34.9745272
            ],
            [
              34.0578844,
              34.9744893
            ],
            [
              34.0578949,
              34.9744438
            ],
            [
              34.057885,
              34.9743955
            ],
            [
              34.057859,
              34.9743294
            ],
            [
              34.0578306,
              34.9742793
            ],
            [
              34.057798,
              34.9742191
            ],
            [
              34.0577763,
              34.9741637
            ],
            [
              34.0577488,
              34.9740597
            ],
            [
              34.0577287,
              34.9739798
            ],
            [
              34.0577038,
              34.9738927
            ],
            [
              34.0576746,
              34.9738088
            ],
            [
              34.0576584,
              34.9737414
            ],
            [
              34.0576584,
              34.9736779
            ],
            [
              34.0576645,
              34.973594
            ],
            [
              34.0576748,
              34.9735437
            ],
            [
              34.0577093,
              34.9735004
            ],
            [
              34.0576913,
              34.9734782
            ],
            [
              34.0581611,
              34.9733104
            ],
            [
              34.0582183,
              34.9732734
            ],
            [
              34.0584552,
              34.9732093
            ],
            [
              34.0585122,
              34.973195
            ],
            [
              34.0585333,
              34.973271
            ],
            [
              34.0585557,
              34.9733534
            ],
            [
              34.058574,
              34.9733995
            ],
            [
              34.0585936,
              34.9734272
            ],
            [
              34.0586554,
              34.9733922
            ],
            [
              34.058693,
              34.973384
            ],
            [
              34.0587642,
              34.9733525
            ],
            [
              34.0588389,
              34.9732951
            ],
            [
              34.0589316,
              34.9732389
            ],
            [
              34.0590061,
              34.973201
            ],
            [
              34.0590763,
              34.9731777
            ],
            [
              34.0591377,
              34.9731704
            ],
            [
              34.0592058,
              34.9731857
            ],
            [
              34.0592608,
              34.9731984
            ],
            [
              34.0593029,
              34.973241
            ],
            [
              34.059309,
              34.9732624
            ],
            [
              34.0592836,
              34.9732878
            ],
            [
              34.0592949,
              34.9733207
            ],
            [
              34.0593325,
              34.9733763
            ],
            [
              34.0593775,
              34.9734249
            ],
            [
              34.0593877,
              34.973452
            ],
            [
              34.0593375,
              34.9734707
            ],
            [
              34.0592148,
              34.9734986
            ],
            [
              34.0591135,
              34.9735222
            ],
            [
              34.0590049,
              34.9735715
            ],
            [
              34.0589154,
              34.9736296
            ],
            [
              34.058842,
              34.9736703
            ],
            [
              34.0587948,
              34.9736948
            ],
            [
              34.0588325,
              34.9737363
            ],
            [
              34.0589064,
              34.9738049
            ],
            [
              34.0589399,
              34.9738354
            ],
            [
              34.0589796,
              34.9738813
            ],
            [
              34.0590364,
              34.9739555
            ],
            [
              34.0590702,
              34.9740099
            ],
            [
              34.0591034,
              34.9740474
            ],
            [
              34.0591599,
              34.9740879
            ],
            [
              34.0592325,
              34.9741144
            ],
            [
              34.0593024,
              34.974121
            ],
            [
              34.0593857,
              34.9741116
            ],
            [
              34.059434,
              34.9741046
            ],
            [
              34.059472,
              34.9741042
            ],
            [
              34.0595145,
              34.9741222
            ],
            [
              34.0595481,
              34.9741516
            ],
            [
              34.0595858,
              34.9742103
            ],
            [
              34.0596226,
              34.97425
            ],
            [
              34.059675,
              34.9742834
            ],
            [
              34.0597247,
              34.9743083
            ],
            [
              34.0597459,
              34.9742842
            ],
            [
              34.0597872,
              34.9742579
            ],
            [
              34.059843,
              34.9742381
            ],
            [
              34.0599265,
              34.9742102
            ],
            [
              34.0599991,
              34.9741894
            ],
            [
              34.0600559,
              34.9741717
            ],
            [
              34.0600919,
              34.9741574
            ],
            [
              34.0601385,
              34.9741343
            ],
            [
              34.0601814,
              34.9740976
            ],
            [
              34.0602121,
              34.9740641
            ],
            [
              34.060264,
              34.9740013
            ],
            [
              34.0603089,
              34.9739379
            ],
            [
              34.0603329,
              34.9738884
            ],
            [
              34.0603422,
              34.9738529
            ],
            [
              34.0603507,
              34.9738047
            ],
            [
              34.0603552,
              34.9737243
            ],
            [
              34.0603234,
              34.9737409
            ],
            [
              34.0602711,
              34.9737307
            ],
            [
              34.0602264,
              34.9737138
            ],
            [
              34.0601692,
              34.973692
            ],
            [
              34.0601236,
              34.9736565
            ],
            [
              34.060094,
              34.9736142
            ],
            [
              34.0600741,
              34.9735644
            ],
            [
              34.0600619,
              34.9735205
            ],
            [
              34.0600689,
              34.9733869
            ],
            [
              34.0600444,
              34.9733675
            ],
            [
              34.0600225,
              34.9733295
            ],
            [
              34.0600176,
              34.9732598
            ],
            [
              34.0600106,
              34.973175
            ],
            [
              34.0600206,
              34.9730779
            ],
            [
              34.0600023,
              34.9730142
            ],
            [
              34.0600114,
              34.9729811
            ],
            [
              34.0600853,
              34.9729465
            ],
            [
              34.0601078,
              34.9729114
            ],
            [
              34.0600835,
              34.9728859
            ],
            [
              34.0600183,
              34.9728852
            ],
            [
              34.0601066,
              34.9727947
            ],
            [
              34.0603225,
              34.9728075
            ],
            [
              34.0604149,
              34.9729273
            ],
            [
              34.0604869,
              34.9729955
            ],
            [
              34.0605497,
              34.9730169
            ],
            [
              34.060647,
              34.9730309
            ],
            [
              34.0607688,
              34.9730376
            ],
            [
              34.0609431,
              34.9730523
            ],
            [
              34.0610175,
              34.9730619
            ],
            [
              34.0610895,
              34.9731056
            ],
            [
              34.0611486,
              34.9731171
            ],
            [
              34.0611883,
              34.9731292
            ],
            [
              34.0612283,
              34.9731379
            ],
            [
              34.061256,
              34.9731662
            ],
            [
              34.0612778,
              34.9731879
            ],
            [
              34.0612949,
              34.9732134
            ],
            [
              34.0613267,
              34.9732455
            ],
            [
              34.0613679,
              34.9732716
            ],
            [
              34.0614339,
              34.9733127
            ],
            [
              34.061492,
              34.9733397
            ],
            [
              34.0615479,
              34.9733539
            ],
            [
              34.061624,
              34.9733633
            ],
            [
              34.061677,
              34.9733673
            ],
            [
              34.0617064,
              34.9733826
            ],
            [
              34.0617291,
              34.973448
            ],
            [
              34.0618085,
              34.9734206
            ],
            [
              34.0619182,
              34.9733721
            ],
            [
              34.0620326,
              34.9733288
            ],
            [
              34.0621166,
              34.9732924
            ],
            [
              34.0621937,
              34.9732561
            ],
            [
              34.0622599,
              34.9732222
            ],
            [
              34.0623408,
              34.9731828
            ],
            [
              34.0624232,
              34.9731458
            ],
            [
              34.0625042,
              34.9731088
            ],
            [
              34.0625968,
              34.9730693
            ],
            [
              34.062666,
              34.9730335
            ],
            [
              34.0627062,
              34.9730059
            ],
            [
              34.062728,
              34.9729837
            ],
            [
              34.0627495,
              34.9729506
            ],
            [
              34.0626767,
              34.9729405
            ],
            [
              34.0626338,
              34.9729244
            ],
            [
              34.0626043,
              34.972907
            ],
            [
              34.0625999,
              34.9728831
            ],
            [
              34.0626219,
              34.9728545
            ],
            [
              34.0626918,
              34.972841
            ],
            [
              34.0627543,
              34.9728061
            ],
            [
              34.0628229,
              34.9727923
            ],
            [
              34.062844,
              34.9727503
            ],
            [
              34.0627753,
              34.97266
            ],
            [
              34.0627145,
              34.9725734
            ],
            [
              34.0626274,
              34.9724679
            ],
            [
              34.062591,
              34.9723978
            ],
            [
              34.0625946,
              34.9723653
            ],
            [
              34.0626819,
              34.9722096
            ],
            [
              34.0627632,
              34.9720882
            ],
            [
              34.0628822,
              34.9719551
            ],
            [
              34.0629991,
              34.9718495
            ],
            [
              34.0630519,
              34.9718189
            ],
            [
              34.0631002,
              34.9717522
            ],
            [
              34.0631402,
              34.9716967
            ],
            [
              34.0631757,
              34.9716369
            ],
            [
              34.0632056,
              34.9715708
            ],
            [
              34.0632548,
              34.97146
            ],
            [
              34.0639163,
              34.9710598
            ],
            [
              34.0640006,
              34.9711585
            ],
            [
              34.0639193,
              34.9712103
            ],
            [
              34.064109,
              34.9714324
            ],
            [
              34.0639313,
              34.9715558
            ],
            [
              34.0639765,
              34.971694
            ],
            [
              34.0640909,
              34.9717187
            ],
            [
              34.0641331,
              34.9717483
            ],
            [
              34.0641391,
              34.9718026
            ],
            [
              34.0641994,
              34.9718051
            ],
            [
              34.0642415,
              34.9718495
            ],
            [
              34.0643138,
              34.9718273
            ],
            [
              34.0643951,
              34.9718914
            ],
            [
              34.0644222,
              34.9718766
            ],
            [
              34.0644824,
              34.9718742
            ],
            [
              34.0645096,
              34.9718939
            ],
            [
              34.0647324,
              34.9718569
            ],
            [
              34.0647143,
              34.9717557
            ],
            [
              34.0647625,
              34.9717557
            ],
            [
              34.0647987,
              34.9715904
            ],
            [
              34.0648288,
              34.9715608
            ],
            [
              34.064895,
              34.9715854
            ],
            [
              34.0650065,
              34.9715336
            ],
            [
              34.0650004,
              34.9714966
            ],
            [
              34.0651417,
              34.971187
            ],
            [
              34.0651721,
              34.9709315
            ],
            [
              34.0651571,
              34.9707908
            ],
            [
              34.0652022,
              34.970734
            ],
            [
              34.0650697,
              34.9705169
            ],
            [
              34.0647174,
              34.9706575
            ],
            [
              34.0646993,
              34.9706328
            ],
            [
              34.0645848,
              34.9705588
            ],
            [
              34.0643168,
              34.970618
            ],
            [
              34.0642295,
              34.9705292
            ],
            [
              34.0640759,
              34.9705514
            ],
            [
              34.0641,
              34.9705983
            ],
            [
              34.0637627,
              34.9706723
            ],
            [
              34.0635609,
              34.9707661
            ],
            [
              34.0635217,
              34.9705588
            ],
            [
              34.063341,
              34.970544
            ],
            [
              34.0631634,
              34.9706057
            ],
            [
              34.063082,
              34.9705613
            ],
            [
              34.0630188,
              34.970586
            ],
            [
              34.062817,
              34.9704872
            ],
            [
              34.0627959,
              34.9703811
            ],
            [
              34.0624707,
              34.9704823
            ],
            [
              34.0623773,
              34.9704255
            ],
            [
              34.06229,
              34.9704379
            ],
            [
              34.0618563,
              34.9708599
            ],
            [
              34.0619226,
              34.9709117
            ],
            [
              34.0617389,
              34.9710573
            ],
            [
              34.061763,
              34.9711067
            ],
            [
              34.0614016,
              34.971309
            ],
            [
              34.0613745,
              34.9712942
            ],
            [
              34.0611546,
              34.9715163
            ],
            [
              34.0611606,
              34.9715978
            ],
            [
              34.0610974,
              34.9716792
            ],
            [
              34.0611667,
              34.9717656
            ],
            [
              34.0611305,
              34.9718174
            ],
            [
              34.0612028,
              34.9719013
            ],
            [
              34.0611034,
              34.9719679
            ],
            [
              34.0611817,
              34.972079
            ],
            [
              34.0605884,
              34.9723282
            ],
            [
              34.0606095,
              34.9723998
            ],
            [
              34.060474,
              34.9724837
            ],
            [
              34.0604318,
              34.9724393
            ],
            [
              34.0600403,
              34.9724689
            ],
            [
              34.0600403,
              34.9724344
            ],
            [
              34.059947,
              34.9724319
            ],
            [
              34.0598446,
              34.9722863
            ],
            [
              34.0595585,
              34.9722863
            ],
            [
              34.0595253,
              34.9721481
            ],
            [
              34.0592814,
              34.9721432
            ],
            [
              34.0592242,
              34.9720593
            ],
            [
              34.0590254,
              34.9719778
            ],
            [
              34.0588296,
              34.9720568
            ],
            [
              34.0587182,
              34.9719285
            ],
            [
              34.0586038,
              34.9719136
            ],
            [
              34.0585586,
              34.9718594
            ],
            [
              34.0580165,
              34.9718322
            ],
            [
              34.057878,
              34.9717187
            ],
            [
              34.0575166,
              34.9717952
            ],
            [
              34.0572052,
              34.9719165
            ],
            [
              34.0571651,
              34.9719924
            ],
            [
              34.0572105,
              34.9720466
            ],
            [
              34.0572882,
              34.9721864
            ],
            [
              34.0573454,
              34.9723084
            ],
            [
              34.0569685,
              34.9725331
            ],
            [
              34.05677,
              34.9727471
            ],
            [
              34.0562987,
              34.9728858
            ],
            [
              34.0563779,
              34.9731278
            ],
            [
              34.0563685,
              34.9733786
            ],
            [
              34.0563181,
              34.9736051
            ],
            [
              34.0560339,
              34.9736603
            ],
            [
              34.0560811,
              34.9737707
            ],
            [
              34.056121,
              34.973881
            ],
            [
              34.0561264,
              34.9738938
            ],
            [
              34.0561451,
              34.9739229
            ],
            [
              34.056178,
              34.9739454
            ],
            [
              34.0562222,
              34.9739681
            ],
            [
              34.0562395,
              34.9739788
            ],
            [
              34.0562436,
              34.9740021
            ],
            [
              34.0562381,
              34.9740321
            ],
            [
              34.0562288,
              34.9740651
            ],
            [
              34.0562226,
              34.9741055
            ],
            [
              34.0562255,
              34.974167
            ]
          ],
          [
            [
              34.0720631,
              34.9641518
            ],
            [
              34.0722099,
              34.9647448
            ],
            [
              34.0710931,
              34.9652046
            ],
            [
              34.0710196,
              34.9661499
            ],
            [
              34.0719163,
              34.966932
            ],
            [
              34.0741238,
              34.9683113
            ],
            [
              34.0746482,
              34.9682554
            ],
            [
              34.0748684,
              34.9679804
            ],
            [
              34.0748107,
              34.9679074
            ],
            [
              34.0752512,
              34.9676453
            ],
            [
              34.0752459,
              34.9676023
            ],
            [
              34.0757388,
              34.9672757
            ],
            [
              34.075807,
              34.9673316
            ],
            [
              34.0764785,
              34.9665963
            ],
            [
              34.0763523,
              34.9664335
            ],
            [
              34.0762107,
              34.9663218
            ],
            [
              34.0760639,
              34.9662788
            ],
            [
              34.0759328,
              34.9662445
            ],
            [
              34.0755238,
              34.9663347
            ],
            [
              34.0753351,
              34.9661671
            ],
            [
              34.0751463,
              34.9662273
            ],
            [
              34.0749785,
              34.9661542
            ],
            [
              34.0749995,
              34.9660554
            ],
            [
              34.0747425,
              34.9661327
            ],
            [
              34.0744961,
              34.9660769
            ],
            [
              34.0743178,
              34.9659695
            ],
            [
              34.0742077,
              34.9659136
            ],
            [
              34.0740399,
              34.9657632
            ],
            [
              34.0739246,
              34.9656042
            ],
            [
              34.0737067,
              34.9654382
            ],
            [
              34.0736362,
              34.9653619
            ],
            [
              34.0735942,
              34.9651015
            ],
            [
              34.0735418,
              34.9649639
            ],
            [
              34.0733792,
              34.9649597
            ],
            [
              34.0733583,
              34.964212
            ],
            [
              34.073187,
              34.964204
            ],
            [
              34.0720631,
              34.9641518
            ]
          ]
        ]
      },
      "id": "relation/13093289"
    }
  ]
}
